Amount,Time,V1,V2,V3,Class
2854.987170515868,97858,0.20823114628346232,0.27929046577963107,0.17121272952783048,0
11.52364359611085,48339,-1.5868299580101224,0.18560263475751496,-0.758702360160199,0
32.33094450517612,148537,-0.5933028911222583,-0.43208771421257447,-0.3397634780062687,0
54.73090534455771,112169,-1.2881821436698335,1.2329800613607254,2.038666868089871,0
273.55412698301586,166402,-0.34909019750383785,-1.158077354733379,-2.088166840895415,0
13.614904940913124,22211,0.5616308041611485,-1.8768636850405302,1.6427902509655137,0
77.74403572332194,107955,-0.3567710635379099,-0.5118801458836034,0.5624592931351317,0
68.31874189978488,100229,0.6807224214026093,1.2947594225120074,0.2596410676055527,0
152.1426558448134,126489,0.28129377640890785,-1.026326637740474,0.295063085036003,0
50.23331498263443,39222,-1.0547781737618227,-0.17486811737731575,-0.30170858569311104,0
759.9202909668186,59223,-0.8822182522626393,0.8616436967116301,-0.7765866734654502,0
109.02934306639439,55082,0.798438364859541,-0.1576997085655182,0.11651133560672784,0
9.028733495295404,20077,-1.3679591385927934,0.8612657565331482,-0.1649883520242905,0
296.5926578170269,150585,0.3145514805933845,0.2654144200782238,0.24555792275299385,0
93.7818965782811,17330,-0.36327744536881734,0.11003835978415769,-1.068001570597639,0
14.351819156684694,146205,-0.6707050057426373,0.411931018679472,0.18909882766716185,0
141.05823215961522,147107,-1.661991701458333,1.0159215079501986,1.36509556635342,0
1095.1335815014156,74199,1.5239165645392512,-1.2044034268627775,-0.2485168812525933,1
99.33403248504183,93184,0.8111786446582593,-1.8965506122537077,0.726018478970816,0
104.99591499311228,77365,-1.0149197201175268,-1.7838404785137765,0.7603111011733954,0
28.07433665238084,33351,-0.30108718353954705,0.3747841154573474,-0.007438189435814672,0
217.5601073293209,72022,2.3874963228742714,0.3447642745766886,-0.30592169165937205,0
185.11389611133538,108644,1.4996091879804756,0.36843123074647316,-0.8286697611598325,0
381.0042801314697,136475,-0.10620961744171466,0.38780349401307274,0.7889531541617681,0
7.374912882654204,74426,1.8498621973867424,0.3913175826692391,-0.7001827615280364,0
384.6816567183544,12957,1.0354668626540744,0.3744680937368652,1.9726185064443666,1
143.71373634171266,152067,-0.41265492080542765,0.1775704175980357,-0.9762576936162992,0
406.623708012066,143839,-0.1973141342837301,-0.12226425767912075,-1.1307128250158494,0
39.50073623158462,14987,0.49939513361718857,-0.8269324682885569,1.3313834167214962,0
65.50926586993653,53768,-0.4819734309243286,-1.2728818356722573,1.7255206443091589,0
133.31777153693935,11628,0.45481529938647897,-0.5100471277399287,-1.149467676163126,0
62.99253952630739,28478,1.1035450675245735,-2.2975206806206363,-0.14602500020969486,0
362.2298223684756,79019,-0.4136020101755253,-1.3256343767893992,0.27664614360109974,0
104.76858538113162,114147,-1.9822048854104144,-1.2673663153989643,-0.6936953858331277,0
59.42802834260034,1511,0.40656428159315966,0.009565138100069667,0.44007356873482967,0
43.6649637355059,16893,-1.6035851583870422,1.6693615091086529,-1.3780467270589285,0
550.3123189688465,94333,-0.35006143902994685,-0.19562642620884138,-1.3006527579075162,0
216.32738263600245,68896,0.9039450466669837,1.7527589562083004,-0.3574199328078734,0
62.18081732982124,8645,-0.4419377388722709,0.6907889454638011,-0.19675830593474172,0
5.195451492749098,81468,-0.8501667309685249,0.6821477867561009,-0.6172929464773871,0
110.32903378379307,107107,-0.6833278195171673,-0.9295680194373188,0.4938794817127977,0
8.74720766154348,16025,1.4757999475823749,0.47264031659511335,-1.6019785408416063,0
7.497170207941027,128432,0.16950648297285942,-2.3336383106818537,0.7343512111029324,0
3.320764655697343,104222,0.7926494697480059,-0.22775290226105924,-0.37810321951085374,0
12.232576072517764,102331,0.5525094639244927,-0.5550494548856734,1.1172796544809944,0
73.3536198542156,161928,-0.984848643997843,-0.073964682421733,0.9434597998286869,0
35.9000541932796,159600,-0.017804440271034408,0.3114137714217635,0.17186842163900815,0
7.351554898637847,71192,0.27905544746081284,-0.9426299813321516,-0.3705226740409449,0
639.0270556279944,67952,-0.875750731227603,-0.33367220474715964,0.7802414539196353,0
1089.5295043768324,119278,-0.2161590237797252,0.7805084258840161,0.44182195762933385,0
3.74505686825223,152395,-0.14979192479023343,-0.47975396830023065,-0.5972457532149473,0
12.10817144332567,3756,0.0680395137416367,-0.24056232804763578,0.40542367239169347,0
127.76052194787513,82910,1.746119881447655,-1.1918369763207484,1.6138512334783872,0
13.200620103375435,106898,1.2562330360079226,0.9521107727990076,0.3546561613005276,0
107.7984272479365,50357,4.147895050333843,0.10579250638183797,0.10744655530235085,0
514.4957875949698,118519,-0.4366326117551472,-0.29422141408132885,1.7479172239701455,0
40.04817403963542,95980,0.7912519296727506,-0.11328558500783865,-1.029631396476012,0
386.6206706672346,57450,1.8360004245777277,-1.7107750156101262,-0.4069309257616575,0
104.52640699942404,90417,0.6444345026955176,-0.9579645367886868,0.1337978704043642,0
51.20130029105441,48241,-1.1242757469379194,-0.8471560629689824,-0.9061110672652066,0
124.59620501385477,135815,0.6681551198104069,1.013827608177736,-2.0465541628564505,0
256.05046167029104,133942,-1.4400980773398424,1.5807583817535018,-0.6850284379571918,0
14.2514414874467,80641,0.7310970973763342,0.21899612691366796,0.11953073438061179,0
70.94228926380491,27946,0.7705030976988632,1.097118031812074,-0.004453047615338925,0
7.631204156150297,15493,1.61673536648319,-0.8354895728761479,-0.4216887186947266,0
140.9386192385694,87231,-0.8279439502969239,-0.6605921530048526,0.8826439866747264,0
43.54275951521218,91467,-1.7469911689980238,-0.6225748697974528,-0.6395972964982146,0
90.45699715224217,2539,0.07064052173765294,-0.5058602621946507,2.036466485806128,0
31.646895573290216,60843,0.9070161857019836,0.6106860146658128,-0.41756667357060934,0
13.399808794871289,171457,0.34068652480868356,0.14508135533939012,-3.005105014201656,0
74.84763847988539,49506,0.3091810769823735,2.845962877906992,0.1535633763153596,0
57.090299110562256,30085,0.31238894145166435,0.16685902986154041,0.31787785550768927,0
34.94504549003744,98737,0.06679714578250423,2.2157099936617275,-1.6734651440894435,0
117.02679896024803,107645,-0.9339135576442459,-0.3110695737233145,-0.5295897847716406,0
75.34441298077769,52763,-0.9358569680546044,-0.2027429742451542,-0.1281223181430048,0
169.95744761671256,77952,-0.33240454921888934,0.5232055852575971,-0.8671139049815929,0
19.656783868778028,84600,0.2245662750072452,-1.658732266766015,-0.21112748172805887,0
13.625071844627186,162310,-0.02314337691571386,0.005689777267389287,-2.3474164930460484,0
100.3572309565157,84383,-1.3023757486451255,0.18510961683534013,1.0196756131939007,0
59.73385501827727,118279,-1.983265590106742,0.0004575562960060949,0.0330532100152261,0
3.9876443460451485,129406,-0.08056739537669873,-1.1395167134575295,0.05181463779651818,0
8.353585632156028,120605,0.4350427349344682,0.662277699089721,-0.7589891784752356,0
36.15199193399562,77237,-0.5543624277631342,-0.3930009277088897,-0.30661274808333977,0
132.55847417945898,69484,0.649137988045609,1.7312668911275084,-1.642871058916434,0
344.48319706349326,116854,-0.029039155857988674,0.19329692544920182,0.8588986367125823,0
110.50560913280067,119451,0.9975558918851996,-0.7225494300830418,-1.0950755999036592,0
268.2867704204787,50054,-0.30000131606415736,0.5189516837227638,-1.2300412007202277,0
113.18848456380665,137693,-1.5201497227444873,1.3497124810314751,1.058761954758733,0
273.1767587497077,107697,2.4022823592377764,-0.7436267907414854,0.5368216286493633,0
207.89140508104606,61971,0.044240631080804435,0.6847048979829047,0.6221999561691243,0
5.636448948366719,97225,1.1763588881620157,-0.8366533438142656,0.9048247002147147,0
6.25957116886512,106287,-0.10862596922721364,0.5392690833419671,-0.24581794122295497,0
15.525086197822084,52545,2.708402837867635,-0.8088576852061758,0.3710646504248783,0
52.544944732949645,134162,0.08336933929744557,0.9091912448680948,-2.211520210128838,0
11.498128336021981,171381,0.8754420543693557,1.7399907948624131,-0.8084791132336273,0
14.470715272241732,50426,0.49059785679575,0.14711371632559597,-1.116260816065064,0
611.2093104022758,137852,0.3759317585366034,0.3478903634742297,-1.1831728007339763,0
313.6859551872988,164451,0.2752345114041167,-1.2691598629879703,0.7680737864881493,0
34.246820403803454,142914,0.0766626833363467,1.9830319414018736,0.7810049777561169,0
686.3049639850869,166268,0.0946454064304064,-0.21894298541143006,0.39283692819393223,0
306.09943171888204,141078,1.035130863583862,0.8894197467338103,-0.5780358563714266,0
99.20822237332786,130115,-0.3552898000160094,0.1381901253848493,1.4680745056221658,0
31.190003133606957,5663,0.008465501353239941,-0.021184768945825654,-0.24884515059607457,0
26.196977183989457,129523,-0.03142641605852509,1.3412747843065227,-0.20393991785847335,0
15.236195293637802,14674,-1.5975575795138863,-0.3839623457741987,-0.27192999349695235,0
11.909765719395958,128345,-1.0345918131583816,-1.3338032174320433,-0.25684979839871497,0
179.51038848615045,141013,0.8640274079795606,-0.6564213126681233,1.372869625265616,0
1100.6334992975999,30632,1.4112675160967503,-0.7872689235673134,-0.2122780210697986,0
55.76589793153339,114369,-0.8595040145240147,-0.484426844169046,0.07643478289745821,0
155.74851612016306,95066,0.4177224107248292,-0.26662854431953575,1.3485357467948802,0
55.676884542788905,110625,0.9916017052086001,0.1820617362883266,-1.1392428407519608,0
5.820036859618125,63177,-1.2233244691156073,-0.9303798263001696,-0.9961043303919114,0
110.93511920644005,34956,0.739862658374476,-1.0527860813093992,0.1591691312579616,0
9.830527853177182,3659,-1.485769405593918,0.3402488239162509,1.6944700344430093,0
14.712553294544417,64398,-0.15833850208588213,-1.1449825869695305,-0.04316677274194495,0
98.49054709636916,69654,-0.9549434797562487,-0.12135487138548025,0.054638272940086656,0
2.453305813909851,156408,-3.1408937914990016,-1.570719971898561,0.12563136084860374,0
19.015137306497675,71819,-0.43996535413558185,0.9847949948230315,-0.7684580028720975,0
2.1597351969866048,103806,-0.7530408892764614,-0.6224517787280152,-0.3064992030833239,0
18.97092125558829,123780,-1.44877732205024,1.249427896042855,-2.50505236790076,0
22.486337560462516,29055,0.832334467408352,0.010903561338618733,-1.5698745899052047,0
884.4545743460274,118469,-0.17596271256984522,-0.22170612723457986,0.09213323208906501,0
36.395418498542206,32007,1.6516418623566171,-1.3830777839733925,-0.5277063845881725,0
235.93823779199766,85406,1.3829359273066784,-1.8896416473265079,0.47782233126969437,0
25.05079196150367,163415,0.5881387496004484,-1.8652691610750727,0.4153949132490202,0
40.55692267328809,33000,0.2075438743563971,-0.12302423833620653,-0.8765858471682813,0
29.76710322809046,54112,-1.4468300677618335,1.328808088407428,0.2193589782247209,0
19.157618857732576,122641,-0.9567058089960343,-0.03382832506066732,0.882046430722944,0
102.0343574064098,120730,-0.4279904484254867,-1.4767235208112475,-0.03512068182468866,0
41.34983833065408,104447,1.8160378663629906,1.352375453564756,-0.7823242936305489,0
116.55191310711501,49956,0.8012135155127206,-0.10056792782055399,0.9756410295868299,0
114.0699090951651,49671,-0.699396771982059,0.7757150982561778,-1.04255945342522,0
81.91525511627103,97294,0.31529543091419027,-0.31674325317355606,-0.188091324652514,0
35.61420565034515,83890,-0.4290137116911507,0.6873952229255776,1.008202242059823,0
85.26295212534282,14003,0.7346678752342279,0.39298510138005305,0.7761296477954189,0
97.15560150510028,168286,1.3748502667595048,1.1514600037129479,-0.7220955082425105,0
85.13007795365316,81443,-0.45156066435789793,0.9303201317715778,0.31802258686039064,0
81.62010703710709,65997,-1.2760455353219458,-0.966163475104204,-0.056452674380513525,0
18.62987582181902,168196,-0.0232439850351388,1.1089885490644378,1.277717103960739,0
28.90886777569179,91703,0.6042296538782145,-0.11328171392275235,-0.715988666250072,0
168.66247845728932,129022,0.9283272869592268,-1.0737676956927353,1.1050294553501627,0
16.606769362758143,58126,-1.823054117598208,-0.8668525175502316,0.5528844545920648,0
67.79508553529584,125401,0.21360044849263002,0.49766328469233595,0.636090233416608,0
11.172256495118885,35319,0.34215406394860565,0.13620616315108566,1.7692048997726482,0
4.559271863484641,18982,-1.1836404451326332,1.0868979723096537,1.7256870215586484,0
106.00383813175944,14852,-1.0539880019536985,0.5173242511540578,0.1961335770340407,0
9.155807674727543,28401,0.11068585627394174,0.23299701838252568,0.02975228583891745,0
27.070598102176476,94328,-0.653521249978164,-0.17305169287512343,-0.6595831173406842,0
221.73431078219642,47287,-0.12594516588326438,0.8755195781318256,-0.06702217214311251,0
10.706066583569234,163061,-1.706085236423949,1.5565578385716172,-1.4906315853666463,0
191.66167906039755,60051,0.35561094952354266,-0.07031595135469358,0.2159728758176746,0
186.03955373738157,11137,0.4117000374469067,0.13751188558525698,0.6650795779109999,0
45.349836922899534,139968,0.026770732755035366,-0.5584129464117754,0.27475242007149814,0
148.11689628425356,141916,-0.10114859958313997,-1.4241898700550504,0.8315558495198834,0
161.7747343702651,112024,0.8318333655074657,0.9882604600188043,-1.2447858634198803,0
10.089724687346193,130768,-0.5160208221958954,-1.5933848487626343,-0.21593432064515186,0
12.577238920876693,12437,-0.8802853087292878,0.5752753591961617,0.6750893689796578,0
878.6769205987756,129692,-0.11339984912217328,0.5403157706865543,0.03685145608957813,0
7.5499976541043825,72934,-1.3294001321582303,-1.8631245076365186,0.4911847163680645,0
19.503253471936723,123761,0.1301369176997051,-1.9454149034043569,1.3460260733291802,0
35.249783073993676,30215,1.232543786207963,-0.5306437977710988,-1.2053598690354268,0
12.449626206909619,126226,1.6489609377517076,-0.14108617241144003,0.15980682348397335,0
17.05750176355748,30172,0.7210564122417512,1.022921152878078,0.4565610024042319,0
110.92965077837749,90480,-1.4149067580901682,0.8382125290267703,-1.3526050674778296,0
44.637809954947606,112364,0.6588637955885769,-1.3333568609301518,0.4146920198044122,0
924.5238533216935,86755,0.26142261190077065,-1.5737434282599452,-0.05704894182376547,0
39.4391676249156,6387,1.317586111267837,-0.1402741952061977,0.9432569240608952,0
10.127023285410399,153519,-1.9235206708868036,-3.308961253077305,0.8739737188401425,0
1.5255110245016625,117805,-0.7503546847495485,1.422904782853038,0.13673636407701711,0
2.8429557654344304,7543,-0.019136481784908635,0.10025602550988753,0.24586822741088682,0
19.62930549729005,150025,0.5272091659284216,-1.5919866212639304,1.3552897736240137,0
126.22208368556478,15740,0.022168774153206828,-0.09662703114634044,-0.4107633799168494,0
1022.1472058319324,143488,-0.858743287059547,-0.33974033453619856,0.04423463074914156,0
153.10747605952537,108407,-0.33075059352824326,0.003000641779868725,0.6491200605577665,0
118.9876577518681,133672,-2.613268539170018,-0.27259746481839503,0.5873147461178647,0
52.91292347137097,31449,-0.7527611073780103,-1.0546587139009365,-0.49284511212700066,0
155.5325304551247,74525,0.1972267308541986,-1.3546808467620908,-0.4268574730832183,0
5.378531539618756,21990,1.2628592342597789,-0.49884789592683537,-0.8632477036898129,0
13.418113553199271,142718,0.13743971571293204,-0.32625404852911355,1.2567986255925772,0
116.58296304563581,149671,-1.9795607674232485,0.4635683099181216,-0.31858594509168375,0
15.23411588589095,127419,1.1988522582482994,0.017433590152707783,0.6969165527664005,0
18.90943772610178,5277,0.4367223348846712,-1.1008398142424223,-0.11115183036866111,0
22.06983189071188,118960,-0.8637670439560963,0.01011404848732933,0.44781144590149596,0
103.96052234098347,31459,-0.7109180858429943,-1.2481090335661782,-0.7336511581596635,0
22.13330166681874,10633,0.6924188435721691,0.984830250608082,-1.8088994023703617,0
135.96544186553433,28833,-1.3136274532660543,-1.3210754337662176,0.3492368445893421,0
110.74192958480856,96102,0.9267266314616388,0.04783826840767946,0.6937750796240085,0
375.99400739863535,65270,-0.5105919584575805,-0.12965436513461234,-0.45382996306421836,0
178.67309372150623,49999,-0.3636812720778923,2.27677283599906,0.7905554837332319,0
99.35548452276171,38733,-0.6499210911969255,0.5168525729189418,0.4533104197065471,0
42.3550789759499,45485,0.533324901667131,1.9610736574971166,-0.21194291371467666,0
25.284851291715206,54895,-0.6712336398205672,0.47706455444871476,0.0515949753461082,0
220.10726092246642,148157,-0.8638851445554366,-0.6221808600611844,-1.742549675252079,0
27.798462488727818,2966,0.030913882374932908,-0.8854352899499166,0.884753454837942,0
19.181641660952042,150740,1.5465381922969033,-0.6282187309573364,1.7915157321734778,0
29.19082439999485,133007,0.10604967555193191,-0.45132914224833287,-1.4392375594198683,0
61.19148752520718,109454,-0.7731141368835966,-0.4608266295117509,0.021010068007642674,0
21.98246120983277,145100,-2.251010255854749,-0.8395428952572,0.34062514557963,0
66.16533083516772,125900,-1.999600580946853,-1.1296285247349507,1.82209915874735,0
248.1932515643845,45039,-0.8184213614743238,1.3436596953081126,-2.565583935465513,0
15.338232195592987,154572,0.7191562134664506,-1.4140084773067152,-1.8803182059287167,0
32.60172564067755,44974,-0.010575624997132866,1.0082577113248188,-0.47845523632657366,0
174.50459612904316,111555,0.4799609008596476,1.2003195956656578,-1.035671611494518,0
131.53180698582162,143416,-0.6549497038036312,-0.409809611558379,-0.7358341453790023,0
26.156079495031292,103726,0.712318400605223,-0.48509098727087707,1.7798333169901106,0
10.77984292681601,143194,-0.7303412341746409,-0.3361248559842585,-0.8754123488329301,0
35.961198889876,49190,-1.3113295622637138,-0.46546588052384424,0.12456845003148746,0
63.37050029598403,53452,0.9091831241939782,0.9829956535096692,-0.5490243596799502,0
2631.634697974767,6609,-0.28217658926175887,-0.4796740935801022,-0.4367628813447263,0
283.77034821086096,114944,-0.6286299340144145,0.3219235182213541,1.2806527136213837,0
2.6150630034729296,143274,-0.4264769599698505,1.4169837734289148,1.5632668250816284,0
42.01505815289151,126515,-1.523730961884024,-0.290640614584365,-0.037493558519502965,0
170.58778909657875,171825,0.03315330446521618,2.3305796793649525,0.9708260224648587,0
88.66549283299562,48754,-0.37153267765993414,0.1576074554000916,1.7306872559356408,0
94.7522524094047,95941,-0.8748623906746194,-0.4869202438359141,-0.2875914480025525,0
48.228656735629215,81855,0.05773450373524046,0.7344323317696001,-1.1789079365936928,0
8.888508347621537,42425,-1.0565102918721034,-1.2992159741800942,1.6567924696576226,0
47.807554843384594,84256,1.297223539994938,1.4647213278744697,-0.83814503365459,0
35.316058551996726,137843,1.3183684546661576,-0.06624448702069276,1.4268191993815533,0
91.2412184561325,63804,-0.3680308568185792,0.991222182843565,1.2114200606001124,0
27.88763868051546,3139,0.6720223259025176,-0.07984923100464299,2.8688267244298995,0
174.14007080501958,148790,0.9202357076984347,-2.1234461142393015,-0.7290258354820955,0
27.93933157001853,90179,-0.5897576298065668,-0.9594030718118052,0.04248905042681685,0
17.20224938406555,96447,-1.0382979918702353,-2.118062000272442,-0.7242790516223536,0
41.22333729828411,48554,0.056284019521290266,1.2530256767303682,0.4403695801561738,0
1.5213607957393516,141902,-0.5244854351299032,1.662167560036735,0.17249181469941655,0
51.959371943440594,107918,-1.1749645691495405,-0.8217651247982719,-0.2635623219028737,0
136.14265619361348,85799,1.1528671143604343,0.8760553811086326,-1.4680689354668692,0
1650.2005099120108,82418,-0.04637802695370333,1.433564011779126,-0.3493461043118204,0
21.549267120008448,122617,0.9002931403814,-0.6728533839117723,-1.0037689500673872,0
128.33588394885396,20270,0.8269884095111322,-0.429614063332257,-0.29020090862943243,0
559.3234695348806,161113,-2.2850778624327512,-1.6868488129917305,0.641698667721165,0
12.318879322766913,161403,-1.3227853432197574,-0.18335068982898223,-1.4700679291482108,0
39.0479837388443,93740,-0.4465296327588276,-1.7412200479445883,-1.9560069323262985,0
71.11403630809497,27268,-1.9098086970283168,0.45456882325180786,-1.899703586022919,0
255.7398799320261,50955,-1.3732883224676549,-1.0250369326898054,-1.9126835404891018,0
201.36145889997937,149929,-1.2695243950847461,-0.7138912734837553,2.061431732112805,0
169.89541128427734,156131,-0.5232105456493122,0.6000400001856319,0.7933223488924634,0
66.29085871312472,113459,0.22942305303286278,0.9784131854871676,0.43578943687276017,0
81.5497353119692,78694,-0.5382409866594253,-1.2542290086353571,1.7167299139158527,0
723.8701869156926,150423,-0.8627657386726013,0.3233157636883343,-0.6032157857784619,0
19.837993681406957,59615,1.3107666677687773,0.7708511612836166,0.014568702789409206,0
39.27122915664126,28155,-0.41315922614488004,-0.24158345614568047,-0.6659498505618408,0
25.316051443984513,153016,-0.9508169846106909,-0.20835245178446007,1.595655729243353,0
4.853295230372808,62245,1.180504575455278,-0.23996072361331117,1.1929028972377786,0
500.84422349241777,124613,-0.531949975672492,-0.44739907101213855,1.7331020358399283,0
6.855072125455976,13805,1.435142235581311,0.07474591808684783,0.7041654999386397,0
8.133605085137557,117574,0.7638631506475352,-2.5651375290418703,-2.2207189000874132,0
259.191786613715,172304,-1.4808999631326862,0.5770806553687464,-0.22067036672817114,0
15.355755321292357,131607,-0.09881051269957185,-1.1838869202611428,-1.8939024279940104,0
196.3744834233665,46875,1.4867315203334983,-0.19175162033270485,-0.23529507002590797,0
19.047204762589455,102035,-1.1535548314688453,-0.2331352362668913,0.6118017735655547,0
84.62445264268003,133880,-1.1278428999403671,-0.5431455054495612,-0.13898970110789996,0
743.5323161827782,29895,-2.1763661532619287,-1.2731458434441687,0.2834816961770713,0
124.93941723969489,118336,-0.8334585902880411,-0.4028671731128123,0.8381473219487264,0
25.44092993958103,154103,1.9701695437072766,-0.458201357470076,-0.5079199281945269,0
12.740853089871054,91450,-0.9681695805288986,0.8106618698334683,0.5660702944455673,0
106.70365538118364,133425,-0.7700506857573334,-0.427977441170423,-1.5234949165536325,0
46.483752888131704,154828,2.239721929999064,0.940251099062597,-2.1634322877947483,0
48.74007531867204,122547,0.4559227989870482,0.9290691139458823,0.42688071930171095,0
37.17285399664462,144455,-0.305558568260862,-0.42548173021994057,0.5620530919314737,0
69.47555127944158,157310,-1.1107362510150005,1.2254159466185899,1.242052721569109,0
13.338468771032959,28604,1.091995023307849,0.7388856389348731,0.08574806044851495,0
11.657418258206137,69939,1.1419564938691233,0.010745699861794574,1.1771408409753312,0
6.296057703063224,16128,1.0673085671082194,-1.2127093146710113,-0.4209215603254479,0
6.332019379679568,26082,-0.0066889308509490795,1.5693405705367107,0.9860042691265524,0
2.438705162776051,42581,-0.28844433332064295,-1.0640558932997781,-0.06330004061733589,0
61.82135505195467,78819,-1.3421651882152448,-0.07290474712413146,0.6486114198567944,0
95.58566294029784,29144,-2.241739612146377,0.44938960758358315,0.32723515305373274,0
1.4385556790559826,66753,0.6416899726358426,-0.10142843464157845,-0.7290452303384575,0
565.7678170106282,146079,-0.8189162257267606,0.1065366071361041,1.4097376945681874,0
209.59896156095405,41530,-0.4552638057354924,-1.8060499389854234,0.4232880047843031,0
3.319947998801343,167461,-0.9390529399215753,-0.560950720601822,-0.22040304338107305,0
696.7562730092003,133655,0.19136844503934222,-0.42298629109484115,0.7793317235882868,0
10.78779270097173,136485,0.6397514541084545,-0.03804505162927726,0.21988286018049044,0
12.580115280436827,146342,-0.406119998499313,0.47382491839181967,1.4010401384134266,0
7.618253965671972,101040,0.5602968664645368,-0.19381454801745004,0.6661045593045926,0
211.8550388182649,16119,-1.7079270284792893,0.6396406607102257,-0.9489115205684449,0
13.909527636018668,151477,-0.8773272090523543,-0.42515160543964076,-0.08960437825036718,0
280.94535268025277,148773,-0.4210672883510079,0.6808223157438279,-0.2523937414670177,0
132.21889532379168,52164,-0.7971655067192326,-0.722612445300926,0.11932184691031929,0
24.664370055650675,54715,-0.2881956063770135,-0.7908029663894467,-1.6108406857407138,0
51.839563933617946,63535,-0.026581416746284434,1.2804806992871387,0.3159065885566477,0
309.4735033743133,38392,0.7218143941474027,-0.593357053466821,-0.9236859706603404,0
4.018312882827525,149115,1.0434398376963747,-0.7724816391255351,-0.9346975445713054,0
94.50379374459818,113466,0.14899589182541867,0.38322511990431446,-0.9742880613741717,0
21.30687586257966,167030,1.196694782794419,-1.2913211530672444,-0.7652014311781236,0
208.28264083099222,107211,0.7019409772190264,2.143242450328105,-0.7810259895035065,0
92.2682446040671,168425,0.6151928223481803,0.15391085982201513,0.5099857590193305,0
225.60923758468144,135724,0.6597418430381006,-0.7421580401095569,-0.6090162398727031,0
55.204475182043495,66606,-0.7375759525600467,0.802543550543892,-0.25894593276858663,0
57.848802490597876,37962,-0.27162838317901883,-0.09962591704622573,-1.009328695659923,0
12.738042789414571,124387,0.0041457421031714705,0.9974889935061618,-0.2907089795470644,0
15.756523387104446,120550,0.18532165889781335,1.6392097596521156,-0.24733748058541988,0
29.749339523949846,135830,-1.3117540604959852,0.6763937412801024,0.6790438019444869,0
53.285557253882736,62233,0.013081252905445446,-1.4329853843094489,0.4136803922695426,0
28.109737901342257,45952,-0.6590642017393049,2.687407347506168,-1.2181092939568403,0
5.480643849019953,132706,0.40633550140258595,0.33031326999296445,-0.6557278672839573,0
551.7885596870649,41604,0.17104592992903947,-0.8442546847432236,0.8388112989191512,0
484.63727226330246,55450,-0.15222982048862027,-0.759217377982968,0.3919431771743165,0
325.9979269990106,16257,1.164070626326694,-1.739920761046566,-0.4536199791940157,0
33.648895815106556,167956,-0.9595721873504685,0.15551694593384535,1.2967371072864164,0
111.02086758468559,111302,-1.9158074965816587,1.038439028451276,-0.42901770147743834,0
114.10786429542918,11399,-0.1121019627410117,0.2739139598091404,-0.8302158900938073,0
80.34465641260778,167659,1.638629559190881,0.4058337516422198,0.7893577154448298,0
157.67698464665966,66573,0.22126227434750842,-1.4550999213813107,-1.655342696021212,0
52.00180586943902,22474,0.8118841626111446,-0.6037584771341766,0.058429082649362446,0
102.77841904409017,112616,0.8167713629582687,-0.5667689051093312,0.009716600133592646,0
49.03812765181056,168449,-1.3683564570296538,1.112546162822202,1.707771036837498,0
174.63056448049073,159331,1.2659979063757936,-1.12552619166266,0.11019795263187442,0
13.999339654142744,132762,0.6771135836528804,0.30260713827823904,-0.47726127061737744,0
6.235462127622916,68737,1.195827771584274,0.30491086602116857,0.5127488536779332,0
662.4727465373816,13339,0.638098604173474,1.0620620177249391,0.15682992230409384,0
400.31393666207043,82071,-0.6132096043524977,-0.7294303621108859,0.33253635583558605,0
410.80969137026324,144010,-0.42810614827327015,2.208500923223844,-0.8774434862925821,0
100.84628305022026,58676,0.48866336582097025,0.18635619411147497,0.2026165591206973,0
16.347539192450515,34341,2.2136112036208226,-0.8013515656420953,0.28581241039735106,0
99.09663995778666,51588,-0.45813053441820684,-1.2481942215106803,1.1740544575924197,0
2.5238569609381534,8802,-0.5180586561766727,-0.15135869142941658,-0.5424784562261746,0
46.55846640949748,23039,0.4233170663071546,1.1645782346869433,1.5931256344384888,0
17.13609113859392,56369,0.7228897535673191,0.5908913960856502,-0.49794486687649475,0
26.505467788753045,103434,0.7788258944398807,0.211280802596608,-0.3736728591839876,0
7.528399481291388,100649,1.5133168996562056,1.5732520801133694,-1.4381509554476202,0
2340.625213768722,23265,-0.2277742356202327,-0.3421355530877376,1.5530595207180262,0
415.3829236321371,28333,-0.7839959297340083,0.9891086165314076,1.204617447898201,0
5.793216680431871,6575,0.47448867151532054,0.9100786759657867,-0.4632750950788065,0
37.91732765531686,81434,0.3834531796349783,-0.49705132565750576,0.2892572070184138,0
19.691108533796555,58132,0.5805102128549693,-0.897496504646728,-1.8359680655687323,0
18.406583035541253,140332,-2.211513509257759,-0.5947511037595056,0.6365620630576959,0
118.7466419960803,132046,-0.543821282301384,-0.48873398824767733,-2.2177141806355958,0
130.24922881637508,29433,-0.6312703844998239,1.2688186256559446,0.35363328688281903,0
138.1485350189295,161431,1.6009036925001596,-0.5902654217107711,1.0441105499356425,0
17.677867348647755,131765,0.706689907122386,-0.3346748419809598,0.0749723832278109,0
26.115936491907696,26571,0.30741986082470407,1.0131231778665095,-0.37719986931154886,0
377.15280881827937,133737,1.0620687411023046,-0.17649114171863273,0.3198561241336355,0
39.16153846849509,3974,-0.4939722097333855,-1.2193159643924003,1.0707505940278657,0
2.8200887135878245,28394,-0.3920588210648299,-0.25796400497637,1.659606756954139,0
109.54953892068924,116871,-1.1021454723067114,-0.6866582868693467,-0.2954887646112073,0
80.35073873435951,45162,2.3013244093678478,0.5889928741460834,1.8861800903274393,0
81.5947936641795,39137,-0.4772638556031463,-0.09866478349126587,0.09264478758141331,0
11.612133864683829,2590,-0.14470952760797803,0.17198430429276562,-0.8004118273903575,0
25.07930499288113,72168,0.2591994033677289,-1.0884276101159431,0.24506568154080224,0
50.66218472081622,130229,-2.5788170187606396,0.2197785937200227,-1.0510382076402565,0
165.6564519153613,46335,1.1125984305558294,0.4100395447071689,0.2231979565377561,0
5.499082697771272,154558,0.28485795273659376,-0.05585591852787553,-1.4047112995405535,0
65.62819949889366,57995,-0.3871829586041472,-0.712576995488035,-0.10068455627168088,0
56.20871727618921,97192,0.9695042333974171,-1.7824629131705068,-0.029392276151253616,0
101.71519410443997,77474,-0.6184285524331321,0.47101465405668425,-1.0598454226662264,0
316.3190793952879,85968,1.2584066175927568,-0.39696390466801823,0.3801768565137899,0
39.59783851963418,117618,1.255833568237457,-0.6398106666146315,-0.49454584446509287,0
95.48529721019639,50929,0.41329367790081367,-0.4148402730015086,-0.8869139575016528,0
481.3054776525359,61922,-1.332164587396085,-1.3390755014039706,-1.2437185961660913,0
227.1557163184081,45038,0.24817955462068808,-0.4276494886352831,1.0931907435021375,0
75.17321186977172,49294,0.0969751850684755,-0.12771547409628603,2.3675801832631507,0
44.871332184126324,120454,-0.9766684658660432,-0.882019231891619,-0.2823216477245265,0
379.59994971877126,156772,1.5230437319913035,0.11214297600557366,0.9401114148833613,0
32.11975818776851,87193,0.7039595526970841,0.2015740207500662,-0.7979364647080364,0
10.527043542648688,26855,-1.6848939521460302,-1.208501672789731,0.25741434249552575,0
58.371528680179104,2477,-1.3255925843529681,0.2718327843482292,-0.2421664829266847,0
8.34289128691628,415,0.6112868107395165,-0.9547768125071487,0.29220296185550737,0
1082.8264158421127,121869,0.6022391451329141,0.6036535169566082,-0.18529631693188034,0
40.23785778356702,57852,-0.6382079064738283,-1.0210855285135099,0.6713288654050324,0
6.794081765909185,32687,-0.8655519364746019,1.3153264707996108,-0.9964858043762559,0
438.34083950963753,49615,1.1906389041570449,-0.6786926609266921,-0.7001336735492526,0
18.837569699908833,141130,0.8205348289174467,0.9725730170814382,-1.2324059429126608,0
423.3882868385502,72796,0.9686938672950384,-0.220432835584363,0.6228386825019749,0
1691.1871066861315,3468,1.4289595324054982,0.66725983318243,0.5694541685436431,0
32.732242516294534,134564,-0.8020080052795255,0.8293201946251705,-0.20300012461233988,0
2498.671733534122,68348,1.554153243303498,0.016514733583669592,-0.918342414681165,0
71.93581888691557,163405,-0.004933924700884993,-0.24027283209368022,0.437171189517334,0
148.78625310394875,109322,-0.10827171869234442,-1.035534773389467,-0.4223054157017123,0
105.50150313614833,25274,-1.2685561994417414,1.4663445734093132,-1.0047542296892689,0
45.86289651217961,117240,0.12576258122605888,-1.576004026918667,1.7423871894123095,0
323.9358357399446,171147,-0.9038567193757395,0.7554417824243387,-0.43233706592338633,0
24.45897855256736,113838,-0.9747057821927888,-1.2801972479254173,0.25806207474154935,0
139.98294962669002,127912,-1.197233110096747,-0.061960862567677154,-0.13868094567732406,0
16.54388645330676,130811,1.0330432462750678,0.4674103185252625,-0.0790822033851814,0
31.7544907743655,131195,0.4071193004341585,-0.22762437549316528,1.3137304005637107,0
264.99985531351984,39305,-1.3167905589182725,-0.46993918856550826,-0.021742724160475336,0
51.75586590555685,74155,0.873942280471957,-0.3516144846390157,1.8539663982967,0
43.140522703451595,58024,-1.2738579810541806,2.045791102905646,1.670380044716073,0
60.94702944496456,124403,-1.2343187130544824,-0.20191367890408315,0.8965674278660831,0
115.5297029680698,105561,0.3331649059478465,-2.0930319849225647,0.5195266440865185,0
1247.7167678140943,7712,0.1451115891314797,-0.0880606250097016,0.9395950178920818,0
95.68723029113886,140350,0.4092583533774868,2.0139402315537343,-0.955838685167682,0
97.41255841669953,116726,0.5014691240165955,-0.05337508198992323,1.4182688056354602,0
9.603187787108022,102417,0.04138918923712331,0.23310718480673875,1.915395973317032,0
96.51046557909628,125451,1.1340382776481401,0.28694875209385406,0.46092781569452107,0
275.9125833922579,25852,0.790483628481777,-0.2800201349454448,0.6109921090714658,0
304.80167085374495,23390,0.28400881913215525,-0.9119304630679661,-1.3786232885114582,0
72.89188376273576,27011,-1.31557209027479,-0.015571535545931438,-0.6765487597870875,0
62.736372425427646,4286,-0.7812822168095997,-0.38533410110816424,-1.1963310329692132,0
56.46939665139005,115107,-0.13680756147985929,0.9768644120991105,0.5706063317927088,0
72.0287764562556,60530,0.32639281956891003,-0.8491657541063398,-0.11301082111859381,0
62.59218370600682,9825,-1.503980559821574,2.6989709298217117,-0.4622455967563363,0
110.15909435383878,158503,0.12761921809614013,-0.5609016089392473,-0.012626757086941495,0
353.1340537580502,141341,0.12540336055904477,-0.7195967756130647,-2.4962452775104538,0
293.4026803027566,32795,-1.0558753019573848,1.5538837726024428,-0.7123392200219659,0
18.139876469123685,114527,-0.3323459259382978,-0.658026352924977,0.8882559297797592,0
4.106714229506117,76637,-1.2204657493861502,-1.6855673627461236,0.9016059480013567,0
24.33065835232028,129436,-2.246403309765108,0.8338370249568012,-0.1996637243795228,0
51.798194830342126,24698,0.5815981452056912,1.3588926471553833,-0.4882704232566495,0
34.32023668833218,89610,1.0858168747566153,-0.28503708004968287,0.044607746196641804,0
148.95255246511485,149122,-1.3817215563626266,0.9246097091343589,0.18211503339745128,0
146.815524258728,56963,0.26813157665718573,0.3123711574298163,-0.38897010917178415,0
96.8248017942491,146149,0.137856462269788,0.4955861331394673,-1.0445305338426794,0
43.78065626172876,143686,-0.11550631084366922,0.6388585474923729,-0.21947887631906254,0
2.4422853773265834,118247,0.08608166908600347,-2.029273999359514,-0.4950289234869355,0
0.8858060441929358,151825,-0.3708388093747287,0.06044677240760215,0.7527345239096442,0
19.771814881307538,12089,-0.45495145259747405,-1.2309174088258796,-0.8093140168018031,0
3.992793440761052,109418,0.5021111359335277,1.801615506792315,1.6763118561900407,0
57.31775980909631,144832,0.1281904981813234,0.796220675914715,-0.6675352244076972,0
37.60763442067047,925,-0.04243865700470066,-2.575665059022002,2.1884397251280734,0
15.397715955818487,140216,-0.5234208622431495,0.8905130451547605,-1.4678099065046608,0
218.18630762722964,21786,0.9840648207005762,-0.8446197176757883,1.0208088146963425,1
110.72912395614641,113538,1.4914902661650953,0.7145363076024993,0.4477205887710961,0
11.744893354565084,29024,0.419423622174608,-0.6398787546476721,2.509462220989104,0
116.1494933441005,20519,-0.9581443542621856,0.30749845370073975,1.9342853945302516,0
1174.363786355347,74397,0.11905604099607886,-0.40770017543239456,1.4437715026159608,0
1501.7830243461333,74174,-1.6965732600907626,1.4779604462720457,0.7547541434625621,0
267.7933840157304,38941,-0.6429659768331094,-0.4277906725114716,1.9217716210549902,0
253.68511385655168,86940,1.4779184491864328,-1.5303205950259162,1.286749990373421,0
98.85936385631564,141320,0.5041659107385048,0.31708594223233255,0.7242972711296011,0
21.303447165152132,18610,-1.014874322037846,1.2151492025012822,-0.6679159834636088,0
60.07258251206194,41129,0.5465854498621195,0.02110915590861692,0.09069681993835635,0
14.097795815444176,93923,-1.1826406005992451,-0.13928508862303013,-0.6121052863074697,0
15.336771266117047,146284,0.40778228778286885,1.041535970395383,0.4858241329491094,0
219.04261968090955,151989,0.4344550903814384,1.3322226217516155,0.8090171626218575,0
27.268046844497977,10112,-0.039692051949785374,0.23735964659512382,0.22498232139260727,0
8.700835799576621,85877,1.1724441828386103,0.09887685474132099,-1.8695308277586795,0
372.1129352149067,112831,-0.4667440027197725,-0.10224831497590436,-1.892659239876179,0
24.31376080421425,118292,-1.0101424148375322,0.5896420879061829,0.15535373127372953,0
55.63923407156679,60012,-0.8705308658406445,1.1114900125540779,0.6499188449752082,0
231.13010650915783,34001,0.9708196074171138,-0.13156437658345055,-0.3093004714634196,0
26.946875435307224,75440,1.5007644606990582,-1.2615492028443056,-0.9377757231699899,0
5.379492183231942,111466,-2.7111091862912433,0.14868046247519093,-0.9660202025840862,0
129.62906395444182,130305,0.6756593522989808,2.9197360991250063,0.8020487864227355,0
109.37796338852442,13894,-0.776233799482957,-0.12873584933668716,-2.0551291123333764,0
57.800950330787856,1112,0.3280957083751954,-0.6550793518875188,0.6971445112185116,0
669.8282680293254,97368,1.6884927753645533,-2.0327143726281114,-0.531620900604959,0
162.9747804227804,83127,1.5023190685744763,-0.16880382212878844,-2.801238325637028,0
440.5650587268227,53441,-1.7873962174846254,0.5238364254871954,1.6393422883474857,0
8.434025139560703,146301,-0.4442997589602242,0.7151410587367836,0.0692073641921712,0
26.779710102798447,7288,-1.523211169137652,0.688581429409717,0.7099003682410665,0
31.275614392567885,149273,-0.7251306674374006,-0.7085217889603354,-0.20056405225398904,0
32.58669463218075,55900,-0.7254809435232465,-1.4635288287344705,-1.3052433249427728,0
139.7216191884542,136774,-0.3466373638016461,1.1221669118048758,0.2948055966772043,0
67.08957851079796,78872,0.38258212485801707,0.35643330865571227,1.2875931386295891,0
4.246625186139858,46526,1.4233577948048737,-0.88880555615616,-0.8705208165475958,0
40.57261803835767,102263,-1.6218662368894512,0.7053490786061208,-0.4964453964823567,0
3.299635865054497,23958,-0.36460827189775435,-0.3963389224959678,-0.788793371116889,0
98.25312177301197,124506,-0.6823729297296782,-0.3640393100492275,-0.6453888310249564,0
40.77030736593647,137161,-2.0892965595656845,-0.7594036111906617,-1.3040087188761242,0
127.38113545996771,149607,0.24265101063928723,-0.2219520482594484,1.2930305308533752,0
512.3627413773952,97449,1.2003570920876714,1.0035685116592283,0.7623436922844024,0
29.05039312335487,140517,-0.26289073698394533,-1.6556182523034875,1.0688172587353,0
5.360429039662474,49738,-0.851001608107395,-0.1667990051795839,-0.8510143689420142,0
60.191849138845654,13543,-1.1052235593437554,0.37531844628472955,-2.6721636489481844,0
136.39504232394953,139988,-1.5766812718525267,0.808473309021958,-0.7308901255863617,0
62.2134119282455,132701,-0.8100909335105829,-0.7585146075881439,-2.3815716920500427,0
2.967287687623387,80048,-1.0953762570396017,0.419799305573411,-0.407639211696372,0
19.557119655181044,10739,1.6319295666003666,-0.7922288752313086,-0.066386988121382,0
6.659817570101352,96487,-0.6424189523807193,0.5418414316121155,-0.2942691255627317,0
21.181714706169775,130759,-0.37803813370288014,0.290349532812043,-1.0212947991827697,0
25.534940994262925,66918,0.20669811689930212,-0.8482222424163532,-2.0114385026550035,0
12.403711880224886,172076,-0.48321648115213167,0.19779695857177598,-0.9669208167219943,0
80.7332270700677,52290,0.6754283116384958,-0.9901302148820638,-0.7774765835699584,0
7.5380703926149675,71257,0.9881688897330232,0.6524371939720194,0.7232861731988739,0
11.123860550781389,71632,1.1145521953192292,-0.12054361367771868,0.11722511943344013,0
74.08369397742891,90155,0.6760116307671696,-0.7291864732508089,-0.5077497066669918,0
132.00369368487983,147578,-1.8143904863805826,-1.0055115098027958,-0.0686045218385312,0
6.220644307206616,77937,0.23634670297566238,-0.5622131436519847,0.9701007344345537,0
107.3312207411883,92099,0.8885843880708155,-0.821092963677489,-0.07060329217896918,0
80.27804476030538,87414,0.4613957878970214,0.9154562495768156,0.8252628372259813,0
44.65535576131709,40122,-0.02724404534303813,0.5154940692650013,-0.5237074449905359,0
255.482390905907,143946,0.09271581572771759,-0.8086767687834103,0.5920693786040528,0
101.53711395317369,61895,0.08497159808128665,-0.5027587737792345,0.16628420045584316,0
74.23211074472476,92814,-2.390111335909775,-0.4355911843763696,0.5917775359349269,0
44.04058640087415,144818,0.517695277197764,0.019334448171833062,2.5021519921700457,0
64.50186015154863,79220,0.8220626561369309,0.2469525860558345,-0.007859252695555138,0
369.55979789343394,86643,0.0319739866053148,0.5800116032720365,-0.2992686187853863,0
536.2201394122218,165819,0.39972390439894123,0.336824423520355,0.5536200812374606,0
27.71197141149402,153291,0.7607156333755746,0.70368362640665,-1.3718983976970551,0
180.72776249888264,107771,0.9621091138852256,1.596224887348959,0.5906992411093296,0
15.665590831334107,170209,-0.40779688820300053,1.7210577530299063,-0.010534098179050592,0
245.51406824533518,70908,-1.4300901159653354,0.4260005368933288,-0.1555854716851257,0
670.7515875601829,149018,0.02890391546901781,-2.2081148879518424,-0.889752753874271,0
595.7254698912599,136789,-1.2823115218791679,0.9804810284644196,0.5501010938226429,0
39.957509398141596,119942,0.25382446713401763,1.7410236688962146,-0.2523113467669869,0
141.6171153843742,159277,-0.6964506672780338,1.2128949083467215,0.11920989072402413,0
1.0238246660646524,1658,0.9299709937279163,0.04242642562921274,0.031448244425576706,0
98.41099588134959,104794,-2.203611423345644,1.4983488721834524,-0.3203277228397562,0
1.9665217291176846,47611,0.40481298441871244,-0.7675259918991321,0.12602351745323281,0
65.7500364073455,129841,-0.5453620939834085,-1.1705290577032967,1.1116467033390487,0
15.340018738965497,158264,-1.3457274776092742,-1.7300578825078547,0.004048026379309923,0
86.90731179547694,22163,0.131795493599175,1.157874541099703,-0.4696767088548158,0
69.07787726423264,38459,-0.8974442870385776,0.09622555777789554,-0.31285086051421623,0
94.74816700781567,121373,0.26296139980086064,-0.8465982970218004,-1.8616350203685055,0
81.3545972845366,27397,-0.4909507152260818,0.11215751628723859,0.1681638969057367,0
50.01659355663326,144051,0.9762957765258725,1.2779649988927677,1.5902881613715294,0
243.6903474430531,78701,1.3918151637077287,-0.6946322982061226,0.3682334457740454,0
7.714609233451891,101223,0.7882724244056715,1.0111256623776852,-0.6224030529377873,0
115.7434372377316,105866,-0.77477716396741,0.9650610700330926,0.1129079598293146,0
28.717957193876575,66083,-0.22957535665699427,-0.1878640496820891,0.8396049138391536,0
11.244472282601555,128869,1.2436806593486955,0.20065428320695072,0.6907420315826308,0
49.6988281369024,18212,0.6147957070118424,0.21473609370714508,-0.7015297713990749,0
34.03458141416513,160045,2.545222767317228,-0.41620958476017106,1.4487825081390453,0
139.40356041779154,3305,1.7376289369721976,-0.6264121840312925,2.054701707890162,1
558.3028781611584,130443,-0.729818548277996,-2.1852909728621692,-0.28151000856486785,0
6.1329308456555465,142312,-0.23934351348120195,-1.2223640660197392,0.43199962533242886,0
105.00028708010977,4487,1.423943380764008,-0.10170408097606554,-0.3973507063384433,0
29.244993384112917,47577,-1.0703731433576047,0.646915110976652,-1.027376905290467,0
190.04260814182697,169894,-0.6153344690449538,-0.4978580922015561,1.4613829105702385,0
22.11074176333911,99291,0.5459071283227537,0.1300725060671384,-1.5102540832502982,0
22.606004179159406,137805,-2.3841569341398476,0.3850056786291005,0.7617539865607039,0
39.6027457670398,75664,-0.14457836594464157,1.365198942181193,-1.0607482278996638,0
36.34394201103004,122143,-0.45534416641367426,-1.6321476349324604,0.4958608747601844,0
188.8313259864103,19567,0.5543251963793577,0.723271063905065,-0.2968858629934996,0
141.2443737198097,99895,0.5888394964419794,-1.6838568206948894,1.2806965454405355,0
754.7517693653423,37487,1.5510970302826588,-0.654681889335862,-1.374643356432845,0
1.606915047078656,17077,1.5939901799220646,0.04801060333720556,0.5552463932420156,0
310.9897488013749,157050,2.4738104537102483,0.2341362502965786,-1.119385881423642,0
49.44595732909567,110191,-1.7065485660369928,-1.3021993816448982,0.6996525001294607,0
200.97062455501154,30192,-1.0572428126002522,-0.307054811899818,0.18794580988904916,0
52.80202669882107,65572,-0.08127508705208868,0.41783568020665446,1.494415491784944,0
390.2358292293922,116815,0.6816308262423645,-0.18044732235780517,0.8677261914937705,0
13.085770636415653,90805,-0.054909129956265255,0.4433879197804755,0.5874408840351564,0
12.566689899818218,80987,-0.2569514118504875,-0.4371734416582864,1.454421944594237,0
53.604329589047765,141994,0.10546568824044532,0.8605532031964954,-0.41767403198294417,0
267.77166199450545,141263,-0.7344410931703765,1.3160715993851826,0.6284949277888261,0
12.510383113847139,55812,-0.8231000094479985,1.565714714404227,-2.175890015544198,0
242.62748406423088,103283,0.4174977254575965,0.14923106328021138,-0.20650755744802174,0
1195.408449329118,52967,-0.597655628930756,2.4182796191625444,0.5659374627529943,0
847.1538890573524,77557,3.2958788489687,-1.3374687398037006,0.7477615520131131,1
247.32419458756092,52330,-0.823628679775173,-1.6683367191268454,1.19163967806856,0
174.344662876861,138333,-0.6236030601728934,-0.11694662468535283,-1.0018611934667998,0
25.64951362468994,114761,0.7168599814301294,-0.11881815662922264,0.6834307917906332,0
60.78538342212892,107721,-0.7472476920081546,-1.2913797457834093,3.016600519754828,0
50.327804624846316,10686,0.4441705088041939,1.1893050191928154,0.9899723661099399,0
163.9840187014955,44630,-1.2856748527990398,-0.6029678404160393,-0.7090259184629779,0
410.4610527368771,103838,-1.1628655179803165,-1.0394609246412572,0.29189177943065914,0
25.884484688317997,172492,-0.7201597345140578,0.4060718811375137,0.8400449801374921,0
53.98891808680282,18064,0.5575825043509535,2.95208680385717,-0.4082501827353158,0
61.97308510518942,96279,-1.2295282497289095,-0.3095073101657356,1.2928826999675307,0
375.5431400449669,144571,1.6662792435304936,0.04021538171804799,-1.120013251019926,0
52.26050645765166,139490,-0.931405284575887,-0.18583187463922368,0.31376567343680534,0
37.16951672371194,28239,1.0382834953855895,-0.2561886965798268,-0.6727979903558644,0
157.5524148058831,60403,0.3470297574998866,0.9133351737201801,-1.24930727131881,0
9.29344462099408,115473,0.31843735341299995,-0.29068020968421765,-0.3411991028838307,0
17.673140521835457,38769,0.3696730495305791,-0.026569150911233526,-0.677956908056254,0
7.546842079161208,132231,-1.0000525751958116,1.0115959727664907,0.9545676098062518,0
228.96197842046217,54345,0.44638507487994644,0.17988191952115004,0.7323131253251337,0
192.17583317060394,154582,0.6528533389191558,0.09685491637371829,-0.6908003372648351,0
93.61715965430089,76910,0.18157808932713435,-1.0614402214917271,-0.5809441977046608,0
90.35721745004389,68498,-0.7447918122198587,-0.24813505236569788,-0.5860976786344737,0
6.97185422702833,7826,0.811356491826011,0.13149452345613769,1.2301254266879391,0
86.63886988197648,35677,0.9787688802211472,1.448467517999769,-0.7409756210094023,0
205.87390592220444,20563,1.715975432315524,1.3953166332851292,0.6890246752845571,0
293.361245270753,78673,1.0930349981825005,0.2218379111162945,1.7644918749085794,0
255.72934815213532,137323,0.7057306076839162,-0.4619695328236771,1.9428524782259136,0
608.4152791537531,9892,2.189856207665644,-1.825307220369448,2.292393492982935,1
86.88541388027116,15050,-0.7917033156754597,-2.220361061392315,-1.2810338174600444,0
170.18443741013792,132019,-0.6449203878702685,0.5976231444070444,0.83593323428191,0
8.656038335867594,11263,0.18508626439640496,-1.0999895072588313,-0.7418996539239713,0
39.46333182532133,94148,-0.5733998655721395,-0.2057224366147056,0.557723917572093,0
33.984030257326395,56172,-1.2170264136665399,0.5593569336514121,-0.8981507441598072,0
12.664682710538719,114132,-1.3517180170753589,0.1883460847956314,-1.0125471262220056,0
10.255013612978379,47201,-0.319123527090289,0.3697803197702281,-0.19593492634169513,0
4.642331800741068,51481,-0.2566859399258801,1.3930607522729181,0.7158125839132023,0
80.62624294527707,138876,-0.48435972594724036,-1.1657666492473877,0.41062269798572687,0
86.79692237677844,34623,0.5045377097658044,0.480823326216149,0.781991367463598,0
17.410755419179118,133494,-0.5652205698697504,0.09166913759751702,-0.5615262049639992,0
53.62224264025489,157889,-1.4212314631983305,-1.9793776161208287,1.773016809457946,0
176.6101461919016,59516,-1.8911409619755957,0.7515493960138127,0.8518181567242594,0
12.428739076397404,12105,0.037892435737035435,-0.8124050542570136,-0.88027089459843,0
440.4871755329611,123978,-0.4860240198618037,1.0510094706965,1.1901074971288323,0
119.55555391502315,72370,-0.48520855645227545,0.28019269312473616,-0.46685331529942325,0
21.62978802091099,40765,-0.11421069623057244,-1.3880921283723693,2.3797738390127456,0
58.79120381271437,18277,-0.4700056048942561,-1.9593886739416873,0.526918116734158,0
57.25030448098574,94096,1.6109118130799116,-1.3743355325347275,0.24511042045633818,0
71.73543402559801,12735,-1.6442072780347547,-2.3355824356570785,0.1505164762742075,0
12.510203976652564,80667,-0.03219850593164111,0.5725410053072916,1.5222101379175583,0
1295.878990661112,170651,-0.9883065220819606,1.4752070446862313,-1.3057660284435713,0
33.13895217708325,67703,0.7527085161984467,1.612042034213204,0.19910829767592853,0
1.1201208281698491,74362,-0.9974803442390245,1.6669237566497943,0.28365730086989804,0
41.80948327026445,85694,1.0492055438174832,1.4462017522635044,0.37509729703497646,0
192.9963278762632,160364,0.3294971789431741,0.17490008157637235,3.39718063948206,0
12.824097916702495,35682,0.7898785257568142,-1.0304054270242644,0.9316074660137551,0
266.85922475065536,161356,-0.21358762457161445,0.32841426628676984,-0.2857351172593602,0
39.04836579780817,138874,0.5941306409145011,-0.2898493470918515,1.276894145004696,0
613.0321533348925,25357,-1.257791382344846,1.2736506187833692,2.9866566441292774,0
80.30887450073196,50117,0.14150013719227467,1.028797366687674,0.01674852120245456,0
125.13058135811573,65516,0.4552235428558975,0.6353479407671483,1.3670464988311288,0
135.38285899364615,31247,-0.5213318485544777,2.5706633212209224,-3.482768369458518,0
54.94566503590577,3217,2.161817941137746,-0.5268965535965476,0.23419124658417872,0
52.09702673832785,128577,0.43777249755360137,1.2414368738798263,-0.9814671047462716,0
49.183087777744255,64875,-0.11423688359794974,0.4609037799144769,0.9122789238873636,0
115.01599774529053,171742,-0.7278994386541173,-1.541019643988517,-0.3176084355161257,0
386.25986344659833,107966,-0.17575796988660122,1.579655763753859,-1.1131881506212984,0
474.543329966807,48750,1.699137121500932,1.0821140893658505,0.4431810435752734,0
39.63962591791343,107812,0.26312140214120655,-0.4727412085028888,-0.20505664996270703,0
9.52503934193643,55344,-0.5761297822881749,-0.35551502336059765,0.1540158343127975,0
34.72293498029495,33290,-0.3985619228729436,-1.6946172684975127,0.36775452275750825,0
34.11391858781128,70780,0.02326639692365713,1.2283984378101283,1.3177258715294378,0
71.0177729106397,3159,1.1528709548895715,0.21826568315250694,1.3374303959873546,0
11.555211142337352,87846,-0.4775944831402655,-1.9181618678787808,0.3510255906677784,0
308.2314930218895,30138,0.4329509187663276,3.367438685067929,-0.04975896773128397,0
55.57984590256995,12155,-2.0606979814645436,-0.30109544820665135,-0.03440988104610209,0
7.241450320352622,73654,-0.21188804185454613,-0.9530888359005332,-0.8883148130639508,0
4015.102015412055,129970,1.7707108066224935,0.3842609326276257,1.3428050151082247,0
2.5237054185332446,83940,0.5086365313552776,0.5378874912442528,-0.30171417288383623,0
29.193607953019548,117781,0.6206150157275261,0.2659646412722076,-0.16189385619284183,0
60.51216760231504,114612,-0.48628990383027526,0.7081505423539549,-0.07155324618883947,0
44.2315091428083,161071,-0.09673323116985713,1.453122854973889,1.2582095666623856,0
6.973716424440963,43030,-0.7374851100948367,1.4798416093801885,-0.0283352054779448,0
23.84580049201527,90638,-1.2183952849415978,-1.370310750017975,-0.8565687026193287,0
201.56662398927276,126121,-0.7991628280082879,-0.6807865441487053,0.9112565397771827,0
100.93272219705293,29854,0.21377154754883568,0.07674921030109036,0.31453652581777397,0
31.567829043484455,11344,-0.9273959009205326,0.5024301737398092,0.000817898494056058,0
1404.593923189217,62399,-0.616457458131245,-0.8332945171041004,0.5403556443157552,0
5.4975793951283185,99878,-1.0147431922559524,-0.6850059270616282,-0.8030819280331295,0
59.66989674042292,19629,0.3699573851862049,0.2565334875448492,0.31440552877665684,0
135.11971768854195,160583,-0.08613351727106569,0.7918507749939471,0.46821210755316833,0
44.7792994386277,57352,0.19530673985162098,2.3469550158659893,-0.309677334746546,0
111.99673718787066,84217,-1.2113475751141947,0.13600194064877502,-1.1375892020721208,0
455.89430448551025,40185,-0.6555469472736717,0.5046266455960363,1.948818969140552,0
31.91116441999651,144973,-0.5019397045243513,-1.1727136110031677,0.4720222229054214,0
32.9706539629656,53266,-0.12772144021734488,1.60333266869456,0.4558158119171709,0
42.81181161297635,66851,-1.0077937098536227,-0.6075625096391135,-1.2361155232714767,0
35.813029247944314,109337,1.8320517038825237,-1.2303666720041488,-0.34492779957401487,0
1.9782391542712852,65560,-0.4154488402655234,0.1842925521335891,1.2367689645345181,0
510.19609810502,72287,1.058040234902942,1.0100733049353605,-0.20264840352417393,0
47.49803054214692,155216,-0.45847710585472196,-1.3470762397971372,0.7836802408658463,0
93.89019638420967,116849,0.4246562533525453,-0.5062114053612456,-2.3919339027025535,0
44.75010909698096,45602,-0.19472296079901844,-0.6352903011201676,1.0844927445400385,0
8.21287355896111,149637,-0.2591932145613221,-0.4763263633573793,0.7178443331743397,0
40.66224923750977,11913,-0.2679152191922156,1.1013370366105464,-0.5790706271253674,0
55.71088484317508,22098,-0.3986818511545833,1.4510615379770508,-1.0238840078414224,0
186.9479534524876,155790,0.6812789013254376,0.3573556391494711,0.5280728983884404,0
53.03067878937104,139066,0.8553643716600552,-0.09458864795286913,0.4520077599223093,0
8.400785614844295,119414,-1.754078551929242,1.0012032897533438,0.694301651393457,0
213.1387730946156,55178,-0.5262914700545837,-0.699269034704567,0.14765127777317683,0
11.00573097047371,45440,1.0470936569068277,-0.07876374965725061,-0.6164787767810105,0
7.39522043061859,41514,0.11593830388216679,1.6344717082979112,-0.614155538529379,0
65.56321042674219,114382,-0.7071878870177232,-0.7144815890513468,-0.9564612752593471,0
287.1674905866632,162666,-0.23276869301010344,1.425471337865258,1.0814056161476626,0
117.43688444612047,97013,-0.720829769409973,-0.09939717575513571,0.9708973416336832,0
18.75891028104163,22766,0.04555877746710435,-0.45797948092845814,-1.4747141433459638,0
2.4716730543489955,7983,0.28132687994837363,-0.03704740254819928,-1.6355717067989601,0
82.6736680667844,91856,-3.382214362791926,-0.019069412372827523,0.6311145689812736,0
151.8555070085435,15162,0.4479005340474861,-0.151071234434193,0.11391835225264817,0
31.697933696306045,48848,0.43201282683197934,-1.291842113917223,1.2452945755193543,0
782.8697532431083,37479,-1.2561766378888817,-0.18583875912218278,1.0651487618013438,0
23.94271964288219,29418,-0.6139861887805934,-0.4912242110553141,-0.20644280687049735,0
439.76932244464683,126926,-1.4026659715723868,0.7637094401258064,0.028864330367992578,0
100.23857341409409,27633,-0.6671852500897706,-1.742673943870812,1.638703525984079,0
518.603533154439,115227,0.16001548182624548,-2.1582050473536305,-0.8444455781045926,0
23.419411293048764,20645,0.5421826968087302,-0.24158988012978577,0.575283005862092,0
442.81457830716596,43552,-0.9441762097456601,1.3496577896344597,-0.1570230130479417,0
111.67146817723882,24198,-1.43713392321198,0.3128420897421024,-1.456570834053984,0
16.388569271369725,29767,0.7814274487254262,-2.605868770804952,-1.9927440521831608,0
53.1520957298461,4122,1.0466552721109552,-0.4797220745239538,-0.7306438085091848,0
540.6124370658105,165693,0.5119751703567301,-0.5220791255958027,-0.891210250294505,0
12.063521561078725,111682,0.7665376787459598,0.3972296096556172,0.9036523412052625,0
619.0471614298676,36288,-1.1308130916682129,-1.2363787525358296,0.1839991627994408,0
15.326111036878283,24837,-0.18899124366897713,0.0634453103320128,-0.8870612925511899,0
152.91032219848432,14284,-1.04404098849826,-1.8646035966428365,-0.2498152496793243,0
5.239264965165006,13580,0.6776827784191496,-0.6058362531372272,0.01399526728978256,0
78.11512800527309,33500,-2.299875951613208,-1.1101061232531002,-0.16895780005460934,0
33.13014428502741,41607,-0.4863125380955763,0.11020048876479319,0.5629155227766844,0
32.672793705440505,26012,-0.9160749597536756,-0.54917493913707,-0.09892497711902376,0
53.29907311867793,41999,0.42611445217655175,-0.5929137276685007,-3.2462327864881337,0
41.80287281933029,98591,0.5508173517138778,0.5860800058075405,0.1783945949569909,0
47.33890761194886,151714,-0.9593708745449997,0.8783427002887613,-0.9177883291362611,0
146.26113200856278,43162,-1.061388491981924,1.1614870083533027,0.10936762664531,0
84.87020234799418,76181,-1.481486309696075,-0.633651987065987,-0.5967471583808533,0
201.73318262644028,109570,-0.7146485164153702,0.9791485470377249,0.6701600709984966,0
84.47207839047596,26154,1.6759051433611765,-0.6131950033169093,-0.7039952095362343,0
61.388013391279394,128357,-0.30933790575758197,0.7644168793029276,0.004104980316817552,0
80.47863309354767,4486,-0.6247672093089672,-1.3564769481754844,0.3469026475300629,0
88.81352283503648,125608,0.7750141057814985,2.02929658862101,-0.0020334255973266406,0
26.998692019200316,64467,0.7999656305060626,1.1056937343397175,-0.5034756183764943,0
31.56594067862269,153700,1.3597100599946965,1.7255993576040962,-1.2146310962401001,0
691.262654040345,171277,0.03522650989059463,-0.5915297003444966,1.152866920228748,0
74.54515335566562,30497,0.6756187426079024,-0.28423409939596295,-0.4078989420525236,0
38.48187120833407,45321,-1.5698065536795014,1.339431296491421,-1.0830668479937715,0
29.234290431318264,131866,0.00740203876501235,0.07598493607872658,-1.0080374707344917,0
12.035619365786799,52494,-1.0424022693460844,-0.9970636732036584,-0.49727561340975757,0
46.85185394387216,169862,-0.06325238011351805,-0.12347950065387932,1.2708022731891895,0
5.637430694421452,140907,1.392481468870347,0.6711519228447927,0.5421759052618728,0
27.730651845870458,90287,-0.28857148260390114,-0.8404246184920341,-0.5579619004009211,0
30.331441625808786,77627,1.1312859666930632,1.1328810524023127,1.244632472258915,0
18.320040833682462,153412,0.12294303138723488,0.9573082920560657,-1.902373695845279,0
411.12714083551134,148278,0.5165600618946047,-1.7703005517627728,-0.380558559935768,0
167.1741242617706,163631,0.7614691075537778,1.804992876224721,2.2917896979663093,0
6.634048357191943,158647,-0.026726886163489526,0.6493310238534566,0.22358554641269204,0
79.37048165233611,65633,-0.10335651471869607,-1.0371613130515278,1.0930378539488597,0
11.280043839478862,98844,0.09583787796542467,-1.035626790118541,-0.07408201762775621,0
189.96059478824188,44391,-0.4919189736344236,-2.303252310071114,-0.25365331312383343,0
248.32183683457572,43130,0.1721173467308294,0.45857698788572254,-1.8145953482585642,0
16.009178864694018,57109,0.5975116210347708,-0.5292056437784042,-0.5163971173518398,0
44.85042174781295,16551,0.3262287105048433,-1.4982299531685461,-0.6767555234249537,0
16.388702886783083,92424,0.2601693287622867,1.096235896961899,-0.053168627460028484,0
1054.8122116362767,78066,0.8055739529610344,0.484189904085143,-0.4261345098836049,0
11.469707394109333,151389,-0.67535089297909,0.07113600342863999,0.2047662740351196,0
5.55801652072889,8752,0.6502662369590776,1.0743903186889505,0.7810181574894323,0
14.453543790851734,147045,0.785340702417733,0.04736446121441671,-0.5494118078937618,0
46.361291217380774,94176,0.1598229921087894,0.07854534221618464,-0.9678059485960072,0
63.94755275668878,138086,0.48059277239281584,0.01218835948370302,0.5890870888342346,0
3.7774965076046825,47838,1.5065167412147713,0.3951003286133762,-2.172982445596803,0
38.45887769069601,155244,2.3714107129236717,0.07719333824563746,1.0209318353743557,0
143.1773597612719,127897,1.2925329656927895,-0.27940863544807226,0.9533963271007355,0
11.201136900356166,108052,0.5253621076552418,-0.8787073730734067,-1.7867906008430827,0
74.6862042115943,9780,-0.6841933928473997,0.1933201102128204,0.251182464085261,0
791.8392468766945,15175,-0.40490195054490236,2.3456762890494858,-0.13335516733631994,0
225.42052478735732,125982,-1.2272390407044889,0.2940657711824439,-1.1756586160455158,0
32.756517163254856,149058,1.0240082550725775,-0.4442486520843153,-0.7379668223451604,0
201.80191129971195,36294,0.5547331906542852,-0.08289384362706999,-0.45848125090819436,0
97.37468417504738,155613,1.3719849009071141,-0.8691964103545723,-1.4121198606461711,0
130.5164548922834,98136,1.4932863956119635,1.1732074429118708,0.2696057479907701,0
55.468681690373444,30816,0.4352571616736878,0.16306234315168944,-0.16359758768810062,0
48.60656237876159,90860,-0.0291875753767939,-0.5686500677767047,1.0521826290905063,0
125.70176758980874,86111,-0.4279103052056293,-0.11644573003975624,-1.530404664287832,0
173.52085446869282,155904,-0.13769620869729418,0.07691839057700112,0.3692332288576605,0
32.11141440178335,110866,-0.06042138185406091,0.5507955439444818,-0.07398266527092202,0
414.3078674396102,146584,-0.3745634353706246,-1.3907107040926325,-0.11551111885074616,0
3.2886963945738943,165392,0.6059228057840813,1.3297300123771187,0.4888192540523029,0
296.38828725300124,19575,-0.42281213529379247,0.6461801691084849,-0.3213382804452955,0
47.758103945744324,168443,-0.3166933337242733,1.1289891971235986,-0.6585408811802457,0
15.909015836383396,82789,1.2544204116724655,-0.08325511292131023,1.1076299224369426,0
82.17087200332004,72480,4.061552585580058,-1.6155954606273923,-1.0596453858656592,1
34.503761694015296,121227,1.2507500852316162,-0.12779473909044278,0.5300844573075014,0
83.98903442839047,133938,-0.36526183841896853,1.028848175526143,-0.01015287812276611,0
25.179458317555852,7943,0.6249786991780228,0.22789082918694473,0.4923351251835854,0
8.767689355359982,105217,-0.6401474477271699,-0.6618531818998317,0.2115526204906791,0
37.43820364658099,62349,-0.5765916323990915,-0.1331631159887012,0.41563285503307196,0
542.4664545194403,53326,-0.05587875448938387,0.8286232112623612,1.8505623159357159,0
17.816633374237423,149703,-0.8186509652236411,-0.14137598762761114,-0.9952973250710936,0
2270.567036322195,147563,0.5234790540937814,-0.8404411454314812,1.096711954611676,0
0.6605302560923925,28672,-0.8684699215848495,-2.451394243634825,-0.7614603401410324,0
321.0140391869444,28386,-0.7286255179974156,-0.015861207416863584,-0.9502446242005124,0
60.94531281166885,166033,0.7292004463288748,-2.6610227400233164,0.1403249075241317,0
266.5823867420783,135047,0.5672566126252463,0.20594241829038004,-0.6882402785073763,0
21.051175814966356,80501,-0.7222032811214254,0.6910773039256701,-0.6300140728551096,0
62.450298843404866,64022,1.353148841467331,-0.01563992175997585,-0.6252885265520839,0
38.435065667730754,74418,-0.2597168540651998,2.0187354172172247,-0.38237691297664717,0
41.26363305700732,116245,-0.3362843674989955,-0.5022859799044791,-0.8597909661002167,0
445.5867565662666,70511,-0.41142870310733826,0.48811905888214235,1.5105905962700639,0
124.91221366071541,60385,0.1980267728553988,-0.8374131208731822,0.041917339174254845,0
49.57533981426086,16494,-0.9226403678142225,2.128986534830715,-1.4520807383465963,0
360.11364740407816,108327,0.3977621893031108,-2.1494977338432344,-1.1720349768370186,0
53.358603300703905,126895,0.9003902332592068,-0.4763864070486806,0.4355771738757118,0
117.35300649600002,43884,-0.27829252515776276,-0.009283510004918316,-1.2583003368216654,0
159.62939956253567,16550,0.3729526775893696,0.10142820276510522,-0.17300930803130785,0
85.39074298728151,111201,0.9936363039331614,0.767896757092483,1.9341821616264516,0
39.1578321921714,116351,-0.3358601472414254,-1.1001975160560133,-0.496492194047141,0
526.7533410208268,124906,0.4355051407706006,-0.890655805718728,-3.171724900017889,0
5.698477048771884,96500,1.3260900214323366,0.9720145470411596,0.026034152851215863,0
35.83723313670404,74861,-1.5020314097298904,0.7231220328706051,0.5975064871708876,0
324.26791628381835,75909,-1.7097280959089347,1.2556485727273992,0.732463127548573,0
125.34709593355991,123152,0.6178910065626476,-0.3340546640709113,-0.10872424950733224,0
1075.90129026992,135795,0.5678633847436954,-0.29815008490218775,-1.3804290159994017,0
116.55740084202107,90982,-0.4094760705298932,3.1934868023962295,-1.1529405341086725,0
7.754986845859796,121743,1.7304208233622607,0.23524329754465537,0.6726196733360196,0
473.51132177986864,60684,-0.30937288875219576,-2.2333609148853655,1.0287977579092082,0
43.93449907061835,23268,-0.8289008191714865,-0.2891360395423886,0.19098750555017466,0
21.3867620207512,171276,1.033386155138722,0.9330339293907385,0.12151437691187908,0
9.33863759495509,152735,0.946773156415688,0.40677060473805593,0.6750069154345443,0
31.747241826505604,93616,-0.1631419339967372,1.5280218903824327,-1.1413177898316231,0
149.36110126250043,139374,1.3944156701254897,0.5286370142811809,-0.15417792937153027,0
13.438304282152897,32800,1.3029300705980102,0.8545600346575525,-1.6478813571226705,0
112.21209121353365,4570,-2.1773951276577597,-1.4136179134227806,0.46117563205704176,0
154.55641399304207,76489,-0.1818626573747583,0.16209404039951333,-1.1840881637705611,0
82.97100781446025,10862,-0.6077019186342345,0.9775525704746321,-0.10231204525438121,0
12.854576462330652,104249,0.8161578938597728,-0.4695523438125958,-0.4605993207216221,0
557.2193355267365,70422,0.41842668747489553,0.9879558417340553,0.09014020337766376,0
134.0471474008955,18165,0.5998754206000281,0.5905965345271714,-1.0578248105471608,0
157.08071943233205,59789,1.647186189539654,0.6693616131656931,0.39751433306600026,0
287.6031688307195,55535,-0.30014900245486337,0.7547787620817183,0.09220150488261739,0
1043.5414457683387,44456,-0.2160752887859381,-0.5620769469382523,-2.3904267334390674,0
18.312643014092735,136476,0.5216517809784946,0.9233103594544163,0.91256763074076,0
25.218855285471477,38718,0.24558229048578212,0.32818112635445984,-0.35980096962585184,0
30.655496105505005,60690,-0.29730359410439366,0.8708551756692795,-1.7657558115601355,0
76.01079020620274,6654,1.551722477935951,-0.24819539504150573,-0.04012925099852595,0
293.25090089479903,126682,-0.19858193474984082,-1.3843707953730495,-0.9660618096412408,0
46.504207632137984,27702,-0.5932783511539199,-1.4435368893610376,-0.47491002169213564,0
21.085549009426952,170971,-0.023722055350202297,0.9674542884371578,-1.2536409670863626,0
10.16929739458166,106086,1.707085107829327,1.32356596752966,-0.12337861117210236,0
528.5696659399273,78643,1.6698534986081923,-1.0232436902272415,-1.4464626803804932,0
17.28266442918134,149010,0.46119392108150864,-2.4215601661744723,-0.32690337389073093,0
10.523212449178796,45061,2.119924447507279,1.6406914614587416,0.05401499270174505,0
29.780595754726118,130171,0.028306484473120463,-0.6076233230683387,0.47833757754278067,0
13.117719632055277,70499,-0.7653537017631118,1.01865290942189,0.33586775195566143,0
5.78463993382678,119006,-0.16880345563145188,-0.2639588060862758,-0.454878217582756,0
27.411390828962386,57702,0.22377597714348113,0.1590106085644712,-0.7619818666617342,0
1.9635847188670228,115475,1.5004077301953,0.9184499638061334,-0.8776194892052172,0
112.63868140791699,129657,0.6854294284081961,1.3728951049861973,-1.4995931032378715,0
40.50422012738671,84300,-0.7145304857108881,-0.5824334431902768,-0.8494007257213273,0
21.44066195221436,114501,-0.4385517831533628,-0.3867767837619353,-1.5730845135822638,0
43.790369892779545,8167,1.7967556413340773,0.7274468285271547,0.20261235199500588,0
17.452004937423524,1355,-1.367205342815929,-0.019734512618570673,-1.1905078867973877,0
20.317127712962236,43780,0.25319000711096074,-0.5061438825039174,1.0356859563636656,0
54.744371603900944,124227,-0.21360549043868696,-0.5428772515198803,0.4230382346736142,0
121.78120152862223,2977,0.2561328506729282,1.344256437315634,0.53658302303649,0
8.441721439807363,133556,-0.21747134659871722,-0.79547239385542,2.0836339763215115,0
24.601764621849792,95201,-0.5446058207656778,0.15143569720672345,0.16558212949411807,0
237.06499352800705,143111,0.6706498539513626,-0.8146475292012586,-0.5562577827242243,0
97.50262930371561,142942,-0.8741034681532738,0.22435292553236044,1.4000997205447094,0
22.301586577359537,10796,2.0287138335168904,0.041865478593051966,-0.48492980525506324,0
6.442249115480131,113294,-1.9926284207722151,-0.712785971426358,0.27826108639951774,0
2704.1006829017306,118636,-0.6863261984235279,-1.9797332456741166,-1.2870467743518792,0
9.313270450846469,64557,0.4795657239637626,-0.5197633512439144,-0.458710334347191,0
33.750612377222055,7838,-0.3098419512394258,-0.7436625349208,1.4366949914931817,0
16.741415495194275,69551,1.0928613077274592,0.2654342559747383,-0.4261751268515163,0
9.052700006617725,50581,0.3073250313137942,-0.17346688811250952,1.4296911923941726,0
22.218183536422682,87087,0.5623221296376439,0.16535694501188486,-1.37658194988843,0
1.4148612960897082,97400,-1.0427917104292772,1.051244201538397,-0.30155812495974055,0
12.690494197989427,152093,0.15185141798294835,0.16725725200138364,-0.0966410994324319,0
75.96585562990887,120069,1.06124112528671,-0.4572834107107771,1.3833466771442728,0
28.802540806305277,99473,-2.0721743729263586,-0.8354152270171262,-1.8136240844404132,0
4.5202106634951065,29424,1.4409789709239444,-0.19659192442141846,-1.5336747542262075,0
98.43242437859232,46898,-0.068282497855559,0.5430795227354065,-1.201288198021559,0
49.344690042490484,112997,1.1437944866723577,1.1861108677219108,-1.8070006412011588,0
118.04829597301978,75224,-0.0062405427722880815,1.0755866950904005,1.087584285260076,0
8.113849515721856,112259,0.2883949304903499,-2.9252126375891256,0.6709317783509148,0
275.1146978196417,111248,-0.6352592788861687,-0.8515345023871671,0.9919749947416192,0
478.9971405106835,165905,0.9991756799697616,1.5249218188115927,-0.6559276575919049,0
55.608458591311596,149389,-0.5526891304726463,-0.3235175407482535,0.20702820148120568,0
176.81177769803168,54681,-1.0822257491068004,-0.6359527330598937,0.28706971485327293,0
69.95998373868355,28587,2.6624232721255785,-1.1305189085967635,0.6333757127263175,1
23.502453717572156,40327,-0.7118683279519343,0.05450421756353882,-0.41114899315361453,0
5.177120918765723,76497,-2.000490862575225,0.03210155051539447,1.0200626121106355,0
21.191576109639264,158643,0.49413537879833375,0.6921723866058807,-0.047809802243189335,0
3.556794021270286,147657,-0.4051747615234417,-0.5634867860360617,0.9505755041983636,0
62.105807894659286,46972,0.5342328475489487,-0.17492771840354981,-0.10680767142461219,0
229.6800886327366,168898,0.8162628014724894,1.548662176753542,-0.18867578130487475,0
20.240546321562885,113682,0.5947735791395514,-1.722503954574326,1.2624983542579473,0
227.8567712829592,71616,-1.690054552077683,-0.9265601293099076,-0.5509692468768348,0
145.8896396064577,12521,0.11694295334288463,-0.372024890480045,0.14049830682690917,0
93.74263238390277,147636,1.3646468339934779,-0.5021132985241138,0.15216935820731553,0
75.79841629408864,29018,0.12234079340256018,-0.006085945505193036,-0.7698256970158088,0
4.836688505822242,62740,0.5209207193240843,-0.3397341829715656,0.17826822576725698,0
90.64341850654264,120824,-1.0974495764264176,1.2954277922198667,-0.4019117393725614,0
71.51028079671681,85909,0.6784238811362941,-0.18850333556618595,0.14843743369142404,0
9.195095552924208,88268,1.2165336725623423,0.10170945639299986,-2.0918628340715903,0
178.11643843723758,64105,2.526672679697202,0.44126079757431236,0.0932712268919614,0
98.56300095514598,51341,0.5706429036844619,0.5681671225069675,-1.91711654213522,0
44.150947316042796,14840,1.928174211705379,-1.138777312458539,0.06712721295520163,1
142.20653863483395,79870,0.051749203491914954,-0.7993237421279806,0.060450097909295834,0
16.764086585557397,18220,-0.1359263007688994,0.5055350743925057,-1.2571707270992065,0
35.93367610185183,46998,0.19766922351605923,0.3995234485907911,0.8156203077240824,0
10.87422192553164,48384,0.16043908776017937,1.706349598425292,0.7924353628779894,0
105.12055428492118,9888,0.27146118700108685,1.750065946876323,0.335365510506301,0
152.85315441300986,76151,0.8363805428333451,-0.9579367234722123,-2.14102162443527,0
99.36920823946176,88295,1.54580791606649,-1.393794335416409,-1.0683214909827,0
96.57276604874667,104957,0.4108458261054168,1.48864969528744,0.0632139627567051,0
6.221301625297674,92526,-0.19748323366261558,1.2725931142158258,0.17603663253745397,0
1699.1219561436737,21432,1.694465328859301,1.1481298451732744,2.0336436417176493,0
10.13690566788002,33924,1.694430926901224,-0.2759942344806147,0.41671598909080954,0
24.75225033581236,105622,1.1726872478345105,0.6742620112872186,-0.6705246525610533,0
214.0943071917073,45760,-0.5840714241793802,-1.5221050311811297,-2.076695792842802,0
19.448588217925973,16708,0.4493300328565434,0.7254465888542648,-0.531452905098632,0
186.4473616856097,59739,0.06279584939544171,-0.6525333558127642,0.7523084539777058,0
67.0286386833872,107789,-0.5886420123018563,0.055951572018586596,-0.7982527569995538,0
233.16329290939683,90636,-0.37634695858784845,-0.5653402195480385,0.7138947049834049,0
54.572467159150214,99159,0.6546407274555777,0.25785302790391845,0.6473484050174331,0
44.28681201747943,51998,-1.4900139800027068,1.0001913971059857,0.8342269234352001,0
141.46922508206254,79044,-0.11124021093982499,3.5425403230986814,1.2938445319724894,0
26.057764009908194,49635,-0.8117741672256145,0.4026329550724803,0.31989175922670354,0
24.85725046867525,170830,-0.1398350364938078,-0.8593004646215715,-1.5784617061071233,0
2185.9547695213205,34946,0.03102459808567594,0.8740365409999854,1.4081131100294197,0
43.48092592487728,83794,-0.5662807651805836,-0.21711317737306343,-1.5847874157056319,0
88.64316332332213,38250,0.8197274852317957,1.6987551649177173,-0.4861666798192169,0
108.3990793121115,122897,-0.2142463775591721,-0.46086212990248265,-0.264296796933039,0
14.93297876549913,46360,-1.2164810547091847,-0.8393080457879356,-0.6766615390757783,0
549.3829834782237,116711,1.358194822887162,0.5097895809668153,-1.0293563949805673,0
6.1918658123634,108722,-1.0083106167918325,-0.03747268708005391,1.496201920918658,0
3.877322940239473,112178,-0.27661932434852105,2.6870437584990228,-0.708455132422539,0
92.52635588875977,100131,0.033421192438285084,-1.4571413301921932,1.4532981885358927,0
55.12665768600948,71602,-1.1712810206115074,0.3137597733312108,-0.3572740755460874,0
33.02067489296834,25123,0.3898126124842765,-1.8048154917056147,0.19942741999454605,0
45.983904923814,134400,-0.9671931329367347,2.291634369321691,0.6118275588865824,0
33.48055095566403,100566,-1.177417467431318,0.8394645750716443,-1.1161997915407569,0
26.062528628440017,117886,-0.0286623638702127,-0.14976719110428657,0.7319378511732981,0
1963.6455307601495,141024,1.107780586896977,-1.193400012948653,0.4496065380502421,0
18.353839565678395,57219,-1.187305144062358,1.1842216949601156,0.40360716012278036,0
18.514326490791387,159357,-0.7686915517853631,-0.275262925052925,-0.7112955096639519,0
17.626364311792194,150063,1.1768463427649425,0.7520748325756397,-1.0805045862168996,0
6.390342926440226,167139,1.516264702240452,-0.26573908905086835,-0.2192659050002207,0
2.6484956586192747,137284,1.662518064316624,1.5306413559467258,-0.1676802938960676,0
1199.6288576022998,147162,1.882178550606546,2.177692326108364,1.7548986764905319,0
42.587163625512694,89343,1.4746909362788017,-0.8979332935797643,0.209931466685611,0
299.89453961513703,63252,-0.15011450143987504,-0.08541967017494614,-0.3413335696200755,0
56.34569062742324,40205,-0.8339814862600002,-0.1672309439355046,0.1215340711462685,0
11.390111072248553,79428,0.03904934314667012,0.642522864325546,0.1695225443400997,0
8.898182181096942,10988,-0.6540268813247058,-0.40273724220398494,0.92129953487746,0
85.27372785704013,77354,-0.6985206337469402,0.969027721562193,1.6201480318943435,0
33.05748931547844,82850,0.33565504959746034,-0.6863437907454819,-0.5502881313501041,0
1317.1614658997114,40880,2.2030064627717048,-0.8416503267146422,1.3025020093170392,0
75.65241096875737,135611,-0.020101641494063193,-0.8048872083091859,-0.48260263974037765,0
50.09428613519177,46573,0.771323045044268,-0.15186860174020222,-0.7936062026893977,0
194.6362663054225,104777,-0.03823194693493947,0.2842394271839206,1.1236115742501116,0
88.7768532208196,116905,-0.1527870003031863,-0.9359139421465513,2.321832681975605,0
93.90233828887786,115259,0.1989909121521338,0.9464087129749749,1.6533431224837152,0
401.6770937921575,142432,2.2382220231018946,-1.379588977823004,-1.031412981252452,0
254.80012008257754,172413,-0.3505591169225848,-1.3355360905910472,1.1002640395448595,0
105.55467572774235,165583,-0.10016961691616427,-0.35122343882876456,0.6197983884407733,0
97.04284161246142,122618,-1.3216395709857278,1.9924766716458853,-0.30929853784252553,0
6.896549113218746,9754,-0.187508572530489,1.979313938564468,1.553875250710822,0
344.2965977700376,127368,0.1262627314870601,1.3449623992747697,0.9144214081726705,0
31.284223970936534,137776,0.08814254834529991,-0.6450859533073617,-0.2809098758854016,0
26.96918699271479,27014,1.682118745380162,-1.630589004964081,-0.48106946081795754,0
59.59403208328227,156504,-0.9531104249570028,-1.3632249973509576,0.29129187270533335,0
3.2794046734601,95552,2.110107920502215,2.0569842774209417,2.7231229883489023,0
5.308778923903652,109640,1.0695128392164805,0.7351223420823988,-0.8469584616552229,0
68.33328179689146,34062,1.3946006704953677,-1.8629115159463294,-0.17324233693899188,0
771.3801865735539,62726,-0.35272222827955074,-0.9625256821088916,-1.0148888014071737,0
411.228775808453,135091,1.7865384215789915,0.6783589133337307,0.8922634174028151,0
70.50081947878579,11093,0.568144572673465,0.18407240469837624,-0.850277134770377,0
15.166675766989732,19637,1.5269641809141228,-0.303290340100608,1.206550496779445,0
24.139004997692687,27924,-0.7362283221725312,-1.2173221066348994,1.1303513583707583,0
24.690559990943918,104134,0.6069760923806689,-0.5571041409677424,-0.9823884089120202,0
24.435935917685853,169180,0.9625110519711575,0.8015773533646297,-1.3212891153239759,0
65.70294651823532,30158,-1.1500156009490614,0.7937787518400005,1.213791026759138,0
28.68943463894144,47820,1.5864436805713005,1.2059598371501425,0.12409396227386613,0
7.12581204035782,75409,0.4412160049312346,-0.5964187216148445,0.6411366065698456,0
262.69050704484954,108546,-1.2156073567734818,-0.18206596131559358,-1.1975170613152823,0
2.5220904016788372,74310,0.6493318100548395,-1.9241348265899354,0.592606254114946,0
6.868691669390881,57999,0.49999029068152095,0.5634671060022135,0.3107038723027647,0
15.558684077288511,76519,0.2809920106994006,-0.40039356589773417,-0.7975393609660537,0
29.51669049049004,28949,-0.6731585686658821,0.3202449221578807,0.40201250010993134,0
37.24730318157361,44588,-1.0059119348132406,0.8600033245063367,-0.9214411692321214,0
2.439510308327884,4236,-0.06669152760575146,0.11676691251130576,-0.11247505750831313,0
13.332175451120705,98510,-0.47519745016649767,-0.7417979648519565,0.6813458366021949,0
2.9947329443483297,37525,-0.11032661506401152,-1.6228746350672771,2.468780513002142,0
101.46574095086802,111789,-0.33180807652146765,0.03245896869866403,-0.032954724476592076,0
72.72508337004771,92688,0.6239401215078519,1.3170379972423,0.7190214264300798,0
65.68083709907269,56249,0.8234529529662017,0.7560649460565658,1.2684799786727121,0
31.079533288339004,124851,0.07828272378714489,-1.6863106562788472,1.4685150552869697,0
129.80655290942752,52492,-1.4445434257094563,1.4995629080053434,1.3969236979063642,0
243.27130994974198,14941,2.456783772024123,0.41588135626194284,-0.3428720563354908,0
35.05428587145975,110121,0.7250373259923628,-0.14261187433919545,2.917650094618402,0
208.62670073914254,2196,-1.278511501272209,-0.5346516639917345,1.1763001756933713,0
113.75668687776925,11164,1.6374145193657115,0.6770284635208138,1.197314886118903,0
5.396740567044034,40167,-0.5612218268293419,0.02018708940680442,1.6737086638432679,0
169.83833472266875,76524,-0.5537014149624461,0.1709844099335402,-1.4635819635868597,0
57.563882319137655,42616,-0.21435171131020575,0.5744868070799836,1.7251724221162439,0
64.12356615341001,170678,0.31737250970439906,-0.9521156411689601,0.13341624293168147,0
71.1454430566376,154132,-0.13416802245586054,0.21160427582290428,0.5653796869790492,0
5.076476483470218,32261,1.057057168290192,-2.13869285574268,-0.9683097056732922,0
10.884561704035463,22247,0.38672695435059606,-1.799871506631426,-1.8101732818669969,0
88.78782446640838,144177,0.2874923602288157,0.28858718930952365,-0.12665701095892812,0
55.889055360266475,20932,0.48713974487993383,-0.19415443737439758,-0.11676465679064725,0
45.93996608959396,110990,0.8055593944086293,-1.8437410183311316,0.46564060363245985,0
67.00739568277035,63874,-0.8043702648099079,-0.5315730767577533,0.38411320083654044,0
51.48326620628616,118339,-0.07316571914886359,0.8332794750529081,-2.253993119719978,0
23.88430205861753,168704,1.43041749840225,-0.843931557421275,0.4180433278160321,0
28.31506560105359,80977,0.5717413857996214,-0.3263459632730506,-1.2144521100324508,0
202.0430826450113,136763,-0.6841817270346449,-0.5288428662747057,0.6789775600960646,0
158.76455476566042,127386,0.14112835119675496,-0.9112946188413239,-0.030152076857834033,0
393.73283715410423,95826,0.6932723798411258,-0.7694583640351952,0.8971375760569547,0
31.38057902985349,71791,1.5485425721742332,0.06720156695045036,-0.4044236743508498,0
20.04107408209861,53076,-0.4270231939559154,0.6359599367007266,-0.035488157883719174,0
57.7743473498686,95515,-0.14585221471395243,3.29290967615941,1.6317163362412523,0
112.17895704225612,18113,0.4433991785079231,0.33297388763029484,-0.37295031928334205,0
29.49504478672756,162380,0.030347524716023647,0.8891569743709695,0.7153602525640491,0
44.990386216164154,85566,1.3575057230231635,0.8538770173146509,-0.4675066947117022,0
67.16267170594485,130819,0.04147213620823346,-1.437714130006917,2.4506333545502454,0
86.20587256215057,21530,0.39271507911323433,-0.1279844411311421,-0.8765824369890204,0
79.51473482166027,23226,1.7969191439300536,-0.050709164258241755,1.4001546645583602,0
100.51143003358891,155062,-0.757787398755062,0.011549811166714821,-2.46839722602902,0
81.74290683949383,45284,1.7693277891236254,0.47273449090335146,1.3444264295966342,0
30.336838812967876,123299,0.8657851120123764,-0.7781586344657737,1.9098249941464487,0
3.8024559121739365,46546,-0.9015281476102877,0.12190996948655884,0.9828199918300515,0
446.8623117811799,153959,-0.8176582267309798,-1.5581853989062575,2.003970253565935,0
12.525129965800037,123271,0.26393805938753934,0.1962830478617498,1.3478094348309866,0
6.878723488505986,168754,0.3044625243623751,-0.033066056210209416,1.3758003647116193,0
30.67091101705966,66572,-0.5799901019570649,-1.480285764282338,0.3686849221905448,0
12.651681561673835,158978,1.0303283858413443,-1.0867176440385917,-0.3287662722724991,0
142.25025824175705,44350,0.021611431454566368,0.7402324472164921,-0.510823903349974,0
726.7195859913401,48917,1.6400207119509949,-1.4466707478099867,1.8656806435242352,0
73.75062333030813,24236,0.6843935168768712,-1.4510811587780494,-0.8785073889273637,0
4.8270820995369945,125030,0.7902534437381302,0.6738221609695411,2.6489250735587233,0
1735.2727401350603,2700,-1.1430427129912466,-0.021357799601569916,-0.29544801077591754,0
12.84121666636808,62993,0.457363052439717,-2.3803425380687897,-1.173247026300988,0
91.00221297254194,116936,-0.41200232638392265,1.8707616480067784,0.7540738852006647,0
574.0855793834477,150390,-1.487903594328581,-0.04611760574513929,1.3261732100797528,0
55.77967756772698,148293,-0.9967410520821429,1.012540218426389,-0.8531793039489316,0
385.7779318798733,94437,-0.6159041494897133,0.7442238894484607,-1.0489420276883652,0
90.28541088148009,159020,1.024492925551009,0.41622102491149277,0.27439314768730017,0
91.72631252054872,10128,2.8455882859277217,-1.91145507910583,0.1094173827318321,1
349.88120001835614,3037,0.7209126053382378,-2.401386430361311,-0.49295713706769284,1
78.84119502426644,53270,-1.7572299828883782,0.133707574148304,0.3309869298281109,0
22.008475199064996,58204,-2.547392336707459,0.6657399671493287,-1.3392353032221362,0
197.02556433781237,132852,-2.026813088975795,-0.7176856370658609,0.761510475880957,0
76.42822895002459,45101,1.722413923135265,-0.2799775326693215,-2.4612245419765006,0
67.69142143584591,5202,0.683850338252479,1.2387776931277663,2.403243238677205,0
5.459949980866885,70540,-0.31258560990007545,-0.2845404527209113,0.37197836235430626,0
30.341825762821813,6107,1.557951757430567,-0.8727348201092778,1.2907468734398426,0
90.00325195267877,28299,0.5089444107005475,-0.22680483242730212,0.5119977108522922,0
4.337257421791227,90312,-0.30062318480831546,-0.02648917179818054,0.9418737214831733,0
4.32318568939549,102880,0.5358310171616424,-0.41950485545656935,-0.642025992710085,0
1202.6170846768173,32121,0.2864339383260906,0.44999501138469283,-0.5737673849735989,0
6042.800246669641,91641,0.7495001009110849,0.46499675591688405,-0.5516742127327543,0
58.37305616499506,142637,-1.3109593517121627,-1.0078686036764113,-0.6832536254758937,0
144.95864838106786,102341,0.7665622651225212,-1.1048821907558652,-0.0771478150284028,0
1908.2291630516736,155879,-0.4937980302722848,-1.5062526072930138,1.196330882182467,0
55.32841197395804,38210,1.2590117547344168,0.4490365095135286,-1.7942564573006754,0
0.7801778307320307,143622,1.775164210156554,1.277364315553677,1.0024732864589836,0
13.0406688462689,127934,0.1706732983097218,1.5016530633341998,1.0634583148251793,0
13.994361618223092,98354,1.7982892076316828,-0.6664521514332091,0.24044086291982153,0
59.74759816466564,60878,-0.2203360259357176,-0.23283537716814567,0.5693408169567395,0
30.484514617600247,13432,0.44481095838849527,-0.21634010591803055,0.9926847744050626,0
422.508956319023,147615,1.0679592267360083,-1.1845916063199422,0.33998884777584965,0
376.9503900005332,73396,-0.20352421587153044,2.2086164415421394,0.3012770823480154,0
5.358292220821008,86257,1.7688865497108308,0.3220012244893257,1.2212666282609026,0
11.707469429507816,158332,1.3209795834699365,-0.357504827316693,0.03296263166521469,0
38.70336326054237,20121,0.9441934794130628,0.05895538012426263,-0.3465105711469339,0
80.1785408436808,142838,-0.2646368364939186,-1.921610463548093,1.6698820113262642,0
5.286345376470871,139108,0.26615482051443407,-0.9872260997942012,0.6893999879870176,0
649.2770056650764,35284,-0.12504309797265503,-1.0362703800015731,0.3120650842243146,0
51.81023669376686,74398,-0.4286552588146581,0.5109820296142538,-0.8669996582372288,0
31.492939639428336,87971,-0.961171444867649,-0.20180126992733263,-0.04990844027620933,0
643.8408512991127,151186,-0.159644560285088,1.6006446664886447,-0.29559059079426037,0
4.2045211104492894,34484,0.7736874990827372,0.21994754835391378,-0.15981768626531012,0
132.7106043598256,27100,-0.1519499533670495,-1.0982587699016857,0.09685257280643023,0
25.078224519319388,14959,0.7909004765368016,0.5886269156354452,0.6290948141058771,0
9.963911556915695,9605,0.8957015563672838,-0.6358354657044643,1.1024120480870903,0
7.330848749641519,29295,0.7573266821057046,-0.10709966691175148,-2.618569310524054,0
1241.3943258034062,117957,-1.1071929552053092,0.8451310315400026,1.0988945706770805,0
5.763103082883808,55871,0.08920923244101718,0.3679515287214485,0.5833519369247376,0
8.510829288281098,36317,-1.7983248864912051,0.13450902121929603,0.8330420994346656,0
236.05411486929057,34851,-0.11057468334688901,-0.6479403392329912,-0.3561020117643751,0
23.67226574439916,68345,0.31724778206828974,-1.2470384314271399,0.4019415851947021,0
665.1382334085955,122740,-0.7898195303110573,-0.3500393284119419,0.6955115502876772,0
176.86460514953416,133001,-0.6492989028157524,1.3171327662197942,-0.9936430499321818,0
25.208277411348192,60796,0.40797754491856025,-0.2993633872262633,0.3957672900538299,0
508.1970331969398,65524,1.8089258374180954,-1.44846767542831,0.11156432270459424,0
201.08628540852064,86348,-2.1057046630870007,-1.9468940328503692,0.7199265774876175,0
1841.6850928673998,117328,1.2638131130310506,0.8602485386448735,-0.9120301527631953,0
14.480398813682132,154351,0.6935954081299573,0.7756142990707563,-1.6078891242825326,0
3.9229469881001577,79258,-0.9078507643978491,-0.6027057213356064,-0.03618495647623496,0
13.949802038630354,6732,-1.09101445964493,0.022210294624099052,0.6215082495439329,0
1496.2693506451833,9628,3.6647802963727534,-2.326119959531452,1.646492569617159,1
33.09131182718273,43839,-0.9515137518698867,-1.5768691170558384,-0.4007655537677244,0
419.96603975013176,38079,-1.6457035794302544,-0.8783202274735916,1.1687378477600563,0
21.92163070920805,103722,1.0737884756291727,0.9662022148170659,0.06927254997727587,0
316.0790826971411,86613,-0.5121307350476816,0.4821600614730326,0.06386143515568418,0
149.45720754138642,113057,0.7472805557478597,0.014096233541645542,-1.0113937715001535,0
52.112852150717146,16756,0.31574045109384286,-0.4199497419601109,-0.31158727772714917,0
9.070266185244405,131465,0.6250137104947227,-1.0396233350030044,1.6143787736232398,0
99.38253585263413,24821,1.3124121587968651,-1.7988621773517033,-1.2396378764764768,0
63.84982912525905,8611,-0.35206531471617036,0.44544256030477053,0.7167244714737464,0
42.383850922394664,88074,-0.26127649065077657,-3.158857410746657,-0.19665104601050012,0
119.61200731089156,172472,-0.5549404347094733,-0.16798089625536644,0.07619008401840914,0
135.50586547462194,170114,1.561521305446578,0.18719974699502256,0.9739663587029933,0
333.5898459747793,78243,0.9143951955227455,0.8732029726969447,-0.6058361090455208,0
20.04110526236343,140904,-1.0294000396570753,-0.2658646538740087,0.6924443979636931,0
940.8944251608117,88393,-2.126330541759219,-1.3785561396541601,0.29189837958258513,0
540.5014637571137,16683,-0.7044393994194625,-1.0666964334446485,0.49460510137792546,0
143.77164923496974,134556,-1.6290008878591067,-1.1196079402171397,-0.9920757270311459,0
22.49004612312255,152963,-0.2493849708586994,0.7635303880868199,-0.5537722669574698,0
125.1558960681129,161760,-0.7112998965496992,1.741494081377662,-1.2333695969447573,0
33.628919156980864,112239,1.0760319812435335,-0.2469355669476783,-1.175904874793093,0
258.86583512546565,39865,-0.11118506855110653,-0.4307965796557911,0.9649221267439841,0
37.11606887185962,110713,0.28661485118307733,1.229479821304156,0.3482382008634728,0
97.13465127803198,57755,0.22632253760682547,0.9139051216245793,0.7641708457372771,0
14.203819709865643,100927,-0.10023871298572017,1.581966475462011,-0.5468824322871798,0
46.05236097381675,139130,0.186861289667135,0.8053359669519938,-0.5492017512413025,0
16.390483433318014,159397,-0.4475161804769566,0.7153419736926079,0.7483107364582996,0
27.245093797782904,165913,-0.19037146608692862,0.6089981521499223,-1.3321783323976617,0
3.5018194717513875,103127,0.12863934918253633,-0.5255418241580966,0.07898424940632576,0
181.59385835827504,54890,1.840616840168011,0.12073504410057172,0.2625390102168938,0
103.14134120568292,3768,0.5795205413682821,-0.1789902705207951,-0.4911774196973729,0
43.57655644775621,78156,-1.1544608213292546,-1.716798827129856,0.4371261467186698,0
33.398359436323624,39095,0.10203141675331832,0.9452296108252446,-1.4204226542233307,0
8.855283628688971,108720,0.7830721518306724,0.5378232036194677,1.493697540579126,0
8.01611504106923,5560,0.2978672541103337,-0.0006734970739592443,0.6117644691524531,0
132.5161038969451,165961,0.5621775260250088,-1.104708834468202,-0.3004902601064947,0
5515.350895223574,5149,0.04618989443453159,1.2735148832829344,1.216192248403992,0
6.731696841565607,159720,-0.7932211324153197,0.7523090371498001,-0.6327580289585402,0
51.7023940974534,153190,-1.8535052301015995,-0.2142154202611746,-0.03507063347516668,0
22.55491189410165,142049,0.5946797671436573,-1.3824043410246747,-0.7673670027361216,0
131.2082922655346,99970,-0.5704147687420185,-0.28543631215008014,-1.4949258686476916,0
664.0814585756314,53918,-0.22974837826803274,-0.9101678138682486,-0.5750088530158121,0
3.9981911213627805,113487,0.9485118022193901,-0.1572568253256721,0.5014215796246699,0
24.794657714398895,138093,-0.8297150831481912,0.40805335029920914,-0.7955125333398276,0
5.698552031119339,152834,-1.039512342900696,-1.6962126098093606,-0.30673353662424935,0
39.427929051753445,25346,-1.352218017419173,-1.0921249111438704,1.3320045928374415,0
15.41174848224724,5839,-1.6740350047575745,-1.6127118547649015,0.2447892947661827,0
13.151959492338484,121238,0.1854519101577268,-1.1326122364303337,1.8958830184653723,0
39.89165640544409,164551,0.7994169002374837,0.40354485892511693,0.47640635433957834,0
6.8934573582303695,2438,-0.6532276005817509,-1.6839678486262557,1.7601170933873296,0
97.66271107100202,1011,-0.20277464275184698,0.5052983148666259,-0.3198188509152358,0
6.423904971370354,93434,0.5199254558216722,-0.30384198671077095,2.9877270681522736,0
87.7273698619063,41098,0.9199766424174479,0.48198990740865916,-2.0239319476014983,0
31.51575199873287,73247,1.423380292442351,1.0648307027722408,0.4697478882336783,0
56.16133746033577,97847,2.1217245555939606,1.1354757958494672,-0.8543436424630786,0
1010.0878754184901,167506,1.5090153768240329,1.0502192769549885,-1.2119658026649065,0
1136.1598800336392,60526,-0.32783419016137777,-0.5809632555822539,0.599441960584794,0
25.98584013429092,60399,-0.3636989907826565,2.387182067211306,1.0016138347025825,0
40.727945287443774,23902,2.7199121426674515,0.23515110799777464,-1.146613169653815,0
18.21442818394404,15740,0.5521804505663915,-0.1400971305863064,0.6070259496303463,0
277.3761853402515,61240,1.2128306957735844,-0.6364981905638366,0.4703458679304468,0
14.200183688899715,99039,-0.752860741138354,0.9498120533387397,0.4650309109382592,0
1.9562892536697727,63294,0.11284840943499716,-0.3665857287867272,-0.5841767939354916,0
27.038339221344046,170275,-0.45548009190006444,0.475101404335161,-1.617723253011158,0
25.800780303000167,20325,-0.7061721556939115,-1.1598488081726435,0.8079219242134412,0
425.02217975535507,151908,-0.5294432884192151,0.9527983204070483,-0.6711169830995629,0
1.997823705536449,38458,0.5117855004458322,0.29379897315504755,-1.0756043482161357,0
172.32193846489383,52723,-0.025808888618631173,1.562114942511254,0.14669003527326363,0
77.27814695198067,23696,1.1088441105151678,0.4031808548341981,-0.8185078074691585,0
40.36124933888512,65107,0.4264144538441172,0.2132922459667029,0.11721438877646397,0
1.099982607437702,83325,0.2947642919753743,0.649708133469094,0.11172569247341996,0
98.49214108851302,26597,-1.8643029829619684,0.3868722752618258,0.4398985161018705,0
18.88864896474555,92675,-0.0631549973076644,0.5520084030028544,1.4914133116012993,0
41.108492407914845,5589,1.1252245740701357,0.05025380585114475,-0.7724235459826073,0
19.776755675903676,25757,0.7721623679136922,0.15265353901464773,-0.09395083286309495,0
31.6657818796919,135880,0.020659086357400967,0.33450018742766,1.7817821307242545,0
58.28075890601509,11752,-0.6378867915099083,0.4105497307387887,-0.8630521067926393,0
8.024272869881914,19941,-0.594064369306493,-0.9006858007941478,0.23482800072863494,0
3721.8705864735903,164649,-1.6369581882072677,0.9304269271558467,0.20614227561458273,0
58.23935367861397,97519,-0.1553440463671795,0.918169936377662,1.6288144680686674,0
9.761664366846222,167760,-2.446377079991236,-0.6043962149717321,0.2887976572320499,0
4.766841611592293,36827,1.4645643604979646,-1.2583264413786959,0.4630696898953003,0
40.43509591200086,123054,-0.3233260018399105,1.2268419411695035,-0.2811192862241156,0
41.83620756759292,131279,-0.07664205883625971,-0.8161556397634894,-0.32353914418744517,0
24.926100547131707,82318,0.344741592375737,1.1257604230382845,1.8254636561290583,0
8.124696445239357,27182,0.2027240028633781,-0.6332985545583092,0.3289336315544115,0
195.60143455331416,28842,-0.327991387057241,-0.2963535752959992,0.6122147030602799,0
89.2837308754185,40301,0.40136750592223985,-0.5078521529042765,-0.6634319927720331,0
3.121421987398824,163958,1.1272443424924565,-1.0040502526223087,1.1603430778190895,0
57.43067581008707,357,-0.3383234681038072,-0.2534207190686358,-0.639101159490861,0
21.600953059673323,172606,-2.0863241335833753,0.1604631787936936,-0.7302795330627527,0
134.9146056324863,171435,-0.3823193453089642,0.18524878213872037,-0.8911375011106187,0
61.32703526541177,68947,-1.1523006326824563,2.103647237122611,0.885149987944473,0
74.76137281604294,124679,1.8838828244220576,-1.5027480630471552,-0.3049780596165126,0
29.826164641819553,79946,0.9169520750588207,-1.2189315706277835,2.059422106030135,0
16.941804014535585,168559,0.4250614330054168,-0.031294558693238377,0.13540571308084356,0
57.00638882037333,106716,0.9191424123375328,0.06317665383488619,-0.7880089390880831,0
130.65823845939317,134846,-0.7515216389830637,0.5661088640185306,-0.5015626863718105,0
55.32226681390443,171966,-1.0182205715205224,-1.076294635383557,0.3265008284794186,0
56.42053746926337,90254,-0.5724790161580272,-2.11547751027092,0.1275279243366817,0
113.23496430444222,9615,0.7695633694540893,0.28464311057991176,0.9903685820446575,0
46.687936419357854,27648,0.5858466304488112,0.17350187286621133,0.8136521360630385,0
135.05549667092518,8100,-0.1470150566233853,-0.1452406935677733,0.5618456745587429,0
21.883473051868343,30493,-0.326648159141735,0.6898002792252581,-0.5003114459297389,0
6.442080322634173,40916,-0.3938873280762631,0.8933430760179519,-0.20605148224690945,0
263.8760085971034,110382,0.1960215572313542,-1.2874624280802767,1.4267433700774859,0
57.47831356668502,168674,-0.14948840201419838,-0.0678639596520665,0.7276302891623919,0
600.6249856045316,60760,1.527066691224689,-0.10832674310601818,-0.12052679451660529,0
15.016534503957125,76000,-1.309883832906364,-1.4224659788355225,-1.023797254819328,0
417.1545548270417,109122,-1.0764787463713237,-0.7588188450510414,-0.5995779256168529,0
22.57176434469858,97994,1.2641151255657403,1.5018558011919443,-0.8234788000163511,0
5.263763847979417,140284,-0.21576442509979982,0.04749841235225536,-0.42531888301118254,0
851.6606495026695,11230,1.1386784291711995,0.985232102034417,-2.175358073427941,0
317.40019261626685,152587,1.3191368654420343,-1.6381190018848402,1.243694098956813,0
23.83036408262335,75043,-0.10149941044647998,0.3902491607740047,0.47043497238071136,0
21.280175260526725,15772,1.3236541021775767,-0.7270204683237236,-0.04238199422503966,0
3.1926673702111183,78027,2.566677656248959,-0.5253287262407881,0.05510605550617774,0
6.078315354922045,81897,0.7574045396634452,1.0809869898038096,1.5053343430150565,0
2.2641912960362296,92776,0.9900599338124456,-0.35382469897796737,0.763545001607023,0
30.370234476862763,32187,0.7932029679890094,-1.1178846934790423,1.679668151624591,0
105.00507295355936,73086,-0.8239318034408531,-0.9933141383036216,-1.1283389610446826,0
5.53734712709404,48648,0.9460976488784196,1.2246348825710507,-1.1480891731799108,0
41.19881379799386,76939,-0.5097026130781129,1.0374538211120918,1.5748827660117786,0
56.591260486851965,41811,1.4686564137609928,0.7337734251558419,-1.6733260120064453,0
12.005969001813959,130078,0.2297939415545565,0.42788146105005964,0.7136662159185226,0
99.1323922954482,102900,-0.5242205412685028,-0.8607890176999535,1.1675743553678555,0
7.470250038024238,109396,0.8994712621690233,-1.606073112278437,-0.1867265891043784,0
23.07728930782767,128750,-1.0636322535261251,0.382000741448371,-0.9773411501232063,0
31.259754851333383,13351,-1.8311034034251135,-0.21512036237545032,-2.49152276149851,0
53.75687496415913,108033,0.1442299711366317,0.12701725784578535,-0.11924614197491425,0
35.87390127709259,124077,0.5075302569449329,-0.8530651849221563,0.004051874968898503,0
170.93271191126368,13714,-0.13211705617465663,1.516564647525132,0.7059059442727854,0
2.93275533060841,140329,1.0072035785432367,-0.7335010877919662,0.9253147589984578,0
10.610225431486686,93402,1.9795673013243793,3.013087684068009,-1.4893082877873582,0
121.049841681838,28821,0.6330019215534686,-0.17999895388003637,-0.9784412603769179,0
42.06387387299268,30027,0.31671234375821283,-0.8174552093878679,0.06659131315886634,0
30.522072957387703,26447,-0.9669925698548044,0.792616047392499,-0.2114772543833642,0
41.0276135409586,62293,-0.013563162600136246,-0.20895171900515247,2.8693906965807034,0
206.63134343505828,73065,-0.3442688839979391,-0.2550926670063361,2.2791307744186113,0
4.8126141327375525,98524,0.0908279858682596,0.31508119759371506,-1.3147222420378146,0
11.281564748931507,28082,-0.27282987942542847,1.1565101857067883,0.5265715374884304,0
138.80984645846485,6518,1.6546879332179514,-1.271868930577267,0.07482002008650854,0
38.412706355151435,126718,0.15189850728487087,-0.33991258540422503,-0.31885191901026566,0
6.563634229776559,143746,1.0893683761109318,0.18162134661394186,0.6327353259298062,0
97.4641849542198,141006,0.31068363200833465,1.4735925928398832,2.0128432436184824,0
87.11562751964014,7546,0.4924565353286228,0.4789170411923556,-0.016388105216420958,0
93.55810061136803,102188,0.7392681797424095,-1.5401783738142574,-1.0910378795739528,0
148.4045254456852,8373,0.7365070872331161,0.03292094403386307,1.25353298510596,0
228.81272078823304,106330,1.9729815705700908,0.4364668255319606,0.9045822592590432,0
82.06612926863052,33435,-2.3982401948107435,1.0144492142116794,-1.7954270280060811,0
14.268995643993248,50420,1.5269913952575875,-0.6327516402877534,-0.6086759919797367,0
73.19336918244892,16328,1.5810976403249952,-0.14086001846563967,-0.24793031237611798,0
57.4680204059459,20140,-1.4534213617381786,-0.5567057197954332,0.1236494131012617,0
78.16877695662666,57326,0.5583084961264511,-1.4510472565135701,0.10769898311811553,0
328.63484145342943,27881,-0.2327672880924338,-0.207700237399793,-1.2294484094835103,0
41.0774685131857,51747,-1.3143531443489607,-1.12119034923658,-0.5386803545471036,0
155.89713057463135,50528,-1.2191347212312982,-1.1180433023213143,-0.4089201444336069,0
7.772782004301257,152330,-0.10162421975429613,-0.5831775432772098,0.22649244890008283,0
43.59387328310187,153044,0.5774160915866582,-0.8917916657015759,0.6959564729746451,0
115.77414356257806,41477,-0.8987498792481037,-0.16667523343363894,1.1971827340290753,0
942.0915644538622,39927,-2.0835268321290727,1.511720683973854,0.04862426755956348,0
6.9535183066111985,29663,-0.25690790626920657,-1.4773649777003057,0.5507994253561114,0
20.2562303545065,41274,0.9583104165256728,0.49896852345216014,0.4775807086643869,0
81.09597884641651,145597,-0.17928533794649815,1.287278658596949,1.0808082933384482,0
36.19823559796054,151857,-0.9921685914292677,-1.1384015187012748,-0.12887139500331604,0
51.60631416452511,114639,1.3443490834259,0.3104548448494993,0.012953588446498819,0
52.5865067874603,89364,0.9131134687879375,2.4950209607127856,0.9119871935436019,0
10.664920357939941,163765,0.5477808759771227,-0.7278296414805125,0.397732125430434,0
10.534834956483813,94852,-1.3061354616053111,0.48563279310541185,-0.12153670983329551,0
91.7599559896636,154583,2.7038535280496245,0.33765408163038974,-0.30248668877749213,0
16.681299754593592,20113,-0.6823225679131681,-0.38436794403205904,-0.21832344345357532,0
280.47108553532496,610,-0.015193272175654216,-1.192336174268177,1.8601160566685768,0
113.50063451048847,166804,-0.15095548286889474,1.9596224591546232,-0.9990291195685328,0
6.383734031600959,142121,1.2148846241258517,-1.0565317401759136,0.18482004651720066,0
205.49263194088664,77613,-0.1097732843236449,-0.7855032898134701,0.5562673071352094,0
145.25405571086907,128121,-0.9460618162604004,-0.3276705720808287,0.6325152962980053,0
74.26301205433379,110164,2.008791387057229,0.3459069140630455,-1.1758483647506461,0
84.19391012090128,21692,1.1425116852514203,-1.6423825438384838,0.7708599856404641,1
148.2376509456791,23855,0.2735017723065574,0.42744361418550003,-2.6776503818973314,0
56.77729871438987,20195,-1.7377935249071006,-0.2180617585463517,-2.039024455558192,0
152.83979565046914,124814,-0.3502078928894233,0.3685928072241187,0.5965231935136953,0
14.225507543039699,109119,1.8163688120262238,1.8744344571498164,0.39144623637431003,0
25.360085102830034,77818,-1.1897144758842757,0.6960560561591387,-0.30131819003263693,0
117.24553738204177,157922,0.06706950001361274,0.04476805506187739,0.48630770806671764,0
31.893257911954787,152472,0.028028350914875422,-1.091937155190818,-0.7112844258981303,0
54.11264737087619,120973,0.8751603667989681,-1.2104240348118522,1.0337735600532856,0
11.53960050316182,30539,0.9369517426981504,0.772312433322505,-0.6269425018739511,0
5.247544045729729,87508,1.7699608714096793,-1.0606433585734987,0.40790508986832563,0
15.890415801830676,40916,0.0476196565408753,-0.8275908479788722,-0.46809039860260077,0
115.91421023486558,127113,-1.8086444634639394,0.14488038669575887,-0.09598291018623589,0
67.44614114163272,150765,-2.42340957442348,-0.6299800632030134,-0.11315390617174313,0
241.74645367366807,152382,1.1386146991727846,1.4062454742004482,0.11768376538959165,0
42.952386223311,8109,1.9998140670142204,0.2278196670975589,0.19335696301779168,0
86.11881335304385,95909,-0.6200342669721958,-1.12210688549062,0.9235732842268142,0
50.21037737848123,115708,-1.1587327671480465,0.2403492067404027,0.40093460893470934,0
137.54491372883157,101511,0.7322023382053983,0.07725720978345134,2.018516837422898,0
90.37360639949992,154220,-0.5859052014023209,-1.4843219869644584,-3.205284572831442,0
196.10495531194576,129128,-0.9197649488420314,-1.2960871855984026,-1.6952472906133524,0
15.004769762755348,102476,-0.051606782415304926,-0.5762537083151704,1.264045806886212,0
72.9288612553114,140487,-0.7851064181031717,-0.3236442723820959,0.7178727872270712,0
783.0811056719413,110907,-0.884822741341307,-1.716776980668866,2.545099377511454,0
512.6045328059174,62415,-0.17527421289348555,-0.06395956274084509,0.21363205906200727,0
8.47702138878051,35191,0.5240948603857766,-0.7546640562071331,-0.005947712708807443,0
3.1597552709937466,95973,2.1499421499827456,0.6672309478648571,0.41762481218039416,0
14.232114735265329,108497,0.8219797480807941,-0.3216943530710812,-0.9862556435080704,0
53.624388990054754,145344,-0.2571206522302642,0.01079552415970097,1.0671182459522108,0
28.3269188741621,144582,-1.1925445137535988,0.31952550155286513,0.5066595199918966,0
33.76683263436047,74888,-1.1428933344430572,-0.6201670010472504,-0.013987454826056097,0
14.941992821293262,129191,0.31890729178718635,0.6395216391243178,-1.0522817490119312,0
4.080525037280974,61262,0.003542052301990255,-1.2188466958774826,-0.32815000879640976,0
33.847919229055144,94165,-0.6845423311979185,-0.1784185053990174,0.4609394813219139,0
46.07462010213257,34828,1.1191059165391355,0.4325427980302178,-1.6265738126768534,0
44.283651033270495,172321,-0.542046466002575,1.2237156083964873,-0.2726649576894646,0
88.26334185886958,118069,0.5391771907141926,-0.6210409352314157,2.4098240096961736,0
15.973318783433964,27841,-0.6821000443823176,0.47677107429424226,0.6859483359497481,0
21.049676243564775,57940,-0.3234339340220389,0.15993769608741054,0.8875038197308454,0
25.436367875799174,112385,-1.9758785998779718,-0.2613195586692683,-1.7570209355554338,0
102.1580504620149,128928,1.1124450576758635,1.0762896783180331,-0.3623679614345714,0
27.910896175562815,45833,1.848219810800579,0.21077825293112737,0.2541563977128691,0
48.346766457596004,84463,0.6475832917320022,-0.23719280517247074,-0.23353944800643736,0
12.30446187454486,61788,0.8378732282453899,0.5118427248381662,1.602703950684677,0
16.850321189588698,2808,1.2218503820413373,-0.20471970422670188,-0.013720574625968108,0
14.439660420103277,92905,-0.7430638929618264,1.1944024284020938,1.0665232707489825,0
198.48434540118444,102099,-0.08854590434314269,0.12871179935109409,-0.4369026342922914,0
928.8230000405761,92506,-0.004422013449600294,-0.2940601154494917,1.6131649867418232,0
89.68473198651321,3926,-0.9826933811656181,0.4822286149202135,-1.3438612821903502,0
37.53070493767705,63389,-1.4060599718086115,-1.0380856079988148,-0.6633259156109674,0
31.66857956002417,153792,-1.0645123664146208,-0.6804645448558456,0.4930356189385014,0
38.27404881477162,65950,-0.9326360186605906,-0.4336192606620852,0.060271648799645854,0
52.01744189644306,122942,-2.1991306436591542,-1.1391453758794043,0.9522663195740606,0
1.9584337586760427,113850,0.6744934610580055,-0.8233538538629527,-0.17320386083825104,0
224.8814239527167,34533,-1.2472899223083156,0.21715755702604989,-1.587365451396321,0
26.449051738121902,142376,-1.3009032262966083,-0.5763294238067298,-1.1589670060402184,0
17.469304701435725,38795,-0.23972614359004865,1.2047728659354766,1.4332035601314566,0
271.9308321372641,744,-0.13538539023528723,-0.5336474359924204,-0.3440826586189069,0
129.38694964496744,133783,-0.9628012147252859,-0.5274950158522852,-0.8795249695795316,0
229.74980493871024,32784,0.01131542146563345,-1.1286883398791763,-0.49265290911083165,0
728.1053700845423,84738,-0.3422989289251469,-0.04713610863696223,-0.4351574180882052,0
7.100859183809742,3415,2.2816109693836917,-0.22053426780068883,0.33419900040399775,0
81.15672367372986,82865,1.0379371147955903,-0.1565442569158978,-0.3630363416529921,0
15.262801870000718,152963,-0.200270622290063,-0.7753177162764961,0.37163817554683337,0
71.48112357840841,27987,1.2981428246814168,1.8900691481170082,1.7799751991612176,0
40.093364775631045,10101,-1.0531621329053038,-1.0178325777595878,-0.45129151630064446,0
5.072308733701856,10910,-0.7010815266441834,-0.19471553509364495,-0.4979753594177402,0
110.57836932015432,37964,0.0868200842792952,-1.2050403075019573,-0.053828028513839596,0
165.87533597647328,30353,0.7974667404742496,-0.7869033152898521,0.3526432645803069,0
166.28253678777773,82804,-0.1543869494166375,1.9280140654618334,0.29457926020409597,0
13.604876641200992,100196,-1.2462146071877935,-0.1618786641594414,-0.24205497125101302,0
11.212326596960585,137252,0.06248469175184951,-0.8609975686128334,0.6115362475468259,0
47.60323226868853,10219,0.20781339088578027,0.9207704810319409,0.15160101042936008,0
323.2920945268185,61915,0.5663826480430008,0.032767446305325826,0.4721236711171415,0
20.987338116409227,792,-0.07592841889791822,0.14188106547251825,1.1393645163158932,0
2.855924031815739,16321,-0.5407777376429495,0.26939940867612666,-2.4585863668182193,0
0.49274080221638156,78243,0.1307242582889356,-0.4330492304875078,-0.9887275240583113,0
4.130439090191419,73836,1.2581062788651298,-1.0650838811973367,-0.9942541201171016,0
46.293045838946014,148730,-0.7111235431120552,-0.7950461719156953,-0.051311737680323356,0
12.17099839808618,157011,-0.4423857643916322,1.0832860689097947,-1.611689186651322,0
545.5110996297963,99067,0.10971985014457365,-1.2574263703900546,-0.7596790120477215,0
10.021491188314085,75604,0.4489222338644175,-1.583818301961797,-0.7005001648023672,0
49.43956913380581,46335,-0.6802335900524489,-1.3003080588423994,0.1127174379114969,0
280.4211291449678,12987,-0.029851847237728983,0.4973622898729043,-1.8167135947256774,0
33.15292440960287,89086,0.6096272729395391,-0.1488185220494673,0.9317071090541774,0
17.582878243555346,112265,0.596458872997418,-1.3651416855098641,-0.6627473458143385,0
59.64893727555098,41616,-0.14226003066636647,0.25646321160697333,0.6706474047450582,0
6.611458885988988,41936,-0.3288710199507031,-0.3491863364670767,-0.2536960315109469,0
32.74132966512059,102746,0.11564457279258226,-0.521306315373682,-0.13390838516651668,0
100.77708128215978,140060,-0.05852957237653213,-0.32386621382933933,0.8485343702428,0
8.278263396090493,29251,2.116332343726838,0.17391766139895823,0.495136100091182,0
12.217362043020264,109254,1.232629470202941,0.9175198062836217,0.33890846094786325,0
20.295050490535925,24346,0.4275250457869246,-0.2943992620189182,-0.2830982491522992,0
38.00637204995351,145096,-0.5481227695866003,-1.554254704242815,-0.08327139086877434,0
317.415228625582,113723,-1.3648495592478604,-1.4098155550116007,1.284014873574649,0
51.083309354027776,108050,1.486561926816944,1.4706681695046795,0.22966686008412807,0
3.4456803759143173,122766,-0.7456022121418358,0.11680794993126276,-1.891885154022592,0
107.1069729161307,58175,-0.12033071277503346,0.5266108957223264,0.5064766764144457,0
15.557292011296328,30976,-0.3526525992651431,-0.9275836148862332,-0.886312762781381,0
17.288043204847348,140017,-0.5044689196514823,-0.3496568512000517,0.49605237238280453,0
21.970534906096866,81014,0.09839972977206941,-0.8299430402267207,-0.40740353115058575,0
52.48927222232528,130988,1.2098595309795737,-1.1936501821553558,0.8501976759956061,0
47.271621653900255,87191,0.3796486927813548,0.34257347940444277,0.6044039062140042,0
2.60774038242655,166926,-0.6422910194761962,0.5569056615423967,0.41562623313592656,0
85.4669167570392,115095,-0.6235655246580118,1.2478320580205766,-0.9316415857530178,0
141.268921898517,39585,-1.5346028328508856,-1.1192408380970889,-0.7349794191073564,0
33.53913983939769,146906,-0.43023124540051244,0.6888038045750369,-0.10423062246114227,0
52.01773191635195,58308,-0.26764483437065756,-1.2993086781155325,0.3047438693585353,0
4.8418761317288865,89791,-1.0678270722779155,0.16036436247280858,0.8573973000823086,0
529.2289328639803,58565,-0.7204667282359118,1.002940337339924,-0.3736178791609716,0
3533.151176687201,88534,-1.0837254282664195,-0.8412362206209208,0.20489547883961493,0
11.42876540022399,88340,-0.325357506564048,-0.1837617595349125,-0.6259598750332452,0
242.66237241097068,15904,1.2158972608743683,1.2107052132244036,0.6492024261416112,0
2.403932380040528,90933,0.21861750688099985,-1.2083957379351433,1.4620227920860245,0
15.698651632462571,23653,2.5267520608027696,0.24594675759758122,0.17738096779649476,0
13.152675773024805,106435,0.9814295531185689,0.6294540895461651,0.12153644389436564,0
2.270202824086597,37669,0.20247603382456572,-1.5949528571101834,0.9328516790120572,0
67.2584748374397,114049,0.31651157500318755,-1.0580848787601074,0.8108152601665458,0
10.680044358804075,154925,0.9733788329413997,2.3902691166433883,-0.296664975946136,0
65.08449340027059,82141,-0.23545067407947642,1.200358167407741,0.9973985066899014,0
124.22573908782647,153676,-0.9047846252806614,-1.7655628512559596,0.4048251271132803,0
59.57994896036493,108640,-1.2491879025228683,0.1589677383351946,-0.5609219522508836,0
42.12879559584054,135915,-1.3921047962571145,1.1685057034090043,-0.3850210154563,0
164.34310041607515,47055,0.13378376530760255,-0.03795993647838212,-2.4335958196480365,0
34.02362094479273,60563,0.5135602881106522,-0.8012300292737147,-0.4780155748618419,0
56.63616621808722,106500,0.3783792587452512,-1.3931688152688209,-0.908087564707085,0
2.5745357992172844,107725,1.3613433222769207,0.17705882383865232,0.09233546826868913,0
47.22532674178326,126358,-0.03578711264144432,-0.8268256090092054,0.20318749693859783,0
37.86235973446152,19965,-0.6429613650775836,0.8221129427800161,0.7650381327604647,0
242.65041649941324,109160,0.601889167001885,1.4950226202454,-0.6914007475421724,0
30.034060496281512,112431,0.0005154303360431513,-0.9563343448760336,1.3106656222426518,0
35.72536742422652,151882,0.15564204639382634,-1.5429188567791718,0.04708603625238613,0
24.109871677120672,43739,0.2514907169778014,-0.18466969021634144,-0.26976454417682977,0
268.6074906315751,114870,-0.5643130549402294,1.9042500370099613,-0.5362870173541507,0
8.706671752375765,16786,0.7700170441952867,-0.14077320794313827,-1.7263534034313364,0
74.13707809277993,5094,-0.782718852423023,-0.20169827836925583,-0.3838097486612596,0
2428.16625497587,28037,-1.437252307248432,0.16340617144320382,-0.5348736540421357,0
107.81084811364303,154822,0.21326906594261347,0.7866800502617367,0.5684180883717584,0
285.70300380503795,160787,-1.243917019818718,-0.8767367841737047,1.3027372040997378,0
253.4827988966707,71918,2.018314904305884,0.2542942968142116,-0.718418777739119,0
192.3844659462106,18823,-0.4403190700947759,-0.16141525713675467,0.2825148455824921,0
482.112046557853,1431,0.0029468885659415384,-1.5651944671865592,-0.4547010026701747,0
141.549576177142,51940,0.5261820817580535,0.17134225374444229,-1.9603914752598421,0
18.44457088799964,44291,-0.08690004665305713,-2.3711449073250512,0.5711455982061827,0
10.278535089260206,133242,-0.5775235808563585,-0.26465944319321166,-0.5156255260885265,0
228.3781128961605,155205,-0.311420081505743,-0.25502651877567367,0.9876911311480919,0
60.058125814073264,4837,2.919339308887127,0.425545400077464,-0.14687488841842825,0
22.938800274541578,80684,-0.15064322537430794,-0.13811258991694808,1.471973122010169,0
393.89764782317934,107732,0.29169201739009776,0.9156118748641612,1.1456779058700721,0
1259.639582671869,87157,-0.46301780208395865,-1.06304904445144,-0.4772720736953408,0
78.21342260275189,136208,-1.8132479647557274,0.32870784193821745,-7.062677013053761e-05,0
122.32143407975886,146,0.45760118877227984,-1.000094685515293,-1.1238956480700895,0
7.570825573429549,151397,-1.696361788520517,1.6071748876623373,-1.1484107915034665,0
235.72823623767476,32600,0.8760099503916384,0.11558375817537021,0.8739994139900001,0
180.75392447819323,66345,0.5321712962942319,0.2620844596904378,0.08149301219429726,0
8.36777818167689,171500,1.0963410141079386,0.40779307301661616,-0.5806038965748416,0
24.888430223847024,144574,-0.5137569508891858,0.5783161598926462,0.727258600070176,0
4.195845916524862,70875,1.350708603587718,-0.6914055087327199,-0.7754493905666076,0
20.544627651051687,24507,-0.2829080288472456,0.557296871021315,1.8815086551469629,0
67.01363414452476,131148,-0.029715282071545866,0.40763170585078917,0.49569639392883114,0
453.9741771115935,13783,-0.6740525153157869,0.44705081540058383,-0.22193379198603286,0
316.28792617151,5723,-0.5276981429936187,1.1129315020522212,1.0599974295046204,0
154.50374999738673,133637,0.9762997032651786,-0.2146757363374278,-0.004466380936810566,0
98.35899018439049,56049,1.4554691899358625,-0.8121882301271663,1.741506727386585,0
32.89357528836811,90257,-0.8422319343186884,-0.04239673485040245,-1.2328974118993852,0
33.725743302052315,77903,1.4571368114195673,0.9343659548352691,0.7933673534274556,0
12.816903875381403,136421,0.7212281920076732,0.0008143151569047137,-1.2315625826806296,0
21.594798379680242,37260,-1.0196607673268088,-1.0728401278113473,-1.29562934004564,0
377.8998188985259,120860,-2.0707423647289245,0.6116507319544343,-1.0531640593994542,0
21.293442061513325,120234,-1.6165380374323173,-0.867325337866854,0.31505162197581454,0
5.631042176102258,88456,0.612705966739795,-1.521466824653706,-0.49543963237624034,0
64.82647522656873,143894,-0.4757576344090974,1.513547842111421,-0.2412153878681133,0
138.75571532722947,39916,-0.048357308325206606,0.3880996570791613,-0.5130549641522952,0
9.698814665712373,140229,0.8418031067867218,0.08538925191556664,-0.8604076781921738,0
16.486702274066342,146009,-1.7712722157194032,0.7634472360181409,0.2013933108165803,0
34.27460820189241,126053,0.02434771772363109,-1.7838077961812364,-1.0561891534495125,0
13.721852161508716,152770,-0.5026589806941771,-0.17544454666753123,1.8362485103530695,0
138.3253026927968,135475,2.63932125111147,1.8583745121227642,-0.8332060111037967,0
30.27798450427497,31028,0.4293703838779519,-1.018554899465773,0.4326836553852537,0
387.26464859322874,7131,0.1526775573997071,-0.6650670689967508,-0.24595728643954,0
336.8941488305275,165391,-1.4596802799194522,0.8122211043502855,-0.7267695489536036,0
59.31124184248897,61305,0.25922688104039643,-0.34092117283675905,-0.41314652735591495,0
9.19447142590102,12939,1.1675312151814792,-0.45170432512949515,-0.5651608922035279,0
24.706712735410445,120801,-0.531864690022896,-0.8031209237942412,1.093287676459231,0
16.940400078396593,34370,-1.5138977654224919,-1.2542671431019854,-0.41336469895758965,0
65.39484597054656,77332,0.18492528664910426,-0.9762191766577395,-0.5582215295742627,0
20.47393098255011,150694,0.9446984637177005,1.6993342967866676,0.6885243000198217,0
27.255571444013963,30268,0.5514417084565505,-0.38093610366481784,-1.3433807765448922,0
79.46369966355753,68225,-1.5714939180104934,-2.5212255491049977,-0.9844238542136645,0
166.12382459532284,90731,-0.329069393654195,-0.07781168339321631,1.4115672310954923,0
33.953117672979836,128651,0.14895273142939228,-1.6073088853907085,1.8168508505084178,0
808.3521578648404,76844,-0.15148362719584685,-0.14042250096922976,1.3231268269492888,0
3.929737857641586,147932,2.241575539242917,-0.7779933445748974,-1.942606310578306,0
134.93337615016537,109168,0.07882200000264594,0.16983795019406886,0.44481869712633226,0
95.88828217243474,171317,-0.6964618284044124,-1.2922818812123869,-2.649319428479062,0
17.05750798523431,1634,0.9849331459709236,-0.40566781031374777,0.5868167199009579,0
7.4235740309265354,49322,1.1207090477256125,0.6482023131630366,-0.8101206071581483,0
38.605539780918114,60941,-1.8042416476381968,-0.6204183399132956,1.8856573340550016,0
232.12533193279347,157473,-0.34917530188945395,-1.0167430442385825,2.0652475620158075,0
190.64342668290607,37203,-1.2609531396868767,-0.6263105802686644,0.7350071293540656,0
11.004404674796804,82124,0.6404398818849474,-0.7053743624408226,-0.37690396132857845,0
27.790581338054615,124453,1.075079143903306,-0.014099798214034504,1.9562227446706266,0
41.974328496892596,162679,-1.5349286413736518,-0.20480102257327712,1.640349169388081,0
210.73425455172764,118859,0.29948045492492054,0.47155934989925397,0.008348932908125155,0
16.961346367851117,147680,-0.35148799646045986,0.9496334426525986,0.27939425920158645,0
15.976409219365436,91434,2.528722324923687,0.23135539851191653,-1.5459362492676638,0
83.50711245400966,159002,-0.3052609943515658,-0.12334388236551146,-1.7176858666929027,0
0.4653080033858846,141791,-0.09648572462679421,-0.9507121414094167,0.6626562432907063,0
731.7820489471068,159162,1.03481382351985,-0.663711919550502,-1.643363224091577,0
22.450251502943424,36735,-1.1787016298949613,0.0578089667883717,-0.9341955962821814,0
41.70946734511313,48629,-1.0076271432409794,0.8437964106468157,0.8115532374454683,0
71.65628887061676,167384,1.3175494831804473,0.5047848204169916,-1.2168390528067865,0
102.31505910368465,157716,0.13825885315257266,-1.5881784225032418,0.03146654134130101,0
131.90935903647843,70775,-0.7418902202792426,0.02852021945465465,-0.8859458581998424,0
191.46905577995142,19417,-0.1935999705866761,0.10287984697201188,-0.56953225234154,0
143.91092244507067,3055,1.8449786895460167,1.4998130605951003,1.3218489098558364,0
48.86398903356175,60784,-0.7529294496119068,-0.29085460901577925,1.1276711905877876,0
6.559480197622365,164599,-0.47415045723016264,1.50876739553613,-0.3421844749873374,0
3.498997955903726,121359,-1.116887273779908,1.0107880672043035,-1.5514854945393806,0
10.609900873684062,4476,-1.2058847366391576,2.2335341254335623,-2.9770646628677664,0
57.337694667623076,97012,-2.2287864186432236,-1.421503836615975,-0.8585952278529859,0
53.97206006274149,17585,0.02537580494458335,-0.2877980830796524,1.0277268396539798,0
18.382227117150503,89229,1.001127553106606,3.183286992158234,1.7695875317234557,0
74.92789123180246,82864,1.2601723245399261,0.7437096899285512,0.29498242421653764,0
16.241221898641516,95698,-1.3554164456914757,-0.9721306973380454,1.8950499939539884,0
322.2487148866773,103397,-0.17877093831499324,1.416959390643824,0.15180356904599526,0
398.89370237683966,46529,2.170256717053588,4.2015904252512864e-05,1.4551104038681528,0
4.929190274683328,135187,-0.23941117272747336,0.7295903917800586,0.22041335257732156,0
14.657532564821256,134495,-0.5979071437064568,-0.7151487250241361,-0.22923111034432136,0
345.74104556958457,32691,0.8103222842034951,1.3943203508286122,-0.7036583619776698,0
50.79852095003758,85662,-1.2325797443783053,-0.10360257802152698,1.580952084319557,0
195.27678897674798,90218,1.9249557951027338,1.104484581780774,-0.055875539203080665,0
51.889277059467375,53462,-1.0081047077419967,0.9921713380271341,0.0938564357241808,0
6.630335586060782,81850,-0.8371229071130291,-0.4664577613397401,0.10702668633848862,0
484.79856909796575,30480,0.5066828478480739,1.5880230302788676,0.01363950886599171,0
78.36012088796713,76502,1.714830168925766,-0.8696895719716765,-0.5370835403364126,0
17.419986604396435,74500,1.2035029447170122,-0.47915462572687145,-0.17679752173886365,0
66.54590100007364,107739,0.6083896021684184,0.7460823291295987,1.004046054299975,0
126.054639468301,139769,2.516105437206149,-1.1827353505960214,1.11027207726506,0
300.86605659338693,76579,-1.6791949424962558,0.6016845525101221,-0.10702104969417442,0
219.05505772628734,150933,0.8924318301643486,0.06554412009923366,0.9334003212721895,0
163.81506746753325,20239,0.3597162296126595,0.6692272298097166,-1.1513856234661237,0
38.3829592941767,118903,0.15473821638213456,-0.6480368649283581,-0.09314211401176395,0
10.506361594551274,32401,2.7399724793980185,-0.29175938475495844,-0.0030270769499617404,0
7.412372545674734,34247,0.1261681344270026,-1.6665562906059046,0.7125215353265096,0
602.8156684791637,91354,1.052662734280497,-0.16829919160245246,1.9041969330513946,0
24.544649248331773,60661,0.030488814285532264,2.0579844184869858,0.02930485397138057,0
38.972329610898434,159467,0.6079211510966442,0.46320447503905093,-1.0325899839941297,0
9.90927804336593,108610,-0.4031538623979297,-0.23180861039408354,0.546649610086772,0
13.609323438018503,70514,0.2675454009065674,0.2236272145207191,-1.6677614299229793,0
44.114132439196,151321,-0.20894577288771948,1.079965992495014,-1.7051911586453805,0
20.670080982192225,6674,1.354744233616806,-0.33096694502831736,0.23413314786816894,0
152.79194967900298,133485,-0.11697625665107049,-1.8730391102185782,-0.07361310674170284,0
10.383428656115786,21673,-0.19705994935018686,-0.10395210679861994,0.2810672381230143,0
495.7444138403793,11764,2.3424852100141376,-0.6369701617657316,0.9114291605522149,1
596.8486643005828,151391,0.4248560773823195,-0.7119352695518268,0.40680829607564656,0
3182.739129528765,156478,-0.21406271473237976,-0.2504412252604951,0.847254117092286,0
173.7956584300703,138160,-0.4328277649683556,0.9231285115344807,0.047178463749711796,0
118.90284970610314,162806,-1.6919032711322832,0.012600211591125336,1.2196320082229075,0
511.5834850501541,5699,-0.18067136125271768,-0.6379923336533919,0.47491856941335486,0
60.850403354257125,161687,1.9729911841782866,0.30125373951357665,0.3726488341331518,0
5.752687907918954,121638,-0.641116748908992,-0.39840615985105515,2.1541320233693235,0
63.16394707016768,17645,0.7308538275669039,0.6326660016359674,-0.055671903690898666,0
50.23052921965673,4370,0.5850399554381209,-0.9166530316125823,0.36475872845101925,0
525.1566085491588,133074,1.1595605501069055,0.6794383435565186,-1.0727522175362854,0
18.52863538412844,31712,-0.9199910111788303,-0.9481493257379252,0.7677334562367455,0
7.947904828708058,119496,1.139017419426271,-1.9118862005121746,-0.3057146644927001,0
27.504664682900128,10015,-0.8256763881691843,-0.8395578587212225,1.2990027634133554,0
27.069076132526398,65550,-0.33072795927701326,-1.3604503858201815,2.3899931708485043,0
10.373606821098448,47582,-2.370033867822029,0.7467117641602575,-0.1966615769626364,0
90.59545018803318,128788,0.8336295930404195,1.7131611125382187,0.4011305256461169,0
797.1314702973001,150279,-0.5258750757275178,0.17864692018271922,0.5309711748436791,0
50.63498982449502,43755,0.1155688901776504,-2.661996527477353,0.045705132994517464,0
17.13307544949372,146371,0.9539838098062902,1.3304014330949039,-1.8834628276655,0
6.121838201845602,51318,0.300293696935819,1.087326318919696,-0.6950106086468094,0
813.5526536261757,34725,-0.47615875290526694,0.21785480289159712,1.9617946624116838,0
32.004033030818654,164204,-2.1836299021918713,0.725485317088659,-0.6919358414762622,0
4.754218875114804,144973,-0.6983794475776781,-0.7945514494640022,-0.17784403357769837,0
187.37259423774654,77080,0.23926614116266792,-1.0913613554114292,1.7416542482499635,0
10.88114429887334,113507,-1.4221943211504862,0.5142364220703323,-1.3144054956515172,0
22.610017177508016,113056,0.14000704127928698,-0.8878278074081019,-1.4030813784539156,0
284.8561843535443,88232,-0.4042359275763098,0.27671416007488503,-0.7980018790108102,0
266.917886728731,75973,-0.7116031279767636,1.0259960295507247,3.018972859411242,0
115.39081891947517,50734,-0.534685507354756,0.1631496883736312,-0.21967346757383271,0
27.66387433724443,86821,0.1500187063599037,0.3044363426915894,-0.682090812071021,0
269.4158383663708,38052,-0.9149161568136294,-0.41685514066569623,1.8341534507425203,0
8.357850652430932,53001,0.8691568961944912,-0.71377876512941,0.018998973637642105,0
322.22191988014,48330,0.3145803641541037,0.15010886374763516,0.938664486915652,0
662.6772585684315,130731,0.03598149056308932,-1.465913943202175,-0.27750082075309823,0
4.252475196434772,6356,-0.5320521060477078,-1.1386236112853112,-0.6290732495029359,0
963.9573306311681,59834,0.22440212039294302,-0.14725823530768453,-0.25908392438647004,0
66.93949395822581,70825,-0.8117032884043646,1.3433114175411052,-0.43872290579634343,0
9.732188469134728,59469,-1.0649010096640472,0.8671326237431817,0.8586799668739579,0
76.45311887690816,71246,1.0703530383429638,-0.6825331336919811,0.6979530390429698,0
5.0053603075798,108575,0.1797701936002887,-0.6492935960259755,0.8918697337931879,0
194.16422252615553,149723,0.5877180621546703,1.5639733241066796,-0.9872845740904568,0
88.07709490773217,163093,-1.0838348587152593,0.9930235915837735,-0.22845455301954112,0
53.04334610852601,141367,-1.795193027971755,0.7894599640471893,-0.732572749333206,0
83.94494510716675,12713,0.11488374642525874,0.17271169730363092,-0.32381150848961093,0
400.60248135823525,104794,0.6812704285217693,0.7581835337129564,-1.1149605877553792,0
52.54966945098968,10924,1.2490966498740104,-0.1986916595806682,-1.1557155863068915,0
105.63837185200555,36366,0.8624233722184433,0.9964250161946961,1.6027783082127383,0
77.16270721471716,99961,0.14170631463072925,0.22639840228595448,-0.28064398699058685,0
26.460028632974563,166587,0.9960723391189651,0.6084053462385307,0.007184273908451628,0
320.2686520008481,83301,1.7136702258447263,1.3756885916019634,-0.2929267320767414,0
148.12453942970623,2512,-0.8753709952874789,0.4363055204761095,0.263216111711762,0
32.62233694881568,34850,-0.6419974872247903,1.01044764270752,0.8944998125944913,0
49.609544802557856,126201,-0.6835451434833192,-1.513226018940964,-0.3523153245207302,0
12.211018754083835,50785,0.6509431691816743,-1.363021069515797,-0.2347403662799168,0
72.47403918572644,75321,2.9456701074335925,-0.0006279303809728631,0.31477119856526115,1
109.20851092233089,97229,0.016537360011545144,-0.19638580131181332,0.2456734232083521,0
35.32490303818078,35391,-0.8204214846909168,0.05038551514990509,-0.4759604253248532,0
189.06449917914978,67827,1.7411491232969423,-0.4186007593184976,-0.49767785697628614,0
6.791292655778332,10052,0.09627737439952937,-0.3060354848020772,-0.06293203836755973,0
77.53830239206616,184,-0.7207833974621772,-1.7096596363987582,-1.0472161562725992,0
292.4640920447981,65199,-0.3222243450878346,0.3083329263286537,-0.5419254268182865,0
552.7275989726747,47719,0.3926733134779763,-1.2832255699521284,2.099003971953796,0
1014.8681354108571,104555,1.8858108922488321,-1.470218897549783,0.9760212504942811,0
183.21931812401928,51119,0.650728326754757,1.1407678434534048,0.7884291597255305,0
87.89824968091209,64509,1.4001030637157852,0.9159603090443971,-0.15398785599049042,0
89.73807478872212,57391,0.2225759228273703,-0.32207476526469764,-0.5237807680597606,0
407.76522411339204,111794,0.65817237152081,-1.1193825382179745,0.6592908256174019,0
263.14993810083814,157085,0.04835780365576957,-0.5485228307646982,-1.6676057903057242,0
13.776598715988666,61068,2.0913690562169824,-1.023674785423441,-1.0212345585392728,0
1052.0718806981863,44739,-1.6747436323381808,1.8510242258047436,-0.24197824851030655,0
153.8086087515524,48022,0.49044376240207893,-0.5930146186164379,0.414925828324094,0
93.74610267569221,14601,0.37322315903107645,-0.05146464313262982,-0.011179677519176309,0
22.631145886033046,162480,1.7910901621148416,-0.7550047893318136,-0.9781595717499858,0
6.62283684433452,54017,0.9822874835973225,0.18246755759730401,0.480814135990584,0
774.5280991627284,148936,-0.029819913717901558,-0.657984339635433,-0.6694063795568246,0
32.53293438193227,158554,0.7795636838560004,0.7827623681845889,-0.14319081086670402,0
271.29003327940126,171768,0.10900072316230648,0.37190260753335186,-0.010764269678297005,0
10.320541522644906,6376,-1.4759073321126503,-0.7370599488277203,0.6792125752089612,0
973.1626710091281,45909,0.11114624892777974,0.8646869255245971,0.59898090972173,0
15.82386867584653,97816,-2.4572671925099123,0.9399312339112156,0.8293000602634247,0
389.90724177026914,49365,0.6649912387519749,-0.04707545996591266,0.13831892003410304,0
663.6225730693054,101471,0.12405526645953255,-0.3091549083135681,-1.5618071865015233,0
127.0170450267016,106555,-0.6786393560981759,1.5225330383415,0.2175511661757948,0
20.573632062782732,50093,0.12012418094556933,1.2594881202707509,1.5286561366069715,0
48.865843309508264,110719,-0.13688711395629213,-0.585592492871851,-1.3016457450679653,0
58.830506051663775,159094,1.1845260399605781,-1.4163409309014143,-1.3868164509490555,0
51.805099221534476,13936,0.6774457870721661,-0.38943148560772506,0.2938492507497738,0
119.08130881610268,165432,2.4028436566446034,-0.5347035196224363,-0.169921883886854,0
116.38139918551326,126875,0.8027899859359245,-0.20177527983946705,-1.1296721331924187,0
22.20387814905242,151293,1.5193373771342937,-0.5266231168168524,0.073346861423625,0
83.83059917183455,136243,0.36312079833503397,-0.8779514231745492,0.8539370187853973,0
63.42324480898506,28897,0.10992627991129886,-1.282776358112492,1.1685217513976567,0
39.271372623729036,125890,-1.230363440598668,0.799156447471131,1.2133706460104035,0
428.74896214200544,101477,-1.0315729414438575,-0.6967780399852709,-0.6913269966500435,0
1.5119226999429058,35017,0.41203453759627734,-0.8441314424799459,0.06307184681889433,0
29.358781471405994,119550,-0.754316466126861,-1.9731358479696697,-1.0737518540629332,0
396.214625654221,20760,1.0467233522629589,0.6021787287391025,-1.4186266202480635,0
41.45835862975068,99339,0.10708115960818254,-2.3354123892786336,0.38286382859043544,0
61.9766510742957,85017,1.4452017284428524,0.09452092815354625,0.4284465194515754,0
25.611702772149158,133018,1.180026938957729,-0.5030111596666632,-0.31930866426941307,0
84.76872310952496,116107,-0.2199960811670164,-0.7877116194460986,0.5975700302752972,0
156.75966139854228,12054,0.5044022413417989,-0.5601978918637436,1.1426147123227313,0
37.75081226685957,130263,0.392826460859377,-0.11387835483396326,1.2495762005954714,0
1512.4632828896472,5521,-1.4412266373977634,-0.8944332338233494,-1.8090935606728165,0
69.97272270404397,4708,-0.39913399957033285,0.9061686299026125,-0.4747475752785144,0
8.450327068176351,152455,0.3025404840546674,0.14727797360893213,0.5796168931503853,0
85.92581867895638,13052,-0.830880311052228,0.15814253357852057,-0.3105567772011692,0
22.28100914874243,100063,-0.2499406625459149,-1.0799039919092852,-0.4574554931747811,0
428.06399781756693,133523,0.9548810258237115,-0.984048762682328,-0.167092015090002,0
10.449579885366022,62713,-1.0982440340618214,2.186183543296798,-1.9738805215918391,0
870.9581094317795,20997,-1.1381981804567798,1.252572143496336,0.811483557174411,0
5.5648009765965325,4897,-0.7433600032981118,-0.48390248130794955,-0.7571008178236955,0
10.410740249260028,9764,1.908583205106268,1.2253683116889518,0.9068810256086905,0
28.0813260704349,132737,-0.2106541759654285,-0.5820389249985367,1.9474807779302359,0
12.33517583492932,82368,-0.15058889473827067,-0.716851230589448,-0.5629764209353808,0
149.4415288653219,76197,-0.1657218225722711,-0.570371027451917,-0.36075802154969666,0
162.17077324733754,77092,-0.5741430711865415,0.1676148845888473,-0.46539158747647286,0
57.113882816407866,102716,-0.06726785586936042,-1.5750513343882475,1.6095874536922432,0
28.69514978916798,8951,0.7843600740361452,0.13188062804482578,0.051326467932734945,0
509.6221977597354,152775,0.059183833298291307,1.6185209459653815,-1.3124347318679666,0
88.4457895620678,83086,-0.0847735695721163,0.9528891112772716,0.6808086563579003,0
51.80658497495205,107158,-0.3853068217803346,-1.1157079566961692,-1.0495014585859357,0
126.22749002370131,105985,0.9993754747489685,-1.330800380341811,0.4672352502379084,0
61.4636577040522,2598,0.04480791985829133,1.963719542733688,-0.5594345123401453,0
78.67262903313943,85275,0.03340782037497296,0.796960401321019,-0.2361098443461721,0
42.114506912332864,113389,1.2416511069935434,-0.037143563889450636,0.7701713210699074,0
114.37467565309028,33103,0.42678258483513215,0.613902492299112,0.5742681565651491,0
304.6139436132075,30341,1.1526731827924694,0.21141441508008793,0.17369839825051936,0
19.113821995341453,74329,1.293024128649307,-0.42694261727167326,-0.6600864510865073,0
14.384320478058038,109955,0.49778120567970247,1.4785921169171459,-0.025422869724567605,0
173.76334128191715,31489,0.7345167457184242,0.2139729240147875,0.5090739106856729,0
63.21272116299742,146142,-0.9166860861683898,-1.7224392406172966,0.40359722652060065,0
49.270733362038584,57858,-1.4413265392830472,-1.1152332614507081,1.2437412662536202,0
72.80951183992414,102373,0.6954605834793397,0.09688899655816673,0.5269579186267092,0
39.92479035709929,149090,-0.31147311729089733,-0.5348637579084918,1.0791623749833805,0
14.939821418484625,83335,-0.5909244433901144,0.0597020760701206,0.06190230208275248,0
2.1628454291405936,141186,0.09705236291042144,-0.04800405275692788,0.2841292760588938,0
2782.735279769029,144015,0.43143241971489876,0.820964202267195,-0.38808152376417027,0
636.2703884008,56558,-0.7125589714902788,-0.020498896866540717,-0.22981271017926433,0
99.34177833012383,143201,-2.5567057033080696,-0.3540783095927076,0.15204802559376784,0
29.07037965044151,45330,-0.3632811114292332,0.5442315869226972,2.9123250461138284,0
38.78336469763061,148177,-0.5805920053781922,0.19459462579614184,-1.9070224334997854,0
80.00560590811921,59595,0.11047524389520044,-0.30722044749725697,0.8376987055716656,0
18.833368521414705,34245,-0.8944842395445749,0.8719854823074908,1.9112362178906364,0
30.697704751512724,116180,0.5756440309638933,-0.5734502416828275,0.24427239399396017,0
33.58692049415087,46779,0.08756094436591162,0.3133471274934006,-0.8613053955414169,0
12.432813797081986,15419,0.7229920305169978,-0.07043469582755531,-0.24521653033996607,0
88.45711091036905,11850,-1.013877769388759,1.0560755731468006,1.0350153039587588,0
0.8515284141592823,48001,-0.9302046385362572,0.477961533539646,0.5924313911745905,0
22.81291789618769,143499,0.35303532611089955,-1.4906921476754793,0.888935795291148,0
491.99726295750435,164125,-1.4206358980488523,-1.5023086846924367,-0.20156055043577428,0
24.191208944255102,91851,-0.7268333780715512,-0.2263121064688513,-0.029907013466841048,0
7.528242209449812,67863,0.1552600137527485,0.2916038211118984,-0.9774677012516705,0
40.78289579096546,149970,-0.6142230939204154,1.5531933343222546,-0.9749946889676608,0
17.223702290159334,34256,0.27208358373929276,-2.2198450482751553,0.6338959872969337,0
55.11432886108953,55619,1.5787224073031862,-1.6383504400707365,-0.5229270719387304,0
47.07139634285807,81785,-1.7490528632651172,2.257520843125152,-0.7937330068598184,0
41.58523834410619,138235,1.0411979357532817,-0.6646642911337274,0.13031163185363426,0
26.669319701206263,71031,-0.5342008171023503,1.025136617855834,0.22872065035940153,0
6.47069809485106,66535,-0.2734753280281471,-0.3560177299584571,2.3247141885719986,0
3.3171374963058042,169451,0.5438706589780058,0.6057681774318118,-0.6202128259173367,0
33.48110521491939,133659,1.6503282472003318,-1.26856026300369,1.2936855170503383,0
4.300004873226587,135787,0.6066308069820846,-0.5411129132189882,1.0282267026849885,0
32.25670262192041,169020,0.8066809042333004,-1.2555108128013852,1.3435219466806996,0
23.84716717567409,39632,-1.3825384392335016,0.04376477235009579,-2.0606142410289316,0
170.73009974924696,31280,-1.1627216669056828,-0.7017686825832309,-0.7041546960862819,0
2161.49387257854,67505,-0.2634120329245813,-1.9271803810153665,-1.1997967809698589,0
68.51900047050542,75324,-0.4799523527983767,-0.25742208895543744,-1.1767960153393457,0
22.342887973314756,78944,-1.3651067747050223,0.27304711586403274,0.3619689520542976,0
235.7557814058772,15915,0.042095362270233215,-0.4363385951566897,1.235519219443678,0
4.068189437527844,111690,0.9866337700762552,-0.13451662630593225,-2.300179677942414,0
5.314543309359056,23810,-2.7878428691753356,-0.9017888703706531,-0.12571482205946644,0
901.0851466390832,150856,0.22894816528965242,-0.08442374452085886,-0.4403336290466978,0
12.152926259088437,68408,-0.4052486452844039,0.4720965471028648,-1.881597318400827,0
121.66991869558929,130705,0.17544182919301957,1.5995263124114865,1.3250659138838454,0
73.24191619148353,36668,-0.18991844419963433,-0.24268186762970578,-1.4378770393641545,0
413.13258617128736,74217,0.5346329075452277,-1.9858351774413001,-0.39287126892218216,0
10.77392051696087,103429,2.01734256571862,0.5366704053574801,-0.4817738265721225,0
17.296708319102134,21471,0.06794483448650403,-0.9162124340047529,-0.26120275432049217,0
24.522707875291417,30579,1.4195534596478856,-0.03907679949690387,-0.9230942094520044,0
8.511523457194764,24866,0.565774568191564,0.16167446546781722,0.07557661714665788,0
37.24681022701501,18312,0.6602744346735528,-0.09739089937804558,0.16947906283960093,0
50.12090816722695,135605,-0.535511859647195,-0.7440197265770377,0.4157916691988435,0
13.172889924880549,90351,1.0482660389106544,-1.2231826103798877,-1.1622200547381785,0
39.19485941011847,165043,-0.9189390961638423,-1.105825040870296,0.6655089456861619,0
1.5259874925155579,97972,1.4408305988248775,0.3610368535206672,-1.6341751519815857,0
69.20978911374459,128185,0.16636443466557602,-0.33028735058875036,-1.6609343137012422,0
52.644946785736416,33117,0.34532305626242976,-0.1730835121037215,-0.36912458273147997,0
111.13541151487966,95619,-1.6086740580945242,-0.2503708757015109,-0.4556269968781236,0
18.220592156076737,41986,0.8671104020229147,0.4249284495477461,-0.35205478370930715,0
26.31095824410418,108712,0.1832658688229953,0.5798114971659135,0.5200531113388027,0
530.1538314908976,106067,-0.6065382960941479,-1.2771012378634556,-1.4181922030329823,0
159.33369937257729,39913,1.6085945138068396,-0.054628709395760665,-0.1207437595541166,0
59.70677839334119,37597,-0.4941339084556419,1.6863098915358037,0.5043975703896573,0
29.798106433818578,43406,1.12507497598477,0.7751653225708414,-0.5987361548443492,0
111.60619522785545,98215,1.2436353414026524,1.1317742224057195,-0.6797193466526765,0
4.994605908588291,102033,-1.0031984649030776,0.3820438854976179,0.5961387656364221,0
39.457147267499224,31076,1.137680686672443,0.8482158021784307,0.6598955429241125,0
456.14319760494124,136505,0.059258072729135164,0.5607991979706184,-2.7581301712388733,0
578.4646381171709,78465,2.9266984429702654,-1.2014177319309927,0.1587401309490477,1
195.8573462221431,50539,1.106857650284361,-2.1348571645017937,1.6970791772205527,0
27.577117845252843,87009,-1.0898199341643116,1.2584335349944158,1.4425747578672559,0
135.0398419990586,138498,-0.09841224736984873,0.6494428324192291,-0.4776933284560684,0
25.894336593815037,88958,-1.6264348819007175,-0.16755215943381632,-0.3929154409588254,0
62.612947946034176,143828,-0.7667223412673854,-1.435746729511516,0.2973871547634144,0
89.6865082740902,84845,-0.7314490676476954,-0.20673256439612292,-1.1407519644450537,0
22.104230517251825,91956,-0.42156003335545517,0.046178724012733596,-0.060966162717794245,0
57.94942993669834,22236,-0.015280454630098327,-0.9010765296782178,0.5776284267349379,0
235.87870019892665,126543,-0.6889929312469696,-0.11973268217808024,-2.1253930210209173,0
15.140250423377154,36843,-0.5190250123061511,0.1720452173281394,0.7778255290236463,0
114.83804506156183,103898,0.29253339556554475,1.3004115863977965,0.5492092743321109,0
74.18660048458105,14620,-0.9966871102853352,2.147792412248947,0.09851785463295755,0
30.844488028012407,109796,-0.6843348040533378,-0.6612605715817367,1.1979535178733434,0
8.894720386694603,41041,-0.49351362904295953,0.1517926771440837,-0.5864374475817338,0
50.731775689320195,130177,-1.0856709317139972,0.35734161617324295,0.28278206072079104,0
159.61450832754488,28460,-0.6275180959136745,0.009292657779229092,0.19563168723058896,0
62.363887784056274,44621,1.4696499219791819,1.0108815252331342,-0.21563099877359687,0
81.15836809258667,47431,-0.276005615074908,0.08479652014379092,1.1245927750064273,0
28.398980724595596,138811,-0.4539137829191613,0.7363422271946423,-0.37471503503168685,0
1164.6790436095591,94385,0.3117144104601303,-0.404675766316257,-0.7957329493460209,0
39.20902165441018,60510,-1.0876892602979233,-0.45644380789984723,0.27530661515559945,0
8.692844074301114,24641,0.15313895436017538,-0.3818991034586899,0.19486317430359834,0
143.47856507963317,107309,-0.10864204863356018,0.8690745068729023,1.0059502742234125,0
46.98220369787928,11565,1.7253085998267699,1.2251671603189298,-1.4415544280995858,0
24.462643104501296,57467,-2.034113427279829,0.6748611673183552,-0.20976992228410019,0
2.847995137973013,164041,0.02856213366466,-1.323832999797251,-0.11133766408089359,0
63.676282354871645,18186,-1.0422834456184744,0.8984308122451055,-0.08847682829650537,0
443.6962763578266,118529,1.0862769202812468,1.2799825121399924,0.007220684863985849,0
256.307785020651,122226,0.0858549430067526,1.729787193948349,0.028649120922882475,0
27.717831488531345,56188,-0.20133588321866477,0.06910567870300958,-1.104747795243275,0
46.24724743017056,144654,0.13868962486203235,0.40174952880556875,-0.4827268087790637,0
15.224262138461958,120135,0.2133835543609739,-1.3545993796818026,-0.39084863624381816,0
394.4346553011903,145609,0.35335731445630053,1.0462055926040577,-1.2680015202028874,0
429.8324348979383,83574,0.37628784494593,-0.16232158321588777,1.5427149565943234,0
5.668577372982983,52682,0.3836532997161949,1.416691213850818,0.6547359268415954,0
105.71133313413263,50918,0.9116114630027728,0.18913820496787648,-0.01668944554582328,0
102.8721748009375,123297,0.5531833867072384,0.1329505887228171,-1.1911892368901205,0
324.59878440502087,45217,1.8591597201241183,-0.20768286607957065,2.190282789756112,0
50.05258673065704,88301,0.9562455409602394,0.5341391024236192,-1.5455132659230302,0
51.00293464367261,112158,1.3695101424082816,2.7396665025956852,1.5954972823185969,0
85.06679174181981,161352,1.7618738370749654,1.3227632269648801,-0.09241004005465749,0
29.88352901615234,65316,-2.174614607758423,0.9983500136515927,0.6184208434018068,0
201.08584144295503,106810,0.5979198567937416,-0.854614228876935,0.449728025186382,0
23.9057591732006,161108,-1.4936448668529372,0.36841508722122646,-1.1285010859552251,0
198.220853436291,82607,0.0892639399241651,-1.2828140592955921,-1.8388390039121068,0
73.95232371374571,7585,0.392342816750988,-0.16082719992290564,-0.984454508322457,0
261.44954376216555,25358,0.7380177508173981,0.20631063583417972,-0.7019441350303035,0
8.10208550531667,84267,0.3949470748609232,0.31913428506176694,0.43229604668021193,0
238.83633233673643,3514,0.8270978973156623,-1.0142313878953166,-0.5647419429681955,0
10.772249347623845,134718,-0.777158345682303,-1.9430547733862678,0.22697152590278838,0
299.86982393559504,108333,-2.6701685634617562,0.2784949997335691,0.40893261851436064,0
10.710904200063311,33367,0.7624354671991704,0.8484022710121524,0.6616916269696002,0
154.98163659943464,146595,0.9762012206851699,-0.33329263049858454,1.368086011396362,0
78.28130128989935,8299,1.4171072061520298,-0.38113083783114976,-0.7526082707123406,0
1772.3490330676773,26093,-1.655066114509862,-0.9335899104426125,-0.037560784375088155,0
1405.6880515615828,89471,-0.08201131598787541,0.8277484501984502,-0.8173591534997593,0
113.73620805530489,16219,0.11656482788611816,1.565976275347429,0.16151224858570862,0
114.03009758555999,72495,-0.0905035485574362,-1.3226963210644762,0.3818803399663988,0
170.07874999777613,42351,0.020857893815323617,-0.34241736488373986,-1.3304994287287264,0
84.80091178765464,55803,-0.33020483107729315,-0.12494399850282793,0.5594360076782738,0
190.9720322829984,420,-0.2016495051367725,-1.66080727128444,-1.9025727687028715,0
69.4692459109143,85478,-1.4516500517339785,-0.7597465462396931,-1.6534482151536591,0
756.299803982996,137958,-0.22222340804689023,-0.32534221189111623,-1.3434929858540188,0
89.0501356791328,128307,0.250890916588367,-0.37329915426765303,1.7280516396121077,0
61.415292590014076,132446,1.2081449293261939,1.9353380830461517,0.13827915235785787,0
28.687001990477043,103010,-0.7729864027510956,0.405319324544505,-0.3236953403370951,0
0.4222022822396108,18290,0.5238610615092161,-0.20357936618242975,0.8746738365981448,0
1153.6098245948149,75039,1.5278055256040113,-1.9353750309344708,1.9935055766298202,1
55.45261818727377,87160,-0.8600612478578453,-0.6050047151135091,-2.9229561571332,0
12.217985152705262,82488,-0.1698175337540255,-0.4149336598713261,-0.6192524852437021,0
3.8435105037589685,119466,-0.07904850473212054,-0.8128658630280131,0.9271919595809878,0
1.566405524931197,60379,0.825781979298669,-1.238086207884619,1.444235747659987,0
163.5420884401754,60598,-0.5111926347709542,0.3517943243547089,0.6902026434191171,0
47.32585206231245,95533,-1.283965983431107,-0.16041248199491462,0.7189877462952181,0
78.4878163765939,164362,-0.6182364245068216,-1.1538122445238972,-0.16017973334911995,0
140.4159756238402,86842,-0.2917373276215031,-0.9060794838986165,0.21485091586781976,0
518.668289758916,113084,1.5225616970584408,0.7343620689728437,-0.4642016614464165,0
117.96643794972545,144741,0.5677019405685867,-1.1292658984089499,-1.9837715290235032,0
80.16160034097688,135673,0.3330356842619805,-0.3879626700462189,-0.15810683162378852,0
349.06170062244155,48181,0.7683944245371448,-0.985847259560225,0.2908489884263252,0
127.01201911554314,69231,-0.7807327092691068,-1.872185573866095,-0.6156809808231076,0
116.28798842970045,137166,-0.8419033956190338,-0.504166570287083,0.9264086094813787,0
56.8814950696183,74975,-0.8073723439720433,-0.438946110789661,-0.12607377664858258,0
96.14118734892305,57331,0.663088697981206,-0.33648836997433884,-0.2719674010648702,0
492.834705740076,147171,0.1699855790421916,2.7593707723580616,-0.6555509155530447,0
429.1160830311255,41472,-1.739283863399792,-0.9707051502272078,1.1241094973730992,0
82.78722717521498,159282,1.0875699070265148,0.3704610612007695,-1.111645822002901,0
1.5355541746486474,71889,-1.4419430214801818,0.9956280559022223,1.5488967938303309,0
2.887799559972534,22706,-0.35828499851475887,-0.69312469233146,-1.962040306330405,0
927.6508376205524,56782,0.9050249397871541,-0.8516253353069199,-0.38112850270545706,0
14.84348282901393,138774,-0.9018210651274805,-0.1858341856049487,0.2181880036893763,0
232.29079203474402,41132,1.5463425139400475,-0.642471835684635,-0.237958900285124,0
840.3810089613388,71627,1.468294395895537,-2.2223253029560603,0.8468467065799483,1
1.5408781947001595,104992,-0.4353859533194196,1.6526661550591868,-0.025372228866173754,0
8.000814924014083,8301,-0.4513641732551218,0.27984278257499395,-1.7857250767867343,0
96.74022100042103,71296,0.9280967808764157,0.14471441931206652,-0.8808764034511777,0
16.050941631075656,13570,0.1318649378307463,-0.37883919573681063,-1.071206986378167,0
20.497315269509695,146127,0.16545878137363856,1.2544636038046693,-0.7759095810070343,0
151.21673867753708,138138,0.9706940149741553,1.4739708070034623,-0.200243472270606,0
100.11497724099837,65035,1.8960832435518016,0.696412399711115,-1.5929986667803058,0
8.99596110847609,62995,-2.0955863852637826,0.1193899241523721,-0.3221655225871855,0
7.537452184820017,36656,-0.34639298868715046,1.1249482410749883,-1.3258686492561407,0
663.9532010816527,4333,-2.277730781392013,-0.7770989372371854,0.07246843655166607,0
247.01256698652375,58973,2.330574293529829,-0.9445988424635061,-0.843892212388562,0
111.35815401805975,136279,-0.5474349688316263,0.24652429810603266,0.08490604124660858,0
48.5529041864244,105711,-0.5398142101308535,-0.164649352780614,1.1605695711505981,0
11.354720107463836,88890,-0.5040508223144402,0.3367377095755446,-0.2226334498250165,0
156.18651751900728,155346,-0.9764085413949392,0.7571473543144774,0.9551338731278282,0
162.94484867335052,45635,1.5736123333808698,0.45438602766915326,1.1746865860524927,0
55.30338516637197,70679,-0.4444265199335841,0.9664838637857084,0.37545936048468775,0
81.07107328736738,10515,-0.6089150579477841,-1.4882803183952373,1.3267296437131157,0
79.30815444641873,81119,0.34947027556490806,1.121615043292609,0.5559792159700644,0
8.59648278618134,123498,-0.7740413503658045,0.870407308982641,-0.9050861438571506,0
51.47205651947225,103693,2.3856448591912827,0.9824691973692247,2.7998830066459943,0
11.237391639060114,8272,-0.13592276441435178,-0.8765303867491306,-0.4621709178910624,0
218.62748810289102,14850,2.605983107815695,-2.74103753007336,-0.03465480389970077,1
168.1099472323898,140921,0.5160400578319653,0.37312570998088895,1.659296440068188,0
9.710036232311648,64702,1.175155553774873,0.2707195455433401,-0.3159256432783034,0
117.1069400482942,8463,-1.8134315581735454,0.7305058018450737,-0.49881672917490344,0
2462.8449246825235,136343,1.061667798263905,0.7786868895503002,-0.11848383395115712,0
17.082892855883113,158337,-0.32161914757706894,-0.2498311361235833,0.6204423185915108,0
1187.3248576688818,148017,-0.3360002820950699,-0.20015360992047646,1.2265097447291113,0
10.023135706292154,110436,1.1942574043995204,0.5380865668256913,0.048252577635245715,0
32.56650111413438,1737,-0.6531951426711301,0.2690851092474356,1.6518879443915688,0
11.756027390119446,58151,-1.664914141142095,-0.5544553462737694,-0.20665985243542043,0
22.035170900019537,10555,0.8320411851467904,1.1749291433650668,-0.29240854317079107,0
7.6268217337014566,103655,0.7781848755438283,-0.01805101621913109,0.3856495822922257,0
26.542555575446467,65125,-1.0685741929909311,-1.507287943298428,0.13312734677825208,0
33.918963783995764,44656,-0.12326691618069893,0.02292261573155773,-1.8966726475102662,0
616.7415559321299,118313,0.3209324851629386,-0.9143369266726457,-2.158033816676668,0
137.37933613090667,38865,-0.28475446761569134,-0.5259975064848332,1.4003860955125567,0
675.6490640877082,69363,-0.647332109339369,-0.20826360864349006,-0.04712728101640612,0
227.4565807771325,102067,0.033811696231355395,-0.10205677768025545,0.6145650720455809,0
710.4652654531078,140596,0.48615364534605005,-0.14886507922608713,0.22914426110281846,0
5.488730702910312,83114,0.5952518721699062,0.32782516269178597,-2.6841244501717063,0
27.39922810345646,79698,-0.0608029818409991,-0.1735206409428463,0.5589164300701719,0
165.58418357665622,28604,-0.651086918546629,0.7011934385782503,0.479814168611157,0
33.900418344827656,152748,-0.698171328474495,-0.4947448070884354,1.666444393740401,0
327.0020725304214,96626,-1.1956119999140098,-0.23853487960111994,0.40436409160345876,0
369.45382799641675,52930,1.3220256685712355,0.1926788823470259,1.8022598559367868,0
105.9440340853104,87236,0.1767533819900911,-0.007139566989132828,1.1939520529651086,0
5.174164176456391,66760,0.7542896703992832,-0.8137997674651647,1.3897433944040465,0
148.02641587104353,171906,-0.7770637030293992,-1.1624184358469178,-0.631145340138421,0
33.02449438293148,94356,0.45266418435976336,-1.4661015057669424,-0.6503397713862022,0
156.7858312870827,11801,1.3714287917785561,0.5202077756474409,0.22899408509861832,0
75.12171492552747,82021,-0.7395688800794822,1.9213821016913524,0.86506554581202,0
43.46903852053549,81823,-0.5125756130978224,0.19217401140587456,-0.8370991279601476,0
365.74659515927,1573,-0.4265053196588392,-0.4200725857957613,-1.450676923668362,0
32.797801592623614,992,-2.551661017355576,0.26761153015361666,1.392967335338992,0
67.12072819843627,63862,-1.2821078662390244,-1.2641356603932783,2.1504462315524813,0
49.98638752206047,64102,0.6998981708694759,-0.8194509453759742,0.22064938207446616,0
134.17917443966934,72024,-0.9471265356292116,-3.1871708038084754,-0.02182212728932524,0
7.918918528918364,102895,0.8636860694169715,-0.07161590902567323,-0.36878380517597814,0
2.6581972068579236,62453,1.0158808380800177,0.5955436807364815,0.36903998212670425,0
21.299636266595016,117201,-1.6028079836672509,-0.6960516287984562,0.9484120138581977,0
447.7097224851594,12028,1.7170762891483242,-1.679514870723545,3.0229700575231386,1
330.5630748105437,51595,-0.08760572880044012,-0.09908217935685446,-0.8025233351292139,0
116.06115044740646,104968,0.5438331667430307,0.3561853779887553,0.40573338140744236,0
97.94506753335722,83275,1.4226759315733102,0.9151700204578529,-1.2362719478418864,0
98.58931009026362,119786,0.6121427224199836,1.4364774021423197,0.39552513211242035,0
5.087237004476976,60666,-0.6171670339377235,0.6709344146960526,1.017470566773635,0
16.55217146004437,62845,-0.9478379379581919,-0.20091402126176022,0.8877024145908928,0
1.1842602258360626,124678,-0.0423974082996932,-0.8286299994493147,-1.3144846496001932,0
3.2245936556894472,110648,1.353158304904339,-1.2132746361175188,-0.7851904378382464,0
72.0413709432298,82119,-0.1282969854823272,-0.21043551230379726,0.5367438337440198,0
61.835716116811746,162352,2.351543668050695,-0.4931870359019305,-0.33245799646805413,0
301.03468674093585,171357,0.3524768751058369,-0.5549322755194891,1.1518247124289538,0
64.87998111434102,127727,-0.5940515145632466,-1.3104628468657296,-0.21119209577401055,0
73.96374612294824,160034,0.8669223990087169,2.213245857612772,-0.14647720034777165,0
32.8514675816883,144245,-0.005872077142724995,-0.39421352387272734,0.9521859783820783,0
246.32015506181068,14541,2.2290667301132965,-1.2369402200491042,1.2203556894442165,1
91.97480908922354,38002,1.0783867677061056,2.0241931210593864,-0.2556329869241802,0
221.31785111530547,165534,0.5012621313657311,-0.6583858793359396,-0.8898298634654059,0
750.729046867333,86314,-1.740358219081944,1.1260314601466186,-0.6938203011313477,0
591.6648791402262,45420,1.5222046321218095,0.7055731173676287,-0.4092625859548772,0
4.447570935744106,113254,0.13080272707311655,-0.8198277423849133,-1.5592563887530115,0
17.258480611923314,135701,-0.6899549957917771,1.7432022984743696,0.40179563291417003,0
49.418583468913376,11654,-1.074905416732206,-0.04815661689373976,-0.03517606464641905,0
134.71716149226285,129844,0.26543165609985087,-1.5575027932649737,2.020040918050216,0
13.631360663220256,82424,0.4784980847585973,-0.1472944607134846,-1.1504450288623205,0
41.93909275862114,77347,-0.055821612555706605,0.22487233723253802,0.5373968422086529,0
3.3947696286412627,106075,-0.7002051861393083,0.17114579508367705,1.20909418790833,0
521.96109680533,42028,1.233022230341927,0.9188639030328702,0.36886844165152033,0
74.85483243049794,134352,-0.42508643626978526,-1.5476203876048409,0.5624604410561901,0
116.06804806284248,18243,0.2133181236711791,-0.5523823021066436,-0.6818766814922748,0
254.08369709769082,109883,-1.4283407575495208,-0.11858660421736844,-0.34489863229099,0
312.3917053705811,91054,0.5603238843283771,-1.9020958076701842,-0.9043155271070124,0
479.50237377824834,117952,-0.8268183844523018,0.8545765249522929,-0.1257218197275433,0
3.5307595102152236,168661,-0.02512642201807021,1.1643988305911834,0.25402995964175884,0
54.370451427383756,12857,-0.17045297296934558,-1.130539088976406,-0.1450597519207322,0
10.992562072662878,21487,-0.8477783136777282,0.44348815914440526,-0.7132157535561315,0
36.79117813743922,10916,0.899466630495548,-0.21824037547378058,0.6944451463053527,0
20.64134699709932,108314,0.8537403725818489,-1.5231140779390901,-1.003565965743139,0
16.209455099795456,158413,-0.3172356502126091,0.22812337671246022,-0.06794233899313994,0
125.05266037977552,138235,0.9271150585058052,-0.7149161578014566,1.7704681105933149,0
16.09329489073974,163380,-1.1659415845276415,0.7802158267258699,-2.058085625779649,0
14.592890917550724,55267,-1.3161979847859084,0.4674078902145462,-0.6257720169151787,0
497.20678881013373,150402,0.6894056709329646,-0.9678163048110647,1.6641619355189787,0
46.03951117400761,26866,0.4052707191343388,-0.21151467419318748,2.4176879027058717,0
36.04542866086561,130990,1.0289409575280921,-0.44451486055123274,0.721312027632748,0
16.186977408074604,27728,0.021842630432228838,-0.45883492873289455,0.7445732170922927,0
28.597281064659782,150184,-0.4362313299493104,-1.1434613448553403,1.1115417887185841,0
110.11659485304493,40857,-1.0536842753506366,-0.16855414865054538,0.15208764042909234,0
8.08185703431186,119616,1.0396396147045197,0.5743867303080039,0.3429553139469709,0
135.7660959952582,91291,0.5979967527101597,0.2734836828297354,-0.6520011946573644,0
5.026818374096999,85062,-0.1390663948977232,0.4945716981950778,-0.12254122116290314,0
7.503467971640068,125172,0.14488466739709802,-1.2492606256452985,-0.419650609060854,0
247.1288378954244,130694,-0.3870602071674683,-0.3189256978756993,1.3235285290644387,0
5.169986113254985,112695,1.6201552819334566,1.0222280443241527,0.26620620839290376,0
82.67127966891888,638,-1.0907342932608328,-0.1848222403646309,1.9722350695732287,0
6.001109629984457,25365,-0.45282925231965265,-0.7629893457296276,1.4711401691143935,0
89.58345829613725,21629,0.9283169372121234,0.3396300127754286,-1.6986959029804272,0
108.4954693416322,11338,-0.9101834013152008,1.1195918993180358,0.9937945007113808,0
10.449931144188245,4753,-0.8734681896641371,-0.5191738232011225,1.2681482759819727,0
300.2703878254485,16010,0.29643166690362693,0.664999876998577,1.0703309477825418,0
11.751220572084279,41835,-0.5582277293447465,-0.45977080186308034,-0.40703112252474083,0
30.548146883983538,49874,-0.27473996863976763,0.8880237677477748,-0.5299632091077748,0
20.031732350280652,44537,-0.4541568269967744,-0.5646225195853279,-0.4737946646053262,0
911.5930914341919,86284,-0.219931703801438,1.682803761762051,-0.3097601726927433,0
178.0930579576173,166988,0.8821374273199544,-0.3901580580482248,0.9225933961430614,0
70.10427146327854,105021,0.22698501593021117,-0.5485735869252596,0.944766966393009,0
18.659586142857332,36308,0.7850990313509648,-1.7310763533341813,2.0314580227656083,0
7.21120223344207,109844,-0.36174675316400506,-0.6965624111446463,0.2877934741586499,0
29.980456566007764,157517,-0.9705237013863153,-1.87448554867162,-0.9464053332211453,0
92.06663504749021,94203,-0.8271861911211232,-1.4098989643418791,1.4676357890490608,0
70.50584798323466,44711,-0.5832896025942761,0.07282622142907308,0.34498040384517253,0
112.15811443084696,165233,0.3201659379977185,1.1195235886291592,1.0276266332767592,0
22.29828160373798,160770,1.6615012892185996,-0.07879068861071602,0.5761163463223475,0
31.217743156079713,55820,-1.152958327222014,0.40812724381692306,-2.321749272020329,0
1193.100541701799,97812,1.0377318993405618,2.8566961341099963,0.03561548034246953,0
11.520531236802839,42325,-0.5350276162281908,0.016365613172522255,1.0979508165026357,0
103.80094124513236,74783,-1.0659502819370918,-0.5820458891852971,-0.4798955775013127,0
36.098093783204426,29519,-1.2782570457140545,0.08515192592274211,-1.1361780588195274,0
15.066343212280806,34022,-2.2774753487674193,0.6282710994816666,-1.431547930124395,0
12.212608954584587,116972,-1.1978791783970268,0.2360529067127298,-0.9107467279399072,0
22.34712320743941,116193,0.35260638401249195,-0.7414331990346791,0.44652476959042336,0
290.46484166686975,72427,-0.6670859201357984,-1.6611560534161787,-0.5273784203324019,0
52.63956964825382,167599,0.03499680600868956,-0.33223539521575357,1.0252814649877688,0
7.823343877664282,39266,1.1368612189837084,-1.1926485586040978,1.42134818115209,0
62.78633828336162,4225,0.8007390271411462,-0.38887974887573284,-0.9983783335173774,0
944.2610240640137,16802,0.150505516877223,-1.8351621676942336,0.8058661016031217,0
317.0607921671451,59231,0.603429387683258,0.00760608716302333,1.2570897667973222,0
23.0870101717797,139199,-0.1242315564619369,0.4944145683089324,-0.6318577110331141,0
692.5086300296417,38280,0.7667112824326293,1.1119580736241772,-0.14428446991732802,0
14.144520537599195,37972,-1.340372540955091,-1.0903615437751446,1.964709445907016,0
34.73370552712766,100867,0.7239644665753477,-0.4954474431342744,0.48509610599656683,0
159.66405844021355,87513,2.229066272389667,-0.8435540937340057,0.0001436169539112796,0
51.91361841430165,124594,2.9078158344080896,-0.8990206833346599,0.0821368422837007,0
33.350484045909305,146450,-0.5201235182946261,0.5599569758848537,1.5322992801937767,0
12.444693249199517,51599,0.02419149553651203,-0.980683439936774,-0.40713246163877614,0
22.124418530854765,82164,-0.03586544686783971,-0.10712507201372014,0.37537183894722975,0
312.6436622523029,18733,-0.7483153173555144,-0.7104531469897761,0.6328875227030714,0
158.25026343650552,57184,-0.7871305926089547,0.19504796954392745,-2.071307149181846,0
27.757580511016204,7928,0.7247378181811813,-0.7720176101230034,1.4404023726694957,0
259.0494035932771,45221,0.6222028186175098,0.14049468374310428,0.2063295905278054,0
39.147160631336874,94764,0.35425603160828234,1.948962575185895,-0.2572971405653655,0
70.54834060542296,82455,-1.0827625140531425,-0.4593742587772995,-1.497889524082413,0
94.9665435806395,67345,-0.22762178474240263,0.2517832974816308,-0.9019414279045946,0
4.769865520217061,118353,0.11263902817893227,0.47864503288818117,1.051458112807838,0
252.75849714514766,86700,0.7707374977524812,0.3520461378293101,-1.1312881178405418,0
17.612101041697994,117136,-0.41641930253145876,0.242238666490371,-0.26180618958815766,0
221.0275482337316,164998,0.8856393271982573,0.1765317608087871,0.7890631206207369,0
53.71537613142106,151511,1.5127299708672113,-0.40333839930269416,-1.1891137440238542,0
395.68601869573354,134868,-0.19335912204273714,-0.5556046451474095,-0.16886853814208785,0
10.53059179642587,68972,1.0965723328808468,-0.6922347683288383,0.8302096969256144,0
915.8126600229251,72031,-1.3310679142287856,1.5384348314404253,-0.7414241483523604,0
89.18883194317269,104199,1.9424211876074906,0.26635221586967656,-0.3723369062653438,0
13.155987222519972,149298,1.188617189005695,0.39676936610639,0.24132080350137983,0
29.526794354503657,127430,1.5730822075210518,0.42866097198289604,0.5045837379024168,0
158.36446581226383,25617,-0.3326948103352061,0.6309454147465634,0.10800848151962626,0
76.4261264103372,41423,-0.6267766674137857,-2.2928817653197893,1.258167411738358,0
407.0719227565483,24544,-0.3345550199391874,-0.5876843277416272,-1.1164657496564248,0
85.24052871291418,24604,-0.7125500352019113,-0.3926164398342353,-1.0908291916930468,0
505.53428763296245,46129,-0.011894277480816695,0.6455392327426833,0.32221398074066565,0
21.33880157609131,54971,-0.08037742525263601,0.16806541429982114,0.860799641809708,0
30.93413433054979,57061,0.178660832729574,0.6192034481921984,1.5528675850162594,0
136.82506211725357,96784,0.14296165000696265,-0.6409298696904535,-0.5057320640227748,0
1.509933625941306,56467,-0.7326458912726003,1.1774638394278036,-1.312780495846512,0
252.8875017162142,58859,-0.7289904579723071,-0.5876267323405694,-0.40795661989896176,0
150.23928227367688,132405,-0.4048560899214812,1.1643572721932578,0.13421416014120066,0
13.974667590278857,95933,0.8069614785221204,0.13444044559163332,-1.1003591988117738,0
35.810958012420436,81658,0.9936698412762871,-1.953505101391845,-1.932236274794758,0
5.847847257452318,53283,1.0373083652909234,-0.7658149487122075,1.8180072436582344,0
31.900874816794406,135727,-0.11501132552450752,0.1057431363431759,-1.4018668191721744,0
52.08313773419199,96111,-0.1426569521407293,-1.7271891030747806,0.5336210295104155,0
193.77230963493534,74712,-1.3111739526556176,-0.2945421779665742,0.9912223565434607,0
111.85583597046437,23806,-0.8735534317568523,0.3342287834736018,-0.48516176796750454,0
36.51748880353634,81848,-1.6065673314957507,-0.4393543927346578,-0.47974551809602584,0
72.36338989479657,85380,0.8822092886293349,-2.568505861409244,0.8357072197817766,0
12.029361695711438,154837,1.046848787339246,-1.504172841002773,0.02985742620800033,0
29.97188868624118,152973,-0.510009918668553,0.1855929828557441,0.45889706458001034,0
1118.8770991220492,30996,1.7398795546634496,0.6012713322925762,0.5627984297080008,0
167.64780568778068,19109,1.1963233278857164,-1.2725770436801334,-0.013474734833999996,0
378.30135447740713,60405,-0.09399785136304675,0.5589181472591958,0.2259199373393679,0
92.50103656172573,114067,0.1324075386427835,-0.517774869440817,-1.4886644263496083,0
23.505556757690677,89102,1.176735539315917,0.18296780970416407,-0.38745359855383926,0
237.05378970705593,22592,0.5776307253459739,-1.3972542686450076,0.5111462602842743,0
132.65094447511882,51715,-2.0553716339283614,1.0446849485976795,-2.7130455760166314,0
62.17075306530111,110764,-1.8534947573739193,-1.9554095187871317,0.5497523208800134,0
46.680483830224816,121907,2.2518899535803305,1.332781196944706,0.03158556098347816,0
213.92548416079265,51656,1.8138096652664966,1.2195656995939488,0.5600464229816136,0
18.56485024616751,167011,0.9018810014613629,0.8724297828871276,-0.4830204588493197,0
65.98789388551648,67564,-0.9540578704734843,-0.3597551103462708,1.3230593811677258,0
27.952851815428517,135630,-1.1661292183917134,1.125530388506309,0.32739455306286236,0
27.750717962672713,88196,1.1973522679398563,-1.4436505092520278,-0.11878589566339202,0
87.47657112101957,120918,0.09305747239490735,-0.057608431338531205,-1.9607570647942707,0
58.28843304020822,50734,1.3036571644017645,-1.6562372284140847,0.020098549612709852,0
26.822497099545405,144642,-1.0738631778357464,0.540099654355632,2.030911417468941,0
56.33577296813772,50530,-1.7435532044459714,0.593791239862375,-0.28622674969508144,0
48.45027009955376,61410,-1.6930865775325799,-1.0569919274363786,-0.6955219688782983,0
14.334722848110765,159852,0.25714622548884,0.7421448524795768,0.717314072444004,0
1.4339199162326133,92345,-1.1602265247788035,0.8523504364863124,0.38613073216732946,0
35.77440615645095,12228,-0.5639284122640523,-0.5642134795554601,1.0209664127573288,0
11.175545957458972,47060,1.6002126649433406,-1.8526632720043852,-0.664518094632425,0
8.877106864367196,103716,0.6548291712392367,-0.5454829573852582,0.7912023570868331,0
11.095553355025267,148640,-0.35152942789106273,0.21925308040848465,-1.1209639769179245,0
69.95555243066991,40286,-0.8117536357369666,1.3648635610250552,0.9033714643680906,0
14.929810844746905,60503,0.04679814128360111,0.5702031098364256,1.1672846397680998,0
47.72218855330291,11171,0.8518696335748305,0.8838193391292329,0.1995457826014555,0
16.430091259516416,63560,-0.2559536078963282,0.4117520397023066,-0.9179385485903702,0
3.648712165121817,124822,-1.9726579590127606,-0.6807264340263924,-0.02812079448552922,0
225.1074478584341,106927,0.7548240252178439,-1.31475899761906,0.4547939060502043,0
122.97510555330176,87157,0.8557925355917056,-1.8597861827795006,0.31207897293331915,0
48.37219329074291,111118,1.379311944779667,1.2009053737745732,0.26642428200684104,0
10.891780703106546,95023,1.091691201416617,0.13816565579129209,0.25822907796945777,0
75.83859590060032,70272,0.20685506799700148,2.057192606579887,1.1627647353810813,0
17.799715629119575,119191,-1.1994353470417967,0.41736912163473344,1.647290564412319,0
38.152903078048276,151965,-1.1030467902546464,-0.3574607444514995,-2.074822622687257,0
5.356429770403181,112117,-0.7277813825212387,0.10776887909560844,-0.6573392062279086,0
156.64623736713497,16820,0.6479772502357861,-0.19166373126853034,-0.25867927929483336,0
1.6971220437152557,113483,1.4433438486707175,1.6764548285992826,-0.45959326787264165,0
8.43528214489182,111161,-2.2873454061413883,2.184499066177263,-0.2553559813323214,0
13.301745224375138,145131,0.8020473088600951,-0.8834531843631055,0.7542268851236552,0
115.62598377894713,138890,0.7627280453746469,-1.6313321376047198,-0.45253388995411525,0
16.632691372419732,45778,0.7627219933812449,-0.5171537638753994,-0.461179103249999,0
20.3747737869215,66629,-2.0447015849075094,-0.04556696573530507,1.8566525441818014,0
37.78521263655527,14498,0.7137843046417697,-0.3967889460772854,2.3571111264472,0
16.443695531764444,154512,-0.20811227647538125,-0.8218513372680506,-1.2188689789344922,0
30.509940441799657,9176,0.5579250838746437,0.22160383133775272,-0.4547413574253776,0
43.470098667940675,170780,0.3263125834580604,-0.19964230166738822,0.34546819039986976,0
105.54939429173282,170422,0.6602132090507503,0.13101374163211493,-0.042484061245488605,0
231.30886328340137,122950,-2.2439235070726014,0.6685034516203809,0.018796301585504528,0
94.89266210729618,95364,-0.6985817161431251,0.10730850946602953,0.39459883498861276,0
103.33560190559025,164760,-1.44854271339584,-0.0462150897859985,-0.5396828219526805,0
29.90980012832292,79951,0.44894736661820966,1.0955838092090444,-0.49628046465255243,0
90.44570113938998,152350,-0.6903520750549106,-0.11838924283027488,-0.24308627545288855,0
7.236365833150365,26414,1.2404710881913932,0.06163825271983189,-0.8618486858531109,0
48.79413717681294,140105,1.2418953132224155,0.4487378221956628,0.9650793956689319,0
39.05975360644983,32456,2.6026683254062593,1.462687377838909,1.250978078415392,0
13.398087737739557,93077,0.42643805145590913,-0.0782322827189956,-0.23838489815203887,0
5.467453451313422,112784,-2.5477093605051837,-1.4637077882425786,1.091368402545709,0
128.55229236618442,130843,0.09692685296363293,0.29646382209688626,1.1739664717774252,0
17.050640435956563,166974,0.42290565892879955,-0.15360397792350175,-0.04284561545102888,0
26.89294900443201,28288,-0.5466576785786422,-1.7284465715074528,1.0645954268897726,0
31.645048209673604,17580,-0.3009114908046337,0.06892069147245625,-0.5045313045865261,0
68.06090374120507,122453,-1.0516628156363796,-0.08168567939967916,1.401982820679128,0
75.68479651481027,7907,0.31941108228713805,-0.34493087404482686,-0.20494790735166074,0
81.53957384997716,34171,-0.3238180125248743,0.011120472490674741,0.059197995523645505,0
91.81636295773289,119272,0.8142466034067165,-0.7628682159444292,0.8096413022959539,0
0.7739409795617488,129822,-1.4462947995089643,-0.17293083747848914,0.5871021490186049,0
60.88706693075441,143573,0.24905273034068937,0.09614043688979673,0.3272866786253476,0
353.3862008649917,47182,0.18692781745944087,1.4309161239259571,0.3086192778875195,0
11.308071374101992,151136,1.3113296415159146,-1.1116450410630898,1.315314634677874,0
324.936476733031,16466,1.9461381326400975,-0.6038446576909862,1.3634652331258423,1
192.65674250251192,150111,0.7587466916715326,0.03616117020789577,-1.2123199340269983,0
24.554907997091654,164515,0.8032255605245203,1.676951495012091,0.02938583770605697,0
116.97812954615742,76313,0.5542796420387394,-0.2880325339078762,0.530608917469356,0
159.78179721275822,163975,0.5600868526043014,0.23657995713924163,0.4591176576061612,0
163.71406943642364,118903,-0.05738020941602489,0.8118472076402791,0.11835484314159413,0
122.05067950755489,9223,-0.17326243728651228,-0.24067929448758663,-0.7383757140768237,0
12.621477508511601,16838,-0.23951591582796417,-0.8703579826115555,0.0007074097852492834,0
91.22585631612678,96320,0.10016248454755024,-0.5818550428661684,1.0125459075303556,0
189.5397237980995,62355,1.4425127477606192,1.8306982727430745,-0.5530894363002107,0
13.331709204137058,127025,1.4780327551149253,0.4743449538716431,-0.6793766049551486,0
24.685066984613353,59046,0.014845568775412482,-0.8078250172447289,1.2997274441727422,0
17.930586196293273,89851,0.3379063484987249,0.9624037729856106,2.3230818973967917,0
1.5566109011702753,146468,3.114749002777726,-1.045101701317119,-0.09004899263259462,0
81.26747574056472,128491,2.038876367858227,1.9491535059290954,1.2140585106436392,0
10.809177243675398,79384,1.4026670959554037,-0.01085949187421381,-0.3639799778266993,0
4.429540301768424,23238,-1.2657267984099754,2.0083123165772707,-2.0598959486835478,0
15.867051009096473,33033,-0.32088643761445595,-0.4994987374997976,1.0520077568065194,0
20.805658374750173,58458,-0.4240356553124804,-0.292915717430217,-0.5713265254990899,0
11.147103820956014,146452,-0.18242013076512792,0.6051796701822175,1.8534307160738555,0
22.183852323344208,108281,0.6022446962912387,1.3156967548678276,-1.2418293610715156,0
128.46182263058523,57202,0.9283489235111608,0.49246837176959196,0.3881302028420308,0
41.2517086506992,89535,0.9560891265239637,-0.7937255892903425,-0.14859072781263327,0
82.8907065875079,76607,0.8557941120866089,0.2597450485123145,0.5519530165146957,0
172.1047381163372,13319,0.666396823460308,-1.2826197815242082,1.5181122360571655,0
91.17108723933296,165481,-1.579830075688554,-0.03409424442114841,-0.44750577707814265,0
28.20750408143741,91145,0.16307328580417302,-0.14863078866678803,0.35569226860265907,0
28.783252500421323,55258,-0.44517251148908904,-0.35642360158710384,-0.7507681095032748,0
49.543031259162014,11766,-0.6309619982470213,-0.9340806808399773,-0.7188836995091802,0
102.44219270343977,51044,-0.637592371107627,1.1394862112513098,-2.4278969588282076,0
3.278025618357651,1694,2.098915479468282,1.7709281902341947,0.04159181401115063,0
146.77025934656174,56908,-0.7125818292946473,1.2899740476665065,-0.21506110476622503,0
24.858993550788117,151687,0.22721890242723403,0.4508040519163367,-1.865304624592341,0
112.51652401624915,14679,-0.8384172907556593,0.28781213408622913,0.5339249464600945,0
15.71937860547777,12965,1.112153917860901,-0.18105252723280132,0.31203274701495887,0
3.8320395091171173,51425,0.449749371181105,0.20005042727743422,-2.590552499500979,0
96.7507831355589,97081,-0.9939140497826411,-0.24564118653010716,1.1626003267892273,0
127.71631057702713,158213,-0.18883430478192273,0.2781206890490266,-0.6330069783612736,0
147.74229714566508,164727,0.879309797493695,-0.6398008257468745,-0.48667981065431204,0
128.11994865953307,152158,2.583133115332564,0.7522759089861923,0.33506540365826587,0
47.32261800858428,125307,1.8871989877617383,0.23409673355614757,-0.9697992250699424,0
27.35889880421258,123076,2.3253820566823906,-0.45782303719595735,1.2248811810078493,0
22.141199010337203,41247,2.5133263741906173,0.4529454047163297,-1.4400823622865766,0
29.547204504843048,155878,0.5991927002237311,1.5723733749638773,0.435763048794653,0
112.27069669929753,16719,-0.500997206825117,-0.10414455893452708,-0.1318212953196928,0
9.080919072663795,77932,-0.04994622134581302,-1.0007275509013192,0.3081510087009635,0
52.75707605337243,112923,-0.9997280721977334,-0.7036071394893302,-0.517366240948024,0
59.47283700237223,113286,-1.3518351310403771,-0.09310229011003969,-0.8816359757797076,0
154.44320174303945,114178,-0.07875954483900961,0.14468284732322478,-0.5628129401783667,0
121.09061411857886,98348,-0.9792147934743612,0.67964991617857,-0.2779072777894482,0
272.9987104777334,69483,-0.4579908067150938,0.18784511261263726,1.883776074707429,0
66.88719353562233,36158,-1.97492237755158,1.301191687128174,0.4717126402208606,0
3.9862838005532857,151898,0.604058006107895,-2.0905017022771606,0.8954393536283499,0
3.9035670774893445,142024,-0.6693659876297058,1.5790231419068592,1.1661082098471118,0
234.6477488653208,10935,-0.6288156771327728,1.5052837047584335,1.112864934179141,0
40.995338130270014,96548,0.9620076915970852,1.3698944083427924,-1.2298365046499729,0
68.41490291114776,34571,-0.7017761465071254,0.1472306778353709,0.8841953015937749,0
31.361608823451782,13138,-0.6951691705089916,0.7686919640837413,0.3297739164974194,0
6.958024977981958,43086,0.6623495014421318,2.122359372927796,0.5114693763321132,0
424.24511990257054,121822,-0.8524290497425536,1.459081847740695,0.27739908321969375,0
160.33711838693165,64014,0.11885501044116001,0.618890240563029,-0.5496336843508681,0
46.42283697844887,152849,-0.1706217535414374,1.0766031038331458,-0.23849583031676586,0
54.18152872664056,144603,-0.37705685239283737,1.1162966286782723,-0.6067745989654264,0
19.936753704453366,43202,0.30652404332119465,-0.5611409157726026,0.42690409631126575,0
13.812705391695413,65696,0.0856734217653208,-0.6433771656623412,0.283215037161374,0
11.649720952936839,100330,1.5194580798391901,-0.30650496382999165,0.16825417168572246,0
13.580976187916812,93052,0.43201805744451616,-0.6106738820336002,1.6549264761311977,0
16.084659565762923,6861,0.77317168497832,-0.13665787031818144,0.27101648576497506,0
28.230512952888123,3436,0.025856046873095576,0.4428972950095747,1.3076354748455337,0
22.7216238194232,153807,0.9330981207045566,0.07896347320943399,-0.9465058038826956,0
23.178474828479775,22849,0.5141960582218651,-0.43797185113554815,-0.695892487674519,0
207.53450534955243,4600,-0.6500907021134565,-0.38970806008485775,-0.3744940610538395,0
87.57169307713336,111110,0.6520420732636613,-0.8583805776356963,-0.45561522697932183,0
33.39113047864487,86973,0.046331476884577734,-0.10577518988831784,-0.33585844856449915,0
52.46934985495071,138470,-0.32296751730691947,0.5475448658536799,0.3387229143200876,0
152.43361660558085,160373,1.3876659594613898,-1.617061153582883,0.7923892086482444,0
78.06591032975788,146162,-0.7463986234337591,0.036997172999523535,0.5052234154729929,0
34.42017497599164,169565,0.7827697644979106,-1.3153050142190503,0.73621009330604,0
78.34559688748263,61897,-0.5519192795326325,-0.5677409462176332,0.8496618333192403,0
44.915611017364476,168571,-0.16934280104169797,1.1678403530272468,1.2334622066838756,0
66.93914026606612,104262,-0.6559340485764993,-1.9117943902471526,-0.6433840758863664,0
129.16708919938694,17875,0.5906651931206637,-0.5501878322085857,1.104829893652765,0
10.923161700142867,134569,1.027653127360028,-0.19816179878244025,0.20447631552235557,0
22.203899111836535,5983,-0.0873981453288258,1.8701740588841407,0.2074494813795445,0
71.05152547148883,40522,0.9023917398610459,-1.9808696412121323,-0.06818011192843815,0
15.244169192079971,132192,1.271350257158812,0.30206729243653335,-0.8125136500006804,0
46.90287254860326,14426,0.1457879151877806,-0.37463832903612937,-1.025431474857225,0
141.73393829046475,33782,0.02509135489195859,-2.4799393415413857,-0.9012048023744152,0
10.913580723841982,44280,-0.3350466971250485,-0.6465016049441434,-2.0871932530325044,0
8.544455303894225,79244,0.6799818299505277,0.6804567671103787,-1.0117967412824425,0
16.67067065985906,96342,-0.5696612480187717,0.8922015653383951,0.7808913536789374,0
114.55387993430071,44840,1.0343022395204333,0.25838951572790686,-0.46888027088257145,0
120.27791525151166,50697,-1.7459165570503765,-0.91980209718807,-0.09779380999168855,0
11.710309016990033,38488,0.4629569359583177,-0.07024989155425411,0.04137178052132799,0
38.40237474262088,85141,-0.10508454426147494,-0.7116857546388465,0.8116174220209791,0
16.436375398103735,123936,-0.2919607852561806,2.6509309297831485,0.16710888224464696,0
169.0192192207524,13155,-1.5224892349115635,-0.7215436462058986,1.3193084149122467,0
38.44210331050239,29415,0.8606244271081258,0.38468478981108795,-2.090488672106597,0
7.026666807717926,15615,-0.1727817895593738,-0.07648268055695306,-0.47454257272378964,0
282.08198435273744,77952,-0.3585596015307069,2.2751339362700604,0.612403257446505,0
49.19055190650175,11440,0.022084657147435193,-1.142140223147902,1.0120035705517438,0
300.6575211729697,17986,2.1620931951019133,0.5433770849428197,0.4535047951163739,0
11.895756733536363,51529,1.5643243397148088,-0.5983909958895296,1.3485326563242708,0
5.652934951088593,90947,0.21967224611500796,-1.3641555730051576,-0.20365121064890132,0
10.044731100599524,1365,1.7637309401620267,0.6973063572553153,0.23272992640334075,0
42.41700593688407,93779,0.5921211355566937,-1.119807451465636,0.3820354322555231,0
39.720423256286814,102241,0.49441980050650985,0.07102498289753,-1.2396424975729088,0
20.795209640336676,167523,-0.23072154127321762,0.25101366230360084,0.17994261635516196,0
191.24171817286356,156674,-1.090626997511806,-1.119332900719426,-1.2332737506431042,0
152.35979755986392,96847,-0.1309506563756522,-1.2218004878443565,-0.3338644561230928,0
61.52689362367331,43322,-0.4266092971841069,0.7862753577252191,-0.5512658845592007,0
10.18260433943922,109490,-0.5536907304140684,0.5587983611845179,0.8278739590289506,0
13.143162570087288,43585,0.8429260994767767,-0.91570190455731,2.564418330050738,0
283.14249344069486,100784,-0.9010863285190891,1.7583386935713057,-0.6478838170282449,0
13.990320949701646,73480,-1.5902519042444776,-0.08085390920227244,0.8461337513061272,0
114.96183188266849,102210,-0.31964168198286225,0.5372882192187522,1.7975113623983259,0
29.753780950964476,133286,-0.3636944882084331,-0.7642005471698786,-1.2858231470431398,0
263.2385590379045,65781,-1.000693514315729,-0.9902032580259362,0.909437399018184,0
9.02910914435561,63271,-0.26761574108497815,0.47814367910803635,-1.344392841323908,0
2.025483157408551,78254,-1.302105888959777,0.19844864812782584,0.7822892141346569,0
43.63928411613941,41704,1.1798950714788932,-1.7159167228627903,0.6674453346118535,0
57.48362259815666,127230,-0.8025896169599832,1.2042290054973666,0.0054898351798825604,0
157.80936169170084,39587,1.0677765925374971,0.5169042838329696,-0.30332396104623155,0
7.483729983565928,10687,1.7122092561041704,-0.6734720952354935,0.6300565096352977,0
72.32639026412417,61635,-0.15819515281039317,-0.2896740820933947,-0.2692179912503165,0
344.0925745117019,147277,-1.4075286161316736,0.4387700710370837,-2.241819746629914,0
189.75754929760222,122418,0.9602049176968018,1.6014178094138483,-1.1039309424366504,0
164.49891344112396,106052,-1.0857732993054503,0.015351557879972718,0.3407463351758892,0
13.691182517059453,70687,0.58890947059568,-0.607540428972066,1.4112403823047808,0
4.422164692181493,17505,0.5720282421379485,0.4118017971975185,2.654949115826844,0
188.45992306449418,27386,0.8680308569107241,0.4874781283278922,1.351397052368507,0
6.449888421743715,32669,-0.3431142672381313,1.55131447529928,-1.5407362473605901,0
24.894229195416564,64368,0.3038406929390422,-1.7620510270406293,0.09407183571377883,0
36.28337504435968,59150,-0.14184873807949142,-1.4159210447215733,-0.11713625746068781,0
169.03895566495163,80865,-0.21233409914554408,-0.34712306340874105,1.3849067146820684,0
42.14259766183567,24256,-0.863293567997671,1.3320874979978419,-0.10530411716071425,0
78.46895801903023,123938,-0.5419983720889933,-0.12411828820326767,0.5693973311507895,0
16.366418350981572,41965,-0.4602756416482977,1.7373127444667607,-0.05638493192132222,0
7.227761186197698,113846,-0.16112947922645485,0.07229550504258835,0.21005291613368315,0
12.826364699521625,76377,-0.5271524575923889,2.007197488768173,0.9725328913802915,0
139.56089393056922,75885,0.8785874932293701,-0.9520883048990839,-1.1050370580849314,0
25.284198876700245,113744,-1.692426913931632,0.5941158352279771,-0.7288753144462085,0
71.47678222997513,48850,0.056296695773004786,1.6042878426662037,0.1155487325228949,0
844.7279056212362,23557,1.4206371277798835,-0.9664597876267877,-0.13935991961515748,0
147.43604274549872,104627,1.2692090850293247,-0.5224194938156804,0.02875076077447309,0
30.364235184246947,21491,0.4783105685081101,-1.5304546774494323,1.091886582931764,0
112.33818690328923,124925,0.8332179780388409,2.1858641785866286,0.3047339056776838,0
119.48774560812572,12996,-0.2379903088307421,-1.4971872843220493,1.0016653159326592,0
43.188985391134416,101544,-1.1014533410643959,-1.8917245961445388,0.6923455458788558,0
41.49841934100559,75723,-0.05259289099484313,2.368528411391492,-0.7992424698232837,0
6.936058444151953,21788,-0.779746897730078,0.46234226480896345,0.42978725846692883,0
6566.008231837138,24809,0.37057687156225677,-0.16574222711915856,3.115170987334796,0
357.2463118146886,33464,1.6970781154901058,-0.32750357601707253,0.04335881471263555,0
34.20328322240687,43315,-0.8217649442768156,-1.3844356781691447,0.8397573107541643,0
130.82453242639016,107240,2.2932057632140337,-0.3343784753755892,0.4921219942709351,0
1.7432105736659482,60805,-1.9247035513808777,-1.7037106873894208,-0.12390527027397642,0
17.74251019216134,15203,-1.0749480738555788,-0.6429967636741242,0.9200111016085266,0
295.1249476298326,158747,-1.058495809595524,-0.9021541502617778,-0.8267024560396545,0
28.382331967078034,90139,-0.870017223388556,-1.1378492027239624,0.48064532981488767,0
216.66931169876102,83962,0.1421549712629643,-2.018565765499641,0.3545728517294393,0
11.691881039906702,55020,-0.9127870729919536,1.3333893410061035,-1.090357564493077,0
3.252966613512023,3573,2.14851012913669,0.8536696603562446,0.6560880246815681,0
180.68877065256748,74736,0.14088116578219725,-0.5470464419181205,-0.20175175167403062,0
63.22759035007002,55122,1.1280755783665979,-1.1172910692454534,2.1309094660756367,0
256.48515505736884,106053,-0.08837297625173626,0.021397838707290607,0.3814786391844392,0
42.426971153822684,153577,0.10345193771048697,2.251522391339137,1.052569985853481,0
39.53575746373108,82151,0.06782265598414258,0.9050492894859047,-0.5845022991123163,0
85.47266955224336,126078,-0.12725178155073533,2.1415669966998796,0.5317589483837314,0
193.14592485005414,23095,-0.5890902582650294,0.21017452591917882,-1.0806798635588954,0
153.9097568372331,89352,0.6956723272871127,0.0691113342846246,1.435657253810778,0
7.251393191789833,45706,0.21006607482691622,0.71804048348532,-0.46584308041208133,0
16.257009398625804,25525,0.9337389251102988,-0.5780113120072441,0.4848787262922397,0
206.41098191334606,61969,-1.753739861637834,1.31677001544383,-0.5548389129094333,0
172.99445015483442,67008,-1.7666909573160978,-0.19197108726575254,0.2850410687272155,0
85.96611421563877,58185,0.46776537431693677,0.1810026278876214,-1.1093481809053143,0
106.30342350914336,48709,2.1623989896901543,-0.05814332989558339,-1.2256758373820658,0
222.78701797980736,134144,0.10681240053982811,-1.3358089090500618,0.20079418563610624,0
702.5797478787333,33743,1.5517724977430878,1.002609567937555,-0.12422428398149918,0
257.97792057313836,155762,0.6847526745858722,-0.8554624663072821,0.786448787882653,0
49.11929017556885,138148,-0.2116142116172769,1.6845352303967687,0.6403070400562516,0
16.46458960175672,80880,-0.7653838591208133,0.9636608057686246,-1.7287659165830336,0
53.620672278492194,99772,2.3949226324514634,2.0141840989110382,0.964020318671126,0
122.68827259087325,145508,2.1633922367973146,0.7004479382558343,0.20707457035260074,0
4.519380272767658,162509,0.42352784606205707,0.9402309400882687,-0.22891787698307334,0
96.92915271063026,57223,-0.1759881905656146,0.8018620625671145,-0.7140960894710452,0
49.81850458234933,81118,0.07711360290090409,1.0803398079538469,0.668858193592144,0
34.76216321731995,107919,0.2202970521953939,-1.3488699201530132,-0.0778569399947938,0
106.42627299429222,78871,0.4520381710539758,-0.1395858854787457,0.7667259447025524,0
26.92632382450221,9551,0.6637956320039115,0.20802880525010536,0.15197984861837024,0
405.44532731619006,41541,0.11827072165957891,0.48995229276551017,1.4803620463821991,0
36.3543766019521,67957,-0.08352836599105272,-1.619420663693596,-0.7138815205328286,0
495.9881504539075,13859,-0.13778781330127948,-0.793021675485028,-0.9876467193938383,0
53.34565541491092,80808,1.2258387708885818,0.6007739282740924,0.7739116052002187,0
16.894612113282943,156454,-0.6597755595450697,-0.11905686406358801,1.6236168342028687,0
42.2141975551949,25230,1.3242049144763646,0.21708656149332847,1.3677592501343478,0
31.048450775085414,149667,-0.0789219081285397,-0.5666735687221093,0.34593836873047634,0
352.233336682578,135811,0.789841814550901,-1.087620960345431,-0.09296007295187726,0
22.994024984796667,70218,0.7464682938861142,-1.1636710400316772,-0.10195791716665827,0
18.54562083146064,99423,-2.0737825384000668,0.9821193254403839,-0.18707300234579982,0
33.78912763014542,56480,0.4211358618465143,-0.5661181242026664,-0.2402258692866682,0
21.817737712922597,171926,0.17277775251935149,0.5497922221037168,0.5334311737735943,0
27.499620127212435,59867,0.9189924883335098,2.3765235380123784,0.30158624956724406,0
208.11720354686824,122761,0.6217825299070333,-0.014558501070610838,0.6977277253011983,0
16.178110028632474,138480,-0.35015991881974046,1.4863980196973159,1.258976431894727,0
13.309338730285504,62607,0.5970156789382746,-1.8826303337221402,-0.12081109081151854,0
482.95004126253093,22991,2.1447796350832506,0.8351232125993715,-1.9368556577647367,0
694.7724047243403,166521,-0.5345329946738723,-0.2617298305564037,0.4660295955016126,0
98.7963362699695,51965,1.489556406742953,-0.5971936152950701,-1.137432602151636,0
400.2483916400834,112319,-0.6225057793646933,0.47876754990255466,0.6258822350946178,0
358.44601164686105,121840,0.8149105393661576,1.0507107859069271,-0.28405928159406524,0
8.65796800265498,158207,-1.4387499030302693,0.4855148670888492,-1.3489256684201139,0
194.2561606774174,99890,-0.4393552977355351,0.44259512156722025,0.9931202326016685,0
42.318378156577815,131024,0.008688129171636963,-0.7132180636229019,-0.8134270376797311,0
154.35939754294043,36764,0.05172701136253039,1.1343661741148048,-0.034588520217151586,0
65.54695107748648,79804,-0.9618496586153173,-0.3229105688996054,1.2149242435445262,0
88.85335847380195,156295,0.9846581430735551,0.5623245411707568,-0.9680150005884519,0
27.003873005355693,92326,-1.3656453456141873,0.23801658860297045,-1.111553172786243,0
236.69475252841826,76488,-0.2914149707319123,1.2819508799296586,-1.6874003597171487,0
21.831904438900988,108157,0.4038264189739207,-1.0736014467977713,-0.6272185642729853,0
19.386668713647502,58896,0.6099233332422137,0.27824291469240575,0.4451317112144699,0
18.741331508821077,12651,-1.1749092011886322,0.562628461323167,0.057911077588640884,0
10.483144174445426,4435,-0.6996672682849625,-1.2657332394869438,0.46274114849291265,0
204.20523901741106,6185,2.5417653498708788,1.3833189098614755,-0.49396630695865096,0
43.58162065206346,90214,-0.2872078797860543,0.3661521889095367,0.5126334485131636,0
33.57342087158504,163301,0.34897823398346944,-0.7360081519256039,0.6239777858013579,0
170.6421106699907,27235,-0.03532847943110247,-0.8070912827771152,-0.586120326126507,0
17.001047649757155,14999,0.23154026068825603,0.2617765443861629,-0.2100251486668058,0
74.53234533834568,97585,0.7330782493212561,0.4920965445977551,1.621505743995626,0
140.98892271167648,53709,0.45715925377597644,0.6748745164692289,-0.0913016234190327,0
403.971281993092,168620,-0.3082511650669159,-0.8716969304473138,0.5311305077103298,0
119.30504810319141,104334,-0.49186379084216536,-0.3880510989449608,1.6422810772756717,0
45.023912289264416,103186,-0.9857595153269627,-0.5707795589778067,-0.030661699050281824,0
278.0590206051819,28941,-0.6368435639341121,-0.02836856280317948,-1.3051199928949992,0
613.575030674346,74674,-0.35165196978843366,-0.5586362137460538,-1.4246030155580156,0
50.72688208616619,124135,-0.30597561428164965,0.7783606574389874,-0.23272408711542222,0
9.846216515152813,143932,0.1057741782522865,2.380183661268929,0.06829552664692261,0
72.70242834240703,95343,0.14478648953144524,2.121644614089496,0.6802116408578953,0
41.969044723578975,23386,1.7306270394450654,-0.08764881629163328,-0.2844297471519436,0
105.6921888409636,85312,0.224406421196961,0.9946021359663368,-1.371930329717277,0
1168.0657789444472,87469,0.7221547663768754,-0.8617738852008501,-0.10496015305083954,0
65.94557600486442,24838,0.6473972485889345,1.4793501732727798,-1.1103330591512173,0
9.257330488328426,132597,-0.04524453643105369,0.7898410202889414,-1.9782513289694241,0
10.105065797786036,45037,-0.586079406422383,0.0965503493134615,-0.5188659153834628,0
10.092236138140015,114479,-0.3465548738231512,1.8737800920048209,-1.8028402579382918,0
316.6240838750448,116726,-0.16101935225648373,-2.052402268039589,0.6496025151334139,0
64.11990671496032,41444,0.8320022395786654,2.009973518293522,-0.909318011505236,0
86.58356757641009,12247,0.6634014686665507,0.756343998481743,0.38971102196071344,0
118.0823348395391,42747,0.17604968725227854,1.8158941618926654,0.68277563680634,0
160.67749934798326,117350,0.5232783633220883,0.7087617357720882,0.6338724442836634,0
6.4594076084251055,123355,0.200024565941669,0.3536477579266948,0.1032234660255966,0
161.4572404318331,66156,-0.2692968706141016,-0.10118229732700032,0.5618848194406751,0
152.9768903497268,5057,0.4410228168215248,0.5597215432381417,0.37855517540319,0
81.68647294220364,160711,0.8613490221249572,-0.1163625993360597,0.6118897208223646,0
5.937011975978937,13987,0.9344947940546741,-0.382034404086594,3.215177015774252,0
101.5094964141195,163331,-2.1782751123740387,0.09773688855806409,-0.1202286903046451,0
10.607177058483705,86298,-0.8431051007320463,-0.141771489610738,0.28138530535329265,0
21.92571697182105,158027,-0.029680424290999863,-0.0631307952031132,0.4327787440690749,0
1.729430949534295,159626,-0.15279577004679526,0.28984628572638527,-0.4166833581541209,0
47.041420145939945,100244,0.4990966172893292,0.335225010538284,-0.6969079247619876,0
20.491417729372895,83866,-1.2262597531785975,1.148880635265538,-0.3820863167023573,0
26.119531800098787,171851,0.64527861266987,-3.169787408059764,0.16500938452118893,0
21.325939807856514,93095,-0.9964804982991887,-1.8195807158289263,-0.48819670491323425,0
34.82176789972156,68831,-0.09919585716558511,-0.5195575831615128,-0.6612281158399781,0
165.58972653204304,56195,-0.8020590013187487,-0.053761738150599335,-0.3787742592847328,0
9.831038290534442,165962,0.21166672894748637,0.48143332699072944,-0.7477774969327795,0
6.466399328567801,13869,-0.03176842560327862,-0.985062497815506,-1.5004402829046084,0
66.7488835214695,120965,0.33595876290056725,0.6655775584473645,0.11083085582682671,0
9.540935292689166,112613,-0.6300192537421846,-0.3299176927013443,-0.2755253113683182,0
16.62139551000221,51319,0.4031148888171256,0.213077546847389,0.1030397748781044,0
45.93454768541985,135295,0.4527580811863134,0.648367444174316,-0.4452382633359491,0
10.782019966790173,101163,0.7837360565949635,0.16443263158026766,0.6180379281472763,0
18.999913015090893,26968,-0.21697905756521874,0.74106979278194,-0.7000035905221348,0
36.991197673462274,134114,0.8841996169144264,0.714274828521244,0.43558000150588944,0
233.15225696140007,39214,-0.3982826749524538,-2.4561307301213042,1.213707688904532,0
25.210073365294424,94535,1.5405523838476114,-0.49569933126343896,-1.0895686771209252,0
4862.052024723145,156240,0.09831448794540641,1.3905681471466609,0.9494225021202978,0
48.43086518987206,78563,-0.7118719099978182,-0.37791232865392343,0.6416136829661656,0
38.629162640559244,77391,-1.3563993562513321,-2.514257372045314,-0.7872482400342212,0
20.06980351617348,57956,0.09024197899169716,0.3402427099228848,0.857182371535337,0
556.2722329305757,65214,-1.0178629415132463,-0.7317984109574543,-1.8537877747934233,0
259.47689995531266,77160,-0.8323730704936013,-0.24396138994740216,0.38226327079054956,0
19.33927292932588,70994,0.015998770129692495,0.8687027451754573,-0.1919582425259077,0
23.586642878164895,73541,-0.20607600766367729,0.4430494493498093,0.038856457783596754,0
99.43776067882624,82945,-1.7285188259593554,-0.6399395688632753,0.8767294906700753,0
66.70709754119567,68908,1.372503335513084,-0.8480405114036949,-0.01850333443038853,0
9.557481339410664,139872,-1.769355770803304,-0.9908867432943997,-2.1400427335972614,0
13.360456562820179,29469,0.7387280044530251,2.141053534726104,-2.455815355011651,0
50.742064750451476,114817,-0.23523574320166166,0.8455856021921908,0.4975990967494988,0
58.87058432935052,38585,-0.4764408181769056,-1.0068712496823087,0.808022275882234,0
5.590008941870254,120883,-0.15032915146632844,1.0078309042747984,-0.24924300245728906,0
30.693260170518506,15701,-0.759098715872625,1.1500877168009103,2.852068160380732,0
3.1885874068984963,95849,-0.6437688660368867,1.0948472251387968,1.105555729122067,0
74.75417962861165,35070,0.8705130635554745,0.7524466658757315,-0.40188168837126503,0
747.2999709886358,84366,0.46445388610480637,1.1358048674527994,-0.6183654498360713,0
98.5168971496685,76970,-0.7019037915241338,-0.965578061041906,0.9766251672613951,0
19.326434821960714,29104,1.073634816248497,-0.18500531190379285,-0.7059418364666481,0
296.4455294867707,88713,0.5830810168516943,1.7389053900691334,-0.028809023410005245,0
152.6175512630265,121921,1.0562063530798353,-0.9805203224490269,-0.08533271507716944,0
6.3661383762578305,16285,0.2793919220472091,1.8238743960798365,0.10053822668724548,0
149.79861927985633,91190,0.33738348139056873,2.5008413965018357,-1.5594206486267925,0
114.47315100995642,137477,-1.791851100444405,-0.353776408480489,-1.5874821888573258,0
202.67095874037778,119586,-1.2699837799011895,0.938047167947494,1.4160795964828639,0
414.27235867994153,23519,-1.896249028549969,-0.06092141649168137,0.5272505529818223,0
151.31997331278126,106564,-0.7105950928838916,0.07752779904885221,1.7437260693864451,0
96.97793487499547,64649,-0.3104500064590432,0.7680623733087838,-1.3184594370714555,0
380.87771942657076,149571,-0.30507469286518374,0.3161785639759646,-1.181985109274356,0
71.5292571235834,129350,0.37330799170468365,0.7493146851482341,0.025201709691715733,0
33.87787842592942,64120,-0.7545708576489529,-0.035337210931819296,0.7844121601517182,0
11.150053732823814,98111,-1.7745261909725352,0.9157901374391396,-1.3728377998288284,0
86.44611751124144,131022,-1.8352870541332431,-0.13579284213926662,-1.0029641543753474,0
17660.702207774593,43578,-1.5327271237665299,-1.123417691155676,-0.38941840477940254,0
10.014930180429804,103018,-0.47306568001134647,1.1686256924315872,-1.3803676678684957,0
548.0283277308647,170330,0.22837430565025563,-0.2640725767818626,0.9135639494741862,0
41.25019181196969,155194,-0.34560432666975205,0.4559761730215021,2.543556168549496,0
757.3247845464542,74210,-1.7801132009214675,0.6688119470821156,-0.9903225452719348,0
394.37238433839826,151714,-1.032229135942272,0.2858869407041984,-0.324062289961382,0
94.72054927968206,68617,-0.3454803392981044,0.04125040338349127,0.09725394769096629,0
53.84271749784615,112312,-0.1197728184011313,0.8615859004970383,-1.7921824398783424,0
33.71427160655299,152236,0.780441598133552,1.1787012816766396,0.4363950833748209,0
127.39131094901695,98097,0.7429923433085787,0.8946454683405404,-1.1181589621338168,0
34.770212790679196,135772,0.14104782705925584,-0.08628800171163538,0.32727795657628994,0
3.0770663858977008,21747,0.8389602555248797,-1.8204552144530914,-1.5962368582083002,0
14.460623001840457,171398,-0.4640524190598281,-0.6568533430159007,-0.7833621618862397,0
58.30671156818469,136344,0.30375231014738935,-0.7017875766374849,0.4940090670129031,0
31.09008102696913,78886,-0.10061974824726504,0.32391157019728434,-1.585584322084335,0
53.6001746270025,95659,-0.12279306712707529,1.1699210794172235,-0.5621290567637044,0
89.6826167355161,24583,-1.5464173225742095,1.5758020799838508,1.1781287066349064,0
20.487309720007588,133984,-0.06838289371401578,0.7057389994463328,2.188537858715405,0
42.768875961548446,82593,0.020929202389193415,1.1220937606591224,-0.8032843426079768,0
37.85939968552616,20703,-1.589903003422171,0.7838465261672831,-0.17500843395058827,0
147.03783410498124,28577,-0.07677675875662361,-1.0499367595492801,-1.1828642363554376,0
415.01058183396526,94324,1.3135918834839824,-0.3893002031010772,-0.9925534154913321,0
26.42131970731832,68481,1.4590397800956165,-0.42268360794550097,0.6168889793138191,0
131.22775858737197,11369,-0.75992924174966,-0.10250334761968555,-0.41445420858913706,0
15.64913923474608,153507,0.35801645582208447,0.29070872947216664,-1.7512572707420786,0
25.339252181859386,142007,-1.3612640756195442,-1.1737712233342923,-1.7568435596003789,0
284.70098455518973,21017,0.9779517822663238,0.11534626832953464,0.2537190302329994,0
87.03943992458915,67875,-0.42743798163386104,1.5711337820865325,0.5070069893125763,0
12.271003744578843,55595,0.8895063928254586,0.3714411076352221,0.9287816384729899,0
374.7067390860151,100578,-1.7381225961760554,0.14108155177124002,-0.24074442876150853,0
2882.7933622893393,93938,0.7461172132607821,2.1381695503522,-1.1793008108334628,0
59.293779640420105,18409,0.41116698834522314,-0.5035181802742631,-1.4641820964375807,0
53.45560792977385,48469,-1.3980821466115734,-1.7892968458304865,1.0815197556133342,0
330.90154475014805,58618,-0.3832032348378386,-0.667800403154637,0.9048751108698853,0
11.896774007186753,22769,-2.195717806608188,0.1628654034422041,0.12963526012669752,0
41.00490405586924,144103,-1.2402592672403125,0.3450281532355637,-0.8442765630240926,0
1254.2688379452181,74667,-1.2407048977752262,1.457116054926424,0.08421158295189789,0
9.627156472367966,95379,2.076662785154092,-0.8370636481190605,0.8890938654721715,0
242.42037884294925,130366,1.0816850766734418,1.5558601508983405,-0.3376474647737226,0
3.320748047162473,158334,-1.7916609535117811,-0.03416138277878528,1.071770387119327,0
94.39060111164903,136436,0.6918214101400879,-1.5391730975466025,0.5215915790317449,0
3.1141799798500167,37869,-0.30572995532029396,-0.5489075749417577,2.2916948341869,0
430.4127685140129,91368,-1.7666122888360731,0.06034169696774019,-0.916902758074005,0
293.76856315808453,99345,1.1261689091393843,-0.3465795344221792,0.5494695106317505,0
1.8806569431572182,114687,1.243951402122621,0.7728248877115645,1.6989793281138859,0
452.15324513373895,18546,0.6953860316736591,-0.6567206228905744,-0.7221127760031134,0
550.4091218800386,163696,-0.747950160023743,-2.2404522994586404,0.48685831747503583,0
19.814973341217797,552,-1.8094205268117098,1.2760172243393801,0.3762936414074295,0
4.4515187997360846,114491,0.44798015929644597,0.060514256030796826,0.131201793777128,0
93.28588938750231,149360,1.5228219558256755,-0.5579330519253668,-0.41002211481135103,0
113.26752128609863,1071,-1.8658288790841235,0.991347953336998,0.8394389030163469,0
819.0337318456676,166481,0.9756811792713247,0.5279543365311402,0.7779300978847117,0
41.64911540509437,158178,0.4629199234278211,-1.0603299308439713,1.634396172705724,0
13.7635264210941,56869,-0.10965639801656646,-1.5344969313819175,0.1298192406424394,0
14.361100942268608,96421,-0.6138450708709576,1.3499591440274807,-0.40342077423620876,0
17.19060134935201,116659,-0.5149373813124948,-1.1905051587476578,-1.6813385593188195,0
22.87341916012585,150923,-0.032618385728137134,0.34302504403229395,0.40171005999508363,0
173.50446431567448,67959,0.5691988492778154,0.6306393265269145,0.8090991493665797,0
313.12974042391494,145227,0.6243194002245808,-0.24574649075602495,-0.322224985828953,0
2655.3864085454557,25992,-0.23603539546166377,-1.3248396344089313,0.3154669464639865,0
21.129699027371142,88327,-0.6481628672888983,0.7567883680388021,0.8651199339482378,0
369.22580261818274,85263,0.30588893598212213,2.5994200979072564,-0.8763246506901082,0
12.88290388369272,153877,0.9646153139527402,0.6616618573670949,-0.9082139039861135,0
73.27336612778943,111030,-2.00233592044532,-0.6624634581787496,0.18983912777349482,0
4.3872136036620315,67082,1.0336529850718106,-0.2821728723496252,-1.1784373415763103,0
47.22199808868459,88545,-0.6478662392025014,0.5006013371493058,-0.37175811938690334,0
6.767030934208808,49240,1.1674495806170002,2.1725893612023692,-0.9034010093034297,0
243.075542861784,126718,0.5216441831576897,-0.44367651452699064,0.9294285856042144,0
51.151129551864194,96815,1.0327252240024793,1.8499706329366672,-1.071092732453956,0
6.619423984296755,101986,-0.1239957766522099,0.3756001791832569,0.5453021485808266,0
2648.8039045009273,3722,-1.007908738895004,-1.954443551154595,-0.36559359918098233,0
115.8937825844319,57255,-0.35862666504265517,1.1422471295475496,-0.24779834718841368,0
120.3431067022191,12227,-1.10483849577285,-1.259567359664829,-0.1277366691177852,0
712.7046627884255,42563,-0.37002424014667507,-1.4702357637814318,1.386594181412067,0
30.598953321511228,95675,0.7930743720183999,0.3409715852928196,-0.17262917688608928,0
3.618640591564694,8360,-1.0949549932750327,-3.0258013101404932,1.3521539658912205,0
19.910985328756254,8826,-0.14753071653672908,-0.1249088744422284,-0.3133297480455763,0
29.02628431200458,99134,1.077566383606064,-0.325660933554425,-0.22956620850009224,0
129.1614143660539,74651,-0.9059656376436167,-0.3691069796526075,0.4195593034822912,0
156.29716725055314,11301,0.2770112029940243,1.2194036846675802,-0.50034496415265,0
15.17881626381929,32850,-0.7892257239096072,-0.24034978719784747,-2.2590049023773098,0
178.74110154064093,102876,-0.34988942393163847,-1.49280252040983,2.32512365538227,0
584.5317093657775,151293,0.5704477741529598,1.2621207085061612,2.437712504483346,0
25.520626590511903,169629,-0.7643883802912621,0.7717562379542688,0.18351707820639426,0
469.3109498260097,170956,-0.26838359729195327,0.4272261749421876,-1.1239709470782375,0
4.451669760189501,112355,0.2905320948398148,-0.09288031511540129,0.3045140461447915,0
719.503160723897,64578,1.2117857311517517,1.8026492643330951,-0.2734061462305999,0
179.71944920052,95967,1.451424324259031,-0.5026250802987424,0.688623944931791,0
48.63519451886509,26245,0.3062156797813505,0.5317976891314684,-0.2053575988392025,0
7.321139243394853,26564,-0.334850261791076,0.40711148437509814,0.2660975794761297,0
43.74290909214672,141898,1.926658443012136,-1.3476633809003304,-0.2318391733761805,0
663.8311841642522,7197,-0.5873476202728749,-0.06981144913267771,0.8125818169843059,0
23.197380311755126,102181,-0.2188252263475784,0.002892921040562143,1.5033240972610495,0
199.9234681775038,30932,-1.1800123353965095,1.3177750123938599,0.9395016224396668,0
377.3960391606113,99332,0.21825978709132,1.6922118338993208,0.6449648249308514,0
12.58179189609846,119764,0.7757478424264387,1.6221326501795996,0.6548704431444042,0
90.25031103932605,126861,1.004522174790948,1.1444708787056284,-0.6617628320043057,0
228.0819401172756,79134,-0.39660536361715565,-0.5446768517461054,0.6047906461449577,0
61.67728750471803,9933,0.06827874005772397,1.1161996741793487,0.42880111713576896,0
40.15251201555748,152499,0.891948883500935,-0.9747528939439875,0.46554583951380807,0
340.63989942662704,143588,-0.48638767105329866,0.9834118513796775,-1.0557252409248465,0
112.59536649568598,137711,-2.111013368820357,0.07283495720333912,0.5218294516269825,0
11.160034513294782,26469,0.8187288360195736,-0.09108489504223347,-1.5347977526786356,0
509.9940781454632,30741,-0.13327098145098354,-0.765216617660158,-0.14586194867588417,0
357.06619393245217,72089,1.1047354660550324,-0.3988458554558629,-0.8547114108921243,0
51.83018330842913,5704,-0.4022468662659743,0.7786683932177202,0.7413482088923429,0
854.7805924919938,15405,0.6939410163906686,-1.304556447012753,-0.028085465344118123,0
33.44678539694031,167816,0.700021126658976,1.1103655679825142,1.4051673556400397,0
1.24449458309579,154432,0.7250332743911355,-3.1461053551909517,-1.1484985976486504,0
41.70288945502201,59633,1.1620355098602617,-1.0750426980477739,-1.2791134814750793,0
3.8037307785524255,26622,1.2156286924490805,-1.7188883770486654,0.4674518334444257,0
417.53152184093483,21506,-1.3917608133862547,-0.22261429728109305,-1.3815270047025805,0
11.191600435904727,69253,-0.669341791474783,-0.5874703509667625,-1.819719368841999,0
403.7632204909673,7807,0.3074058334792675,1.4103355502589405,0.5483716342717233,0
80.25225698088842,56994,-0.10485421467064862,-1.4290492581905767,1.5776195159240778,0
53.06277720317195,23758,0.29912338933634164,0.4244379746083246,-1.1410905170264192,0
363.50167634627695,4509,-0.0419604282089063,0.7308834790757212,0.807226967470977,0
199.00605827030458,115402,0.6460779763116781,0.698553253040758,0.6069783126442333,0
364.85331713014426,78487,1.2790691907813667,-0.45722491306252827,-1.2110785795582142,0
124.73560764669723,55998,0.3379981206959357,0.08030026488350882,-1.4726095435321036,0
11.68276118730399,45991,1.289612614339787,-0.024775004109063876,0.09491874046077083,0
13.220116940173641,26691,0.2974591481261305,1.2528832778052013,0.564708243029685,0
810.8536061511599,89833,-0.1776101209156868,0.2663301909255456,0.5649242107681353,0
225.6295235600025,30956,1.1773009085217967,-0.6540572785867678,-0.9816890831956616,0
37.36950947930511,147525,0.8567083150145297,0.13741467145647446,0.7100801861977928,0
5.624957579850696,171226,-0.17822038900033782,0.12780041120388266,-1.2626328016000508,0
53.697260970450365,9102,0.06903500089118218,-0.4239384567826416,-0.8267769943657504,0
162.3521000035642,2566,-0.40965069151573147,1.199061992569526,0.3873040745950978,0
76.98511044481359,108724,0.04721408419860293,-1.539531265877247,-2.1410365170619277,0
140.37176625685063,11408,0.6019989525023988,0.4285727313345892,-0.41356183757137205,0
146.6159244918514,18077,-0.3997855122590411,1.349727779994714,-1.9485477441132475,0
8.259818656125926,83489,0.1930477714533798,1.310691214125878,0.6037428856265101,0
1159.5832584306831,58611,-0.7470502009005082,-1.0918287023478068,0.7197101911434398,0
108.89753970830368,424,-0.3478324601385652,-1.1473140924453826,-0.4216872891526478,0
85.87917360195421,125890,1.527739056666093,-0.714938057084116,0.2842023959327779,0
42.13157223306881,113271,-1.0079857072882774,-1.1660493028802958,0.21107734307897782,0
152.68616710954734,101728,-0.04435288060065447,1.1174606196608028,-0.15752005862403062,0
453.06630373401174,36123,0.5283071334770392,-0.5942329821433568,0.7097682016302523,0
177.61340707459883,98697,-1.8209685057697313,1.0049690575863832,0.3690977596685389,0
8.595076447147296,8958,0.5594768854349338,0.5583128533820845,0.5578112835511367,0
33.74472832099732,72337,1.1593935146036978,0.8053238302843986,-0.9940058619351126,0
26.033004198076323,111578,0.30876727423906997,-0.22932803718849654,1.5305603522809155,0
38.28916925701032,86287,0.7913827332888367,-0.1156893072700698,-0.49255737091796387,0
36.71484436688934,3302,-1.6978292806228048,1.6250215957935672,0.7277343452898019,0
646.6572546869335,55283,-0.8895737471443433,2.2340736806537387,0.09941449624206443,0
212.18171679992034,165780,-1.972240685895981,0.08720361895093898,-0.22346423614472716,0
161.23375850561104,153529,0.2565215729984136,0.3081081211620698,1.1575584498983342,0
19.481764037431947,56999,-1.0192476327720337,2.418158196338844,0.3972478557413961,0
99.40516349103866,40428,0.41790726787560556,-0.7420888283703161,0.9638891697738049,0
1172.2993267742506,106120,1.7257438668278224,-2.7255069683681525,1.4897662322164116,0
50.10367625624123,38057,0.785752450926438,0.1356661615138908,-1.6068173520431395,0
570.7581037435923,97421,1.6307296654757086,-1.8434827581244142,1.7747375850403964,0
11.862160410531448,74635,0.38428078932819676,-0.3938168475229226,0.20150783399270017,0
143.88426780946804,125212,-0.7797902867408337,0.34511011211816167,-0.9202278434120265,0
10.026436093671037,86891,0.7539015865851516,-0.9638218302499707,-1.8547950406565328,0
7.634550405449175,166308,1.097774712640883,0.4663671259034995,-1.4969062087545804,0
0.7086574125735309,3376,-0.008113170220361435,0.45910077243382724,-1.056896361103224,0
251.59134929768646,75507,-1.3559102302500399,1.2484182684249667,-1.0715190619092338,0
33.10912619453417,41798,0.1724066590967024,0.8965424521242712,-0.3340341022146734,0
1214.8052589864433,49830,1.9736028113899755,-1.6048358236979121,1.072420791907251,0
235.1993315901383,116810,-0.4982983125072315,0.23600972249901492,-2.5713051448397652,0
303.1519672239727,154125,-0.7261495172901765,1.0047929959925423,-2.099964359732552,0
420.3080495563056,38664,-0.9227243081246277,-1.9664033078842884,0.38419635184784906,0
10.572522925255699,146362,0.8783856269353276,0.08270157834757753,0.10844706825176162,0
11.602425193998355,719,0.2767964393450264,1.732964105824434,-0.4289555264167492,0
267.8199325578171,38230,-1.853004822265491,1.8445835381860611,0.01150052673023474,0
14.253186795092398,87636,0.29263888622965634,0.19824226112580293,-0.9221327795768127,0
198.23360932147142,126378,0.9845895393798775,1.1528529724998002,0.09082315199557137,0
10.847513514176397,86348,-1.2514716539027695,0.4459788912110098,0.827728404227591,0
1363.382047864178,48017,1.0167112225060029,-0.35442761594330496,0.30948868405498325,0
107.9919399908748,77631,0.2057959203752569,0.253757373160115,-0.13582149012742226,0
465.51310230474473,54232,-0.5275186002289995,-0.18962316899808576,-0.3563162446505996,0
89.50219081485739,47743,-0.21465193458312196,-0.9993187166849383,1.390656268576984,0
72.64872463109423,67058,-1.420601177518306,-0.14083776140627724,-0.23615511825649102,0
112.48266181618544,133387,-2.5250067911737077,0.15947718750399026,-1.7608221579267465,0
10.640711902456449,21058,0.5729549523131172,0.8234602263984955,0.7970091049072717,0
189.67037892266526,132974,-0.17720073068334455,0.39803955416823056,-0.3147967491894692,0
54.70682828110674,127727,-0.7228096371934584,0.0070955823509566895,0.06409319206086111,0
27.729887031894847,91404,0.27820326312550436,-0.35961055978872347,-1.1838212902386127,0
36.77670201702758,23926,1.1087251013920394,-1.3982531242558294,0.5504492791385839,0
483.13741472999715,74874,-1.5648747928615192,-0.010240179840504971,1.381162282837188,0
107.61474722971438,128536,-0.4346760545813742,-0.8800201222371649,-1.1593282287544542,0
5.204694169337722,108459,-1.3063629375502728,-0.815176203660066,1.14933502163864,0
372.1429313883732,166153,-0.35676464619065984,0.04732325184971967,-0.11986898985721862,0
496.08907199652646,35133,1.0751108245887713,1.3764168987949865,2.463508512532141,0
117.87900266805805,27424,-0.19321000094841478,2.1853502697116487,-0.4777788368255678,0
56.979204718879515,84097,-0.5368629459053864,0.5755649112356455,1.315530188514706,0
369.84577965265333,170134,-1.0290526887739952,-0.7558262880404988,-1.108616688219263,0
151.46039296196474,73002,0.9761876378871974,0.1763691665672408,-0.3650485542060654,0
89.40053482011893,9623,-1.4991545298994322,0.4455709939124166,-0.22246038098707643,0
21.937272021423738,107114,0.5750777229457456,-0.5738858912689263,-0.15893816778902306,0
432.7708652181491,97764,1.5369338668031245,1.0263473905252611,1.006795089596516,0
58.584543011071304,19575,0.7320360283332826,1.1401601900965082,0.21421311003287172,0
378.0606567702517,26564,3.0358669170435526,-2.8069493706222373,2.9035715421872754,1
2.6880464657652205,25090,-0.37300551005223137,-0.1810139450534462,-0.66598689361734,0
9.346786404324291,110736,-1.158494754808896,-1.5905962763275472,-0.26081724438681664,0
155.07333769052548,121624,-0.3605257804601842,-1.0762067207525376,-0.5674701150138985,0
22.872152852369634,9327,0.22865609627706854,0.21622586637102606,-1.2996603324903235,0
577.9744062353072,41556,-1.725281089153335,-0.7779596194677252,-1.251918306090109,0
26.975708567472427,135343,-0.2582190534027961,0.8884067879663116,-1.424431010224665,0
65.36892483267845,166617,0.7473217372170272,-0.43778606197715936,2.0467801516262853,0
55.13710969822311,117743,0.5597643644423885,0.5609865577084144,-0.010752179354020503,0
272.8060234892433,93515,0.6360716645231381,0.2845399786502963,-1.2614173117877483,0
44.82612453893895,34880,-0.5674923247751158,0.21765984235143948,-1.4073323726131592,0
12.808617204566831,46865,0.09315938091060968,1.3085337638970265,-0.3158710430376901,0
115.43017020992423,43654,-0.98564916170541,0.3512456224343295,0.01181394193811988,0
72.82604664037748,77521,0.8527030131278297,0.7215824150525804,-0.4606169660880188,0
329.9527160120736,159027,-0.28694916961176636,0.10956672044576857,-1.8462485537039754,0
9.677091207354946,36104,0.5048259796790453,0.3695861093924123,0.6577960244882736,0
166.58033129514416,117278,-0.41465332779884395,-0.5974974598128484,0.379553338263069,0
17.127468132083656,142135,0.5123694239458502,1.1352233196172332,1.7354261580422132,0
0.7612344166205872,172097,-1.5258412842082374,-1.2079075708846772,1.647764218021548,0
61.24692264778448,39821,-1.2862280888309934,0.06069659687188478,0.7506248852386342,0
20.981029805870854,36417,0.019319377725707687,1.2311459106876128,1.9989853269439728,0
273.2625120773413,8048,-0.830451917288376,1.5916273931096836,-2.3165554074290666,0
7.596457372296786,74385,-1.6004466009327891,0.43232918281701466,-0.7593802183598476,0
16.00180734409834,46235,-0.6730019204499683,1.194356207684966,1.7248291226566446,0
106.56533943464676,134116,-0.5020861504840796,-0.18026071413202313,-0.9167141029310112,0
44.94728784554927,77313,-0.9167382524416169,-0.8055430615577858,-0.21457687738041484,0
24.07218704016338,151950,-1.4508336947880904,-0.0680794650426563,-1.1669449786086303,0
681.9605856635877,164408,-0.49297249717633346,1.572008080970616,-0.17966206343237917,0
414.3334709489818,140089,-0.8598879527362696,0.7330535352614812,0.1330967373180052,0
222.18660452477394,3476,-1.018747800614178,-0.790743226521536,0.7142254756818237,0
58.08637828137928,156587,1.0721860109528973,0.5655887562905836,0.29117183506949873,0
14.553760912266384,8301,1.6188125330497412,2.351405766124085,0.06243547988761396,0
318.8752245581273,69833,0.6809641494135227,-0.2757567036349209,-1.0002495930636006,0
32.652722127233396,164562,-0.7479325200118483,-0.6667033108635628,0.4511901273512234,0
108.3243350062081,118216,-0.6508753647002049,1.3885075306304901,-0.8249033250734021,0
32.17917172896854,23363,-0.6550587116149752,-1.5326522015063238,1.1334111709141657,0
23.907019110152902,8912,-0.400255631286832,1.1522913827137722,-0.792403319062251,0
1103.9334624631626,102649,-1.028574749528731,-0.6836545036699748,-0.2701672921190272,0
135.0261695865052,58420,-1.7866752853403793,0.37660827650150847,-1.300279988209457,0
85.58170483625071,70883,1.2964697470102573,-0.5471058676646198,0.5215943416861322,0
55.89234897431657,159009,-0.10391293402323216,0.73587043226106,-0.5233223717705602,0
10.26641576614573,88197,0.8720736506879295,0.18922688691120035,0.13683860105178414,0
67.55687737271863,155916,-0.15372009861315092,0.9158632778354674,2.198811434695556,0
354.3685854524152,104139,-0.7118086335944074,-1.0197605547992037,0.1512565231326976,0
347.9740371384059,58933,-1.0280225285901765,-0.21935651040417994,0.7890793069768047,0
185.60703615995453,26055,0.21389830701561233,-0.26880083483728784,-0.6505087960488857,0
3472.258092583155,131866,-0.24667714288256185,0.5080262177954633,0.487384328757666,0
8.137850950141344,121752,-0.30022481428417425,-0.4047807368472179,-0.4661275025558685,0
143.7939782097989,13193,0.9941695985639312,2.142182624423134,1.6096024868657373,0
52.25344279421197,124143,0.8248060233191439,-0.34968190602067173,0.33542938841825715,0
18.35472698477108,92635,0.798743441737362,1.1188830715360545,0.30600534550594866,0
5.728075138689468,32882,-0.7896816362511785,2.257083302859734,0.5460848251421468,0
595.5266523452362,104425,0.1200727979730169,-0.9087807096450526,0.18932712487152847,0
20.08005280543189,64636,0.6885164361772196,0.11312452523727001,0.4237695970337197,0
146.03381532147247,123311,0.12948782834529146,0.587134964523489,0.18803318972485997,0
57.41393555613398,89294,-0.5854944631564881,-0.716565254438253,-0.16299932765819877,0
1.8520867999659834,96940,-2.406110677549733,-1.625252083293971,-0.19518883365945086,0
28.632316288121608,55713,-0.3338603259187658,-1.7071989840845534,-1.320024720154858,0
80.6068595992953,48425,-0.1911800123163486,0.28888592894614096,-0.4291212521571699,0
2616.4245953075642,64005,0.24706605445743537,0.10576906792525817,1.435525959871088,0
138.519089482192,113216,1.4761902785396457,1.7997354864006105,-0.16643252864627922,0
21.175491651878367,132099,-1.4720798935095638,-1.3476774722374412,1.5071199919639122,0
30.158865680383055,36681,-1.567995223160249,0.7540166218897325,0.1762854942197123,0
2.1986723029365427,33521,1.9249766287438808,1.372773813610651,1.1040132884552836,0
44.63582946718097,56738,-0.36432438102060405,-0.9749297273566161,0.06460536533466289,0
52.65737655728234,132714,-1.2603158328373525,0.11454994251064804,-0.818707505575239,0
41.42438427014883,80350,-0.11648985205590957,0.6395014639817638,0.7242809078117219,0
0.7799785283169242,21071,0.6205340896290912,-0.6520305126089898,-2.3048764075960024,0
273.96903880334764,147536,-1.3428420924509483,0.009070689687773241,-1.684130911310006,0
324.85211799168474,98452,2.38807837450993,-0.11924576710261853,-0.26585924093308466,0
99.04457534635982,7045,2.0947977857158633,-0.392619255341991,0.35092546742340214,0
0.5672331792773828,145213,1.465229669945005,1.323713932430414,-2.5469133856677564,0
125.25533033216831,40376,2.819077614703326,-0.9412596462678862,-0.24007399483185513,0
49.09438786303511,66064,1.7696662828538645,-0.36770952152461406,1.8445698053752289,0
26.4194328606017,144229,-2.582912311429463,0.8953270885880071,-1.0324371432928001,0
1892.792899561988,7899,-0.1362403942870801,0.7332756843032795,0.25413569304991745,0
46.68683998113575,87181,-1.3707852499928854,-1.9914234889828486,2.5591390874863067,0
16.31944315344642,9705,-1.8491908797037406,1.0871252603120087,-0.3947930561636904,0
98.78649241639171,136116,-0.7234072088128509,0.953378024155484,-0.4177195961982873,0
7.237751310673978,22970,-0.6522025030919919,0.1391190697086147,0.6804189700383071,0
56.093801042195444,51663,0.12987954176795535,-1.273970300852147,0.3063088402248483,0
10.090751678375712,153223,1.255365868994324,0.18448652781544234,1.5945938249323215,0
72.54591935874235,37077,0.35339350539334363,1.2923293535303455,-0.3498048812018305,0
275.34400691784975,20967,-0.2417141208058964,-2.287435854980524,-1.2371375744002036,0
9.679151418871033,105578,-0.2317088238154259,-1.6093077759275836,-0.6872920705930504,0
48.20033679041857,35500,0.7539917300711074,0.9729584180416018,0.28889503162086266,0
18.887414514857944,65197,-0.22275940221810825,-0.3372883258648675,-0.717702304275305,0
273.9189642609945,11569,2.0614885082971552,0.5848813707563233,1.4448544256764078,0
5.778542037818053,33545,-0.21030023955656177,-0.5696013975469524,-1.7967690451749483,0
22.90997405469654,158276,-0.5974647867668296,0.766281956440902,-0.9750765710482535,0
2.2570950851552696,170932,0.9206541087078166,-0.5399610455640032,1.8596917811348435,0
482.36510265812865,45775,-0.9919041233269399,0.7019576542943752,-0.3371757350853109,0
20.37782183433376,121843,0.26877811322060347,1.2577637957921017,-0.08417393895007697,0
127.03388412872208,156133,0.14645595366795083,0.09538182762602514,0.6631872040815936,0
15.992061774205345,25583,0.24377097228960842,1.2722262912103344,1.394008013968985,0
87.29546177427991,138043,0.7284391969458369,-1.19711844585637,0.8482077863534414,0
5.886449692944095,102865,-1.2355700133092584,-0.4546178123815985,-0.2421850492197418,0
163.73132776247266,19465,1.3225339563793967,1.1505720012905012,-0.4906377643540866,0
2.4309216699240768,41970,1.2652056916478573,0.08630144685081705,0.0766177525820444,0
41.11279610641749,34930,-1.6758168102577338,-0.9129421021514724,-0.4445489046447416,0
206.56593611798053,60883,-0.06730568503169038,0.6477951364103631,-0.878956911655834,0
481.4081291544403,205,0.43119337939797847,0.0223525121729969,0.9492791319762365,0
10.465354867283741,170585,1.8999195935475957,-0.7004553236140878,1.9707131822740782,0
48.610269195811085,4746,0.6557618989188955,2.3263066853666996,-0.6571229363033956,0
54.69696443199473,172027,-0.5521200515852117,1.9821198866780685,-0.3148849585798496,0
55.189223090898984,81238,1.6436313553467472,0.340262841851459,0.9891413996797976,0
37.897477234830866,169488,0.14074356331026205,0.826723945782448,-0.43790182903176905,0
5.059317230045433,143239,0.27231819857329165,-0.08146450561498987,0.8216503220459844,0
52.10155353221133,58642,1.3233640593707405,1.0382110302440155,1.0134414448868982,0
72.05688399767476,7826,1.50923708970133,-1.141032588296125,-2.7213068662896753,0
74.49329752030056,114527,-0.5763008267059281,-1.4504305955412238,-0.2882391558872445,0
142.77419008963454,151228,0.46993888005285933,1.5698670302918984,0.9590428665379258,0
37.377267426335244,14833,-1.5247734068670156,1.032799006676633,0.14473498558074077,0
458.42514499381156,123446,-1.2237728137114017,-0.12368128691468448,-1.2002021761396091,0
4.308392129475681,121184,-0.8252311848115453,-1.5315281987233134,-1.1112554315116199,0
43.22781470231986,9605,0.20042532698899473,-0.4503482585523456,0.09076018001506296,0
118.68685222096212,158920,-0.35020854762294573,1.3800098435881811,1.306647887141599,0
5863.6156288379525,124115,-0.9661352087785053,-0.15399582100365544,1.2141030520704483,0
48.46865805557771,161446,-1.581195191279979,0.5317535771235156,-1.240284017848363,0
73.05126437738666,122046,0.40061134003709015,0.7706865500122777,1.0902917311186802,0
96.66386271719581,91310,0.4102342413875031,-0.8897364985484625,-0.4854442668046554,0
9.41701800998952,96134,2.012943379764975,-0.41544219176699765,0.20991714366166045,0
1036.7859620285114,48435,-0.0431808753382577,0.38365613657209546,-1.201624633477015,0
111.53746351109608,105319,-0.7044109273734143,1.2491570627199045,1.4275904579016743,0
10.804860589040608,168151,1.260992080769911,-0.1478576022497057,0.8979191667326035,0
12.538676500120573,20180,1.7726031230290595,-2.0640172727953368,-1.4399044418150544,0
286.430465306638,142184,0.044178108619452615,0.5177116331215204,-0.24522894708343365,0
20.146354496696286,96806,1.3172732063477457,-1.1534455213507002,-0.12107875437573229,0
3.6307451678253297,106680,1.0028728318496332,-0.30504067719695493,0.22456340854780124,0
26.56722594534195,77895,-0.6906584945615986,-0.04080373355079541,-0.4551077340988295,0
3.5576316235148724,61321,-1.0338147949970675,1.6417880348305987,-0.4348476293085991,0
137.53843570110374,83138,-0.3430535277996466,-0.10786337477924264,-1.8722255774993735,0
13.762812835117826,141693,0.9430897349366014,0.3936621146070922,-0.3399292847403838,0
6.355313687147835,159634,0.011338248536661827,0.4511861225424426,-0.5810934414129815,0
12.801159916623567,42738,0.9376498261971018,0.21151845837859923,-0.27729821499750895,0
41.04375666645081,40912,0.21551518081632362,0.7184501636944373,-0.7258192483932949,0
2.7694441386617306,89432,-1.2933724352500597,0.34871529316577776,0.2669226273892096,0
73.13181592252286,26641,-1.7006278679744258,0.6162843578216004,-0.898690428901868,0
12.119814130433308,134212,-1.7143442633905823,0.7819864147640965,-1.4937833580023816,0
4.877366008609943,24055,0.5569651939939492,0.6570627425873866,1.012068703888056,0
154.77983474698672,60112,0.6658021354525194,-0.35628024448896933,-0.6417838233095176,0
128.8418221068828,127894,-0.7076385707842838,-1.687679741924075,0.6818357333097601,0
18.566071884878053,116668,1.9795880097731031,0.4644011531332458,0.5785007492724346,0
107.67684095404138,9201,0.11958534265756912,-1.1030696014003896,0.5319964190794004,0
204.08186897359707,114160,-0.05395549529913732,0.4043663528048478,-0.06538723430976665,0
70.81086834070172,122790,-0.0009401811961189866,0.9515082792583993,0.8201590188217659,0
41.361625300761844,160036,-0.7736677652373655,-0.6596081521252573,0.048505305547324594,0
25.629146871272784,77763,-0.5002328163743478,0.17738629966561728,0.30910361172026735,0
149.08383865577653,152955,-1.4358789074934766,-1.1266869701548154,0.6951666862710671,0
111.39120961073002,125305,-0.714957498248787,0.6174669395036793,1.4106746485127193,0
195.41372909433906,145914,-1.913279009158756,-0.09983221714460816,0.14252329770429395,0
28.367034249717815,131787,-0.9878195767148771,-1.3102190879692135,1.1423437812808521,0
30.263021461226494,12017,-0.22735277349879845,0.36827046870268604,0.4865589176350303,0
50.35725632673776,160198,-0.6249901849635132,0.36065916743693116,-0.019460644578654627,0
113.72470906514535,142207,0.1163013350544668,0.7962087476369814,-1.5729820382385846,0
102.52859504060163,57103,-1.3338509184472171,-1.3423807452767864,0.5429936080488443,0
93.92100321105504,2056,0.49009500254394595,-1.6770259023574141,-0.32818645539661295,0
133.23726849773644,102617,-0.9565246721319457,-2.3130803094328876,1.201903132110547,0
91.41663228170749,75138,-0.4304355740914681,0.454734557538383,-0.31866983488035283,0
80.7219593153566,112647,-0.1889890225397152,-0.8635020334711321,0.7522523692984817,0
181.8519124345228,122636,-1.0016115239351977,0.07640153835078038,1.1182241859546498,0
2417.281012179153,164818,-0.4898247996658459,2.0171037605068918,-0.30793977709754805,0
533.2156214735302,48702,-1.4507094548159754,1.567832556366052,-0.5019672964351218,0
7.790025586971687,72836,-0.5087109244450072,-0.19213239724295117,-0.8706209408350767,0
4.904407785819092,87685,-0.16553840075267456,0.32198416906622074,-1.0972147371249188,0
106.81420310980033,37232,0.29167679940563973,0.03621647764945917,-1.022224683727609,0
98.69233607428238,39605,-1.065420525284532,-0.9443067513855132,-1.3901474010570065,0
21.35158495042491,100497,-2.6622736168229957,-0.1508996441047513,0.9585331054374872,0
1981.368112268262,38131,-0.03888163560682953,0.8575215046097556,2.5949439715802187,0
433.6254391521266,94841,-0.02600525799787724,-0.5967433305428768,0.0756326262286536,0
35.846535366630654,127558,-1.0339135473141172,-1.1724111623764406,-0.6103543471329878,0
18.2552014873282,55535,0.1672222680732984,-1.2443052551335885,0.4376506325878192,0
59.440445025151114,49002,1.3379130925763902,-0.5464183535230286,-0.2074493690566011,0
70.60157279389337,9179,0.6579699230702358,-0.04090483274879886,0.29908159494357,0
37.66465218021186,100972,-0.4116193335285746,0.4124890347462199,0.42629178125481054,0
77.9809046430774,40615,-1.3429568471873368,-0.6888876077494469,-0.2567859880646861,0
415.1101135491315,143141,0.527535078351256,0.5645090629173574,1.4540036824727587,0
860.2951389448313,160887,-0.347247843178556,-1.0398878993663883,-0.7922806221039315,0
6.534522080496807,48575,-1.1710978188487304,-0.29063855105472314,-0.1245082954826615,0
303.57571882714143,163479,-0.044900129443378484,-0.6963328752102403,-0.3502312955969853,0
203.61235954284427,84401,0.41038034129025247,-1.4650494198274984,1.9485336160380315,1
22.490274828899345,161334,0.33674382693297655,-0.6325192573435141,-1.6851490937170293,0
266.8539516862701,62093,-0.5844161452207307,1.304655694174562,-0.18343402721182206,0
18.99404505488363,16631,-1.0276586976446553,0.24517359977171715,0.498252327511577,0
2533.3528170116238,130431,-1.1232683524191929,0.99575597558721,-0.21881272742588856,0
102.59662719529287,98343,0.6073502030725716,0.3355458391334424,1.1165071982841173,0
146.8331935004314,48484,0.8911761598949369,1.2858313389539844,0.08342043248051258,0
41.326813847661995,94583,-0.25636168489921035,-1.479305946067261,0.6540316710108807,0
96.79557238806947,152860,1.0889560194627805,1.620125176591197,0.5245721606547538,0
33.68180458528405,40517,0.23195577160638428,0.24166428385242128,-0.24671439950410412,0
108.86009065697426,132667,0.8752892606213405,-0.0011850138563144616,0.716978402487779,0
55.02928783417184,122428,-1.6314969558471268,0.3562625638113966,-1.1713309595887509,0
61.17305637644302,58739,0.6003137915777077,1.9920677881696058,0.6798568633514539,0
23.907559972542558,18201,0.9534934355200126,-0.3577824936021369,-2.3486388343070375,0
164.1738155586984,155535,-0.8992757960914398,0.5149093431063638,0.6232351602762483,0
231.61214731417533,10349,0.38349006429524835,-0.89099177665116,-0.9239314573922993,0
17.03468039484205,4334,-1.3937559569235811,0.8907952560444898,-1.4419804910056635,0
2.3395538259599165,100037,0.19380117521254323,-1.195017636137712,0.048048937095555334,0
45.33872188648981,34713,-0.5545702498427666,-0.3704790517677512,0.3274703794353616,0
15.906877930940418,44867,1.5952954070785128,-0.8377993414390427,-1.0528230311769828,0
10.358747300826881,83605,-0.5372771868759041,-1.7252655031640047,0.22718779990108848,0
55.60396565394869,50974,2.157081802205351,0.3121329730193507,1.1032563617983386,0
68.23797211610317,61292,0.1729778135199101,-0.04037091226657172,-2.096183481916863,0
46.725089714605694,135579,-0.3231144369691435,1.188926241537494,-0.07254425437980468,0
301.8160849682169,23439,-1.463415730370166,-0.21872244846589645,1.5989668428946646,0
16.0697168133619,393,-1.1416496630123498,0.39951133737876526,-0.21834880722954123,0
265.1942814479896,61794,0.210961446276991,0.3537135400956126,0.7492566062190507,0
596.6119692437202,9495,1.0245599704342168,-1.9101002629508472,0.2683682250007389,0
7.999315465894268,87601,1.4324564876142998,0.3644993056885172,-1.0546458670853271,0
22.750815945293642,124750,-0.9599386145482388,-1.1301322159036502,0.1669738692688276,0
47.42476909342312,56889,0.1497544647319883,-0.012991651615883228,-0.5270702149862684,0
52.91138028166804,118055,0.40271020153139686,2.1344686879908537,0.1665924543751624,0
5.479986558362496,14853,0.5377347482807385,0.5097938928054511,-0.6204269208955957,0
12.103482977463257,90217,0.09462484562699063,-0.34525194620089,-0.7242376611013837,0
5.998256884288088,15316,0.5377442932299797,0.4424859932414029,0.5621935741100237,0
188.60096489672023,117183,0.7158731143522731,0.8865346330341156,1.0745475507821565,0
21.787663999339152,52890,-0.39668578872849924,-0.03578971178333035,-0.6898582942602858,0
80.36902254515995,165529,0.5186848952994021,-0.3531069085544115,1.4151458784676223,0
52.97668294665864,134295,0.4587294439370668,1.038162592276969,0.004665159183178347,0
40.67359144153296,71255,0.12376275723320379,0.7382173288916419,1.589435329379966,0
314.6978236119711,58900,0.10599019762181079,0.6754016935582853,-0.42468862623309706,0
66.94603525071828,54476,0.3511717779564911,1.9146384460059171,-0.0514051013058962,0
55.78086100589908,103800,-0.03540292183077104,1.4385037217330596,-0.6426247660673083,0
155.77764027556938,144867,-2.024017882760636,-0.26532078602025067,1.2114604584938484,0
9.192170968904096,71439,0.916506577791418,1.3985520335416515,-2.2761617630190885,0
182.13207558544673,130794,-1.1236830131700797,1.1013268307909707,0.24884694365686397,0
21.7881373547579,87095,1.0597780571069926,0.0821710091350128,0.3117523699255676,0
14.179878143436197,13872,0.5019934306743351,-1.3951663108056596,-2.0090125950353515,0
77.58096485239764,132848,-1.1558475876050132,-0.943364122737643,-0.667528545825424,0
15.547950285136832,154886,1.6666495531909957,0.22099007794979333,-1.0534345963437373,0
99.9779244632198,101025,-1.0311270788265738,-0.45498231591811944,1.3704290775602983,0
36.44811521480283,112841,1.9547010492077983,0.8635880266216398,-0.7032315104514341,0
116.62321227097688,40533,-0.25514028459434596,-0.9355942762193243,-1.0346197135458086,0
5.919674196860856,66376,0.4670812797839983,2.2619240198649626,0.24849486767071252,0
131.30619975460908,134089,-0.019119330457863317,1.4641875127496067,0.5680427694650401,0
25.410413509683025,127067,-1.4937419808890418,-2.3606117543733616,1.0128083767468772,0
15.587456066128752,122794,-0.3988859423418273,-0.2616053196995632,0.28566956675813776,0
88.20581594107773,63209,0.2319972259039866,-1.1031181639074124,-1.5757652057470726,0
204.0665078544519,108426,0.7156636632538479,0.06796906089861973,-0.2638326934573351,0
146.85930169705958,101086,0.24719567387368102,-0.1832557302377206,0.6763367738475701,0
701.8866945293062,114847,-2.7909350889833493,0.40058681491075426,-1.0578676626297103,0
159.47938814686765,41713,1.7190655029103648,0.17526956428329632,-0.3394726676951575,0
317.0740262475788,163396,0.8133615797272129,-1.2851219423646516,1.4653839692300101,0
26.36510213730522,119247,2.1900744194311894,1.2327498828296235,-0.48018151302284207,0
47.14024667614124,136537,0.9553716055126626,-0.2239038638086862,-0.49824796469113003,0
160.18243488239486,32264,-0.3288681583662116,-0.27554560487972135,0.266203675768484,0
204.81585217852992,9850,-0.2108100586892515,-0.7955106735736145,-0.5884609352563208,0
3.794218862944023,105806,1.0100518338781677,1.0081445693869453,-0.7583295186155736,0
54.777273252067694,114177,-0.15048431680036378,-1.3398846240129798,-1.2587826924802878,0
42.86567685956541,46057,2.2852086216609058,-1.3071820316770864,-0.5879770659654513,0
101.96902157970736,137696,-1.1595373871854193,-0.314480482890881,-0.2211195092727239,0
70.29435271766107,122747,0.10630716221332434,0.8117474132023069,-0.37732522998589535,0
43.75457245291557,141832,0.4675485724730876,0.7827033690192442,1.2782408064805844,0
38.59213833330013,142063,0.25517491779459767,2.3808774250291362,-0.4624221779684347,0
152.69295292066488,106937,-1.7554068700200347,0.8513377767099213,0.05131091222184997,0
115.35736920674614,126193,0.09312465301724847,0.0369450640317822,0.8654966791942552,0
94.45196164677179,93593,-0.5390077358697943,-0.5598210366920919,1.0780580440722023,0
7.804902626198819,131517,-0.5263095237469796,-0.04444346579769636,0.6815901949032481,0
34.02501988768472,127878,0.09194640335974344,0.4707635865923857,-0.47728187492046953,0
4.720797147219307,31977,1.4920072398351298,-1.5080105327211948,0.4022254020120703,0
14.150637246867475,50034,0.1800186742390526,1.5992271167008747,-0.19064562639632152,0
30.514022351979605,95131,-0.37237316266128384,-0.2880729921823701,-0.15090993442530312,0
1974.6855567963219,78267,-1.1079640748815502,-0.4279982408776852,1.1207921854221932,0
116.95083519020893,144151,-1.3565752121392936,0.21895924417100512,-0.8254049335293371,0
872.8820985861278,166391,-0.606946163047959,-1.2676781956509628,0.08783821051862487,0
6.475171424246011,140642,0.6061209169076671,-0.016780371009692166,-0.7367356491319945,0
15.09349211828048,46350,0.8398514591261005,0.47399797673536503,0.03927003359768767,0
37.57700270247506,60477,-0.3391773082823718,0.7983793433067765,0.5530276616955405,0
594.6882673695793,159926,-1.0520902700639592,-0.12176521656039199,0.6767394702354849,0
84.88829311443664,65471,-0.39171274911693243,2.003584444410736,-0.21129117669672898,0
9.04680641009805,132907,-1.305488912123599,1.1000205687229851,-0.2697346688147893,0
178.3259048118904,16303,-1.5447420753209367,-0.4014539543016786,-0.71682541362972,0
23.422702169044133,106948,-1.4698824377489978,0.20211277875998288,-0.4516808980452307,0
46.75181897643278,76150,1.1740610464215746,0.5865867748464998,0.9954367054299044,0
18.9600516267128,87017,0.9720326824227908,-0.018129684969662527,-0.3247342035022962,0
12.406259390329884,53092,-1.6414230451827054,-1.045959830803703,0.4369959167550791,0
221.3382575464353,25412,0.23600303128039798,-0.13336175529515332,-0.5098921425810594,0
93.88713865122578,77712,-0.3443353258376048,-2.558208946730396,0.6042997974593515,0
1.3398172844921756,152832,0.5318482973311149,2.156619626701526,0.34254827364037027,0
58.74993845730917,7749,-1.2583140349801385,-0.6953122624338577,1.1392433999971656,0
77.5588250645023,165202,0.060580623839097486,-2.297982270889135,0.28167876077720805,0
170.45520640764985,165211,0.32708112783793086,-0.8597392297442454,0.7980388353972315,0
2.0381285626837924,13348,0.7461602993227707,-2.119525094540966,-0.5404339694437124,0
30.07447950612078,71121,0.5098615991989659,-0.07252899108727395,0.49190725103327076,0
231.88320687305392,168382,0.5763766945019679,-0.8860673415002719,-0.6813851151419678,0
45.26877978925346,149714,-0.17810004646524297,0.6211159848347779,-1.220858221216833,0
16.96853744738755,30737,-0.6069569680151266,-0.4229646988548041,1.2930844108642083,0
21.224860748683934,121265,-0.764678672016201,-0.3038753019929898,-0.848842398191695,0
33.36265333921172,107518,1.1982453354162568,0.19706547672207336,-0.5218896004393625,0
76.37702472553576,148617,0.6595048293558887,0.8829196469857801,-1.2081019642032444,0
63.93826035903258,7965,-1.5086125895073559,0.5010387141425224,-1.1414483690155366,0
14.500945376757878,51986,-0.024891358958867175,1.6896160935439621,0.5349150294167928,0
45.74252352227927,41842,-1.3680290793119052,0.10206282722449543,-0.18478666964604978,0
56.48337115630043,37336,0.6110468728321857,-1.1549363168923132,-1.5535320747188834,0
152.9371519184778,19252,1.56453048558832,0.13052096820213666,2.153233976937317,1
6.215914623728965,119193,1.4033075849379884,1.1694725376473993,0.3476129381410185,0
27.873128138677018,122342,-1.3428825554154062,-0.7146783015224649,2.1770910039030014,0
12.34638486823791,64366,0.6452937448101407,-2.0045677120883494,0.6388118562287517,0
144.07828315541963,79449,-1.164975474273437,0.8308336657703981,0.012464891637442115,0
235.75681115484215,162780,-0.2188227133586734,-0.6807877243294059,-1.045952204999454,0
5.222973151457561,95672,-1.358801285491023,-1.3537363498618362,1.1939823260169957,0
29.969573250284384,133510,-1.5575303231962994,-0.28507955479042735,1.0247396565316653,0
16.407008889486335,146216,-0.022093251811656223,0.5922062894745844,0.17462021612801548,0
3.3048379834626798,124650,0.1973714424410285,1.0498084413997946,0.4565346045015437,0
22.45393925045582,67951,1.1506125369295837,0.9807740256207976,1.6919056121919491,0
9.381095586084815,72778,0.21116353476253155,-0.3790758119940231,-0.0997220331682145,0
10.66943537109921,105424,0.5142062630085911,0.001224861969315426,-1.266655385394694,0
78.596173867942,160811,1.3488625311369555,1.5788470041484306,-0.18521491256047729,0
11.299067429586842,158459,1.1364664285894523,-0.17641877658642052,0.615465925822263,0
183.89991215973612,23471,-0.002250138415036699,-0.4056087342015496,0.010995842923000505,0
609.8245443630484,166078,0.13947639526903077,1.0083369148355243,-0.02996061675598033,0
33.30902297452842,67857,0.2650072720946241,-1.4180075529456186,0.8881807609125383,0
19.727930195295407,95153,1.208153576798093,-0.48522808918890803,-1.186053632791837,0
127.72802806001113,109626,-0.6791617232429228,-0.14062596907096686,0.0036809277248163043,0
36.54478020877841,7313,1.0470750617689664,-0.052684925125445065,1.5636935173079056,0
32.42878864031778,61489,-0.8915885335239647,1.720501877489952,-0.7186967285121815,0
26.362819843691643,59612,-0.6716762653279937,0.5678911275266455,-2.723467626517909,0
6.308638271401492,88324,-0.21169366186052385,0.7838413527161535,-0.6392834033022713,0
0.816386524461463,64658,0.28769693692144815,1.1011774444356326,1.949516837450291,0
7.361078031949229,89257,2.002529521894005,1.8012321097081956,0.6833002075634068,0
34.373152782836705,105633,0.5330807403753985,2.014146601764945,-1.0054163509761844,0
20.989837236284412,54641,-1.6641177558844114,1.6669083882035596,2.600185991837193,0
20.61633416850215,69694,0.33610160251086807,0.04210665829576308,0.16578097421470886,0
1201.254717364235,132980,0.42128902179860234,0.9113896511148754,-1.80553430195322,0
98.57422594121765,132785,-0.5429665610622132,-0.7780270424215433,0.43196140049311743,0
80.95083487235489,60964,-0.3899717083218377,0.744177238969033,0.7136802200418765,0
23.73831401655262,167174,-0.29505843946190435,-0.552273629489125,-0.5512871248434895,0
66.87234553414889,115784,-1.5171005768965415,1.3601545413707223,-1.0958056501582731,0
103.41659970730647,124939,-0.15271923705827659,1.3703442996913375,0.07543606117228055,0
9.20281962006571,70716,0.8022724734892378,0.24365874705232954,1.1528196164631397,0
435.46273650090154,157044,1.0904489007910048,0.7833560286321593,0.7291393472875101,0
5.589808623488034,3625,-0.41589374936411566,0.7463653790448155,-0.7628960307057923,0
17.765710004709383,111264,0.09895859416381907,0.13582067126111289,2.2539170725487367,0
30.991199502338596,79297,-0.8484909348351146,-0.46789918009830944,-0.24966978204874044,0
39.33127814365668,140934,-1.1026356810776832,0.14590882809028483,0.9710912530985369,0
6.976096043073351,152272,0.5159568287408673,-0.1601453728889294,1.3990312777040745,0
156.09500356749126,146739,-2.5288237685820802,0.08270714991521044,0.1253255972672298,0
85.53613092605485,151141,1.7648800321706606,0.1578274337911987,-0.21766022602976035,0
2591.6232734473583,141439,0.21421930914327358,-0.33011004336918714,0.901063653944735,0
28.67115853271795,120014,-2.4335392731199232,-0.4176166153314545,-0.8360776525267762,0
13.787270907410559,112622,-0.10396035968912515,-1.2471848628040576,0.06828510794290867,0
55.89770672418449,96159,1.0923471411107692,-0.23259741040922982,0.01169651190296031,0
118.88890982021282,172637,0.4243790699816012,-0.5220624207742389,-1.245079014579701,0
397.0716330590948,145084,0.23492336932639402,-1.7654431320592014,-1.285306505764407,0
15.102221606540178,130982,-0.09831378226461181,-0.9812175986134103,0.050093811177193685,0
4.238428737399899,87629,0.22763992339733216,0.921507638606158,2.558744189085973,0
3.1006678906133374,157781,0.7992945658019306,-2.3239101266321436,0.5628261971704278,0
139.2373074913298,120754,1.2491158254143462,0.9280511273921713,2.637719291979561,0
44.7815004003989,35702,-0.7978013644885834,1.4273580594665838,0.9530243270092714,0
199.39591358902905,165017,-0.8688369685592233,0.06487063899483715,2.0426975045798,0
88.8109821331859,18961,-0.5217986847464028,-1.4619299349365982,-0.3630047392263005,0
46.766511034986046,172120,-1.2965981774093596,-0.775251525740169,0.2517942552080393,0
26.57718220811635,121886,1.3058717217406512,-0.023498372007321553,0.7535843263559929,0
68.25243714552022,8255,-0.0706087052909976,1.1430723021105804,0.09674735127182749,0
135.65884279687452,83956,-1.1592830870174535,-0.8677010344330905,-1.1990326209693616,0
10.053352568563433,69086,-0.7437476607067953,-0.4164688875675102,1.213822699406701,0
26.46329328694936,133727,-1.1990611827835864,-0.6746150759994235,0.11108412925402379,0
43.436289070779175,55188,-0.6415044164751993,1.925019290389278,-0.9011769029626526,0
325.64990442922374,28725,0.21217889526923814,0.2063037397202525,-1.2337253215129484,0
72.67179804293137,25221,-1.3473543376008232,-0.49177590854709347,0.02881492970173678,0
10.609550127468639,133864,-2.084092894348606,-0.8258625445008326,0.8462385297372769,0
7.2572195172733425,8915,0.07220653913760525,-1.3555636526785233,-0.24698513120139393,0
68.92283178382016,7691,-0.13174264069731725,0.6780138216597039,-1.4950265102778972,0
111.2689483010233,11227,1.926244833623829,1.7422743840386297,0.011751459140007423,0
33.5012724528641,18088,0.570025450047024,-1.2980222470260108,0.10481112847074846,0
13.163896828641716,98231,0.860992622695033,0.03935643759591753,-2.1050172510657568,0
183.09673198091375,35455,1.4148288631673296,-0.27584680619838287,-0.6432792837534961,0
157.93175589933625,34710,-0.8226589407711244,-0.7069746995280335,0.563835109769175,0
25.224758380674903,75348,-0.8434152995883616,1.66610308330087,-1.2148106243323076,0
65.32472179543315,83804,0.2850235186496772,1.4115965643032078,0.13284926809019798,0
608.5130534400727,92229,-0.15890210961200754,-0.35060186386494663,-0.3994212511808448,0
14.957538672183233,146540,-0.5522057386502511,0.08761121129319065,0.049281470923038875,0
21.732659006775286,44764,0.10578198565056629,-2.218054797169914,1.0054339985823733,0
15.505173077290328,103480,0.9577716312789476,-1.0829294302416554,-0.4619597709854274,0
378.7630298680891,78033,0.24335654805771476,-0.6466830026912149,-1.2353738278086834,0
7.231425306252957,12891,0.5221273258126163,-0.10490289424276808,0.007452568871458171,0
5.776685048233937,114742,-2.102670242939629,-0.9641389292770242,0.4427818868916214,0
69.39290216453172,113271,1.423345073582913,-0.16058089473185147,0.030356202153915768,0
5.593165068312461,90577,-0.6598691577343113,-1.4092873982269514,0.636051816494188,0
337.6467295982099,18204,1.3447953457518507,2.0807647054002727,1.220836319374702,0
86.69863116274529,152935,1.4826859306576172,-0.38439465783373156,2.6584738541137556,0
1.9015192083395502,104583,-0.3615359548919314,-0.05900251507340685,-0.00048306584581693746,0
311.94205640528617,139175,1.2675376626633907,1.1475616306490943,1.1631438163305259,0
150.5861840094491,121494,0.0408770414857723,1.254296046993517,-0.34605595116781385,0
18.765876843720488,79149,0.5722954753701536,1.4942708364967585,1.472188881877997,0
32.93899814753368,32314,0.6195362087859823,0.24134961524539325,0.32835624211346814,0
3.596854782188449,8484,1.0718576320510944,0.5394269621356402,0.21952466490589106,0
3.4510849263128494,17839,-0.2845648103676135,0.9833420734374603,0.7523600831916809,0
14.226717189402274,85990,0.6605360960960597,1.0948242801275216,0.822808864427912,0
906.8224396720036,23354,0.234172051389464,-0.6944647821848163,-1.562670420445679,0
17.376370485198972,86150,1.1550716739105562,0.1408451103190292,0.539806152868552,0
1232.335437580213,96342,-0.10207156481097733,-0.9168827143026812,-1.3025195148279483,0
1.9590866307779828,83299,-0.10686416480785614,0.5544791918078054,-0.49905678352253907,0
231.79663201871543,120327,-1.976890318718707,-0.8203435498715542,-1.9481753352562754,0
19.245474898346462,130388,-0.3694260985588594,0.6252634963956869,1.4131706429733828,0
34.15757051104411,1237,0.49819978027408945,0.4230954243179081,-0.654099308578724,0
61.01636888967862,140880,0.7741547577058463,0.8736820856544505,0.5980981489387861,0
15.850939257384113,124958,-0.9827515368990842,-0.21156960012584344,1.191212729739505,0
124.04520700121695,29379,0.1130620290436339,-0.11019354114247872,0.2730243872357057,0
35.80217566490162,106262,-0.1730638331681045,-0.24921800238270447,2.2408239516987285,0
109.37443652590751,144174,1.013420721338381,0.2628306853331731,-0.1231998020658242,0
36.053081638491506,109619,-1.0317868641905035,-0.3854136864082712,-0.8892937138358233,0
593.5928301885417,33152,0.7672806540717602,3.2515966753978196,1.1668243698114067,0
22.218770853769236,76693,-0.3792531559307416,0.342921448344338,-0.9545882775616494,0
9.353400763268112,75535,-0.6161121400529497,-0.24771641765181196,2.3663254651002394,0
24.623390896523805,139781,0.678771156653448,1.8638451807020433,-0.029203998490270104,0
33.769340100041276,155162,-0.16294251437385854,1.010838964191772,0.8045903921351398,0
15.475537040863424,152982,0.9111278461829934,-1.5861767584988318,-1.2462362069096302,0
1004.0791729832549,30858,-1.279937126910598,-0.43913053063647106,1.0222323110917861,0
1185.7253394728477,98316,1.208717297577624,0.6535728637157612,-0.8185335898769012,0
44.154972318023304,84612,-2.1939530213398726,-1.3313711901850527,0.8369320084370705,0
130.19328313712592,15362,0.17306294909053835,0.4520958783025972,-1.5522119346142274,0
49.63219377495733,104565,0.8863938975951133,0.5997435942072517,2.033191618271428,0
83.22000815953444,101427,-1.6675410666882504,0.40257539344530285,-0.35602305036560317,0
57.23910641643455,77664,0.02388174238253684,1.1538462293068257,1.6891716475706071,0
60.26087011676979,47025,-1.1675069111668666,-1.7453761027002401,-0.27928230976857127,0
452.9078656926968,167116,-1.2149587339103196,-0.27758038215623404,-0.8392348509165962,0
3.5882845812389976,59317,-0.15252902147948139,0.11570019724903695,1.071608753806213,0
129.64960231206715,21125,-0.09844826603506647,0.2633104711316773,-0.3429823408900081,0
4.68982595138308,42448,0.25233439001937846,-0.22503112303934972,0.6848179501300179,0
33.230346136162055,153594,-1.2422072757207137,-1.1122329999549931,-0.2964999526893293,0
31.40826112051839,150990,1.2175772818809358,-0.014606320200620365,1.0933818878053534,0
35.70503284444748,49460,-0.7984619162818415,1.209665141818549,0.2103124373929709,0
101.34534618892863,53077,1.9572704737936908,-0.4572197182702574,0.1347400607280257,0
238.420632202085,12930,2.1746639881141374,0.5071256272618256,1.8134780552856509,0
514.0946236311797,167893,0.5482180855255453,-0.535424101670371,-0.0025880992053824,0
18.914708509905292,24031,1.1351025147862992,-0.5833152278418854,1.4002318327328425,0
309.59056658215627,89468,-1.7698769789070934,1.0523624618188256,-0.21626183087941583,0
306.5561983929224,107071,-0.15535734101243934,-0.5883984670945456,0.3366382070790672,0
167.41424669802615,9967,0.9769855983723307,0.6451088887098358,-1.6464149578977556,0
111.42844699240497,106649,-2.753375933780883,-0.07089112038953296,-0.36444808196217526,0
747.6057786200562,7771,-0.5521075408884534,0.2215512606574851,-0.19811894201648486,0
5.085320413218951,39140,-0.4020654125580926,0.23564053054556683,-0.46455104932644153,0
46.58468615097408,56690,0.436811022430067,0.20031843710298122,0.03216596515730213,0
43.48553480758041,5193,-0.8277914164666149,0.6727790013863787,-0.4518470429510639,0
18.707084886197546,169720,-0.035470672798276086,-0.13231556073245498,2.411890359442597,0
39.957832640800056,637,-0.19913319372186225,-0.005613640550853737,1.0798102152255689,0
271.84318042455374,52147,-0.6672125933768445,-1.3328349177679601,0.14913227841478413,0
60.58313206425423,110180,-0.22907064323350287,1.8285907155426342,0.4354908922948221,0
559.401744700688,113268,0.20274813916391604,-2.585570115321971,1.6814502191287806,0
147.01205376876516,2478,-0.8757533249132602,-0.4487612567053968,-1.0126671303140777,0
11.476370742076655,3255,0.5835207318720798,0.7699277782104993,1.2020962398365367,0
107.38751763308694,64372,1.8893312809035754,0.020462447084443534,-1.3138624940703212,0
223.05663525396795,96307,-0.7234942097249266,2.2493694375615343,-0.8345884906234087,0
14.832914781680739,124433,-1.3465434722872298,0.759698945883302,1.815044085034479,0
121.41019018017877,28015,-1.081367411571055,0.4070707198177134,-1.107175477247536,0
17.545673005958545,76064,0.6681722881789726,-1.4363868191004248,-1.8331085918566636,0
21.63217154606364,160636,-0.269869929655238,-0.5511540278599609,0.19416339502416335,0
20.745313548678247,29328,0.25318353678873656,0.026005369565687282,-0.4257370003400503,0
23.258822843826465,22713,1.5032747399787987,-0.37262576550950455,1.9998278400360967,0
138.9434249945866,153947,0.6610691395782936,-1.3773934642556664,-0.19352171453670886,0
205.12009455063247,84688,-1.056974122767847,-0.35503690558149636,0.748435908748547,0
71.14089397899492,139648,-0.08420500844257142,1.2286345190337136,1.5775929851824297,0
8.328979847918546,49119,-0.3083934011343521,1.4265893738741309,0.7226100095876266,0
30.997923668505532,129997,1.1434861588597023,0.07821032550232994,1.705773570049964,0
243.3255428241654,142449,1.0859261096862478,0.2517389401509484,-1.0353566871364628,0
24.68021304584307,93699,1.1753377129586777,0.9440973231219053,0.5814763642185611,0
6.616283495869028,113174,0.6797543514529658,0.49447715121446445,1.993044450529617,0
45.015678062066875,30364,1.6223090328925918,1.9031691905782437,-0.35705906987136304,0
161.94294150014255,136994,0.23200212032170134,-0.7876842353666503,0.05366275398028956,0
9.165991065698158,68772,-1.4918924186619136,0.4739782690665487,0.18051531034798976,0
74.81455577966264,80000,1.6735909471996557,1.4432929533105967,0.6904663086754399,0
16.19368488749357,41057,1.7655300787106725,-0.10157205647846998,-2.458339114874657,0
44.355274607827425,88672,-0.36317609419041375,0.3699809684986383,-0.1632022873058096,0
7.14236877624748,66025,-0.3905714050380591,-0.13079500081866946,-0.3305996937247539,0
10.305004239346493,172716,-1.0239529455465468,-1.608791340688242,-1.4381922177626074,0
118.11494388858502,155522,-1.0907165845351372,-0.09583846927506481,0.8269959625284595,0
22.53698788116275,37256,-0.26654975500488537,-1.3703052348801574,-1.1467745638924745,0
8.131961008899259,81344,-1.5546930830360448,0.4045116842970785,1.7015366480392278,0
46.740906333873276,145614,-0.5645913928917426,0.16420105725529258,0.7197915962459129,0
116.65682244251383,118825,-0.20121239564378185,1.5217427130463852,1.5751702306881155,0
8.64805338223171,154531,1.4162719054838573,1.214628540671457,-0.8078007474032158,0
248.93568081388366,11246,-0.13593362565153377,-0.6082611585886142,-0.47299307314612815,0
87.08417954399393,151468,-0.266151398064946,-0.055472452606693395,0.5236332703548799,0
134.27542420262378,123616,-0.5250693223141331,-0.5278670848740821,-0.7552630917003872,0
229.30540918536482,23867,-2.314001121223259,-1.443920034893346,-0.6094141760726761,0
81.1843526648892,28270,0.2087591133672905,-1.303700374863002,1.200231736408228,0
51.64765560091645,4930,0.557519072253115,-0.30199577426878016,2.1415060233542356,0
9.825602837449075,15161,-0.9206484102551238,0.251127559878867,-0.14160986934430492,0
7.1884321746299085,31558,-0.9713187038461012,-0.659723492888081,0.009985168668413289,0
85.30158874257175,96683,0.7454022696032162,0.06940713413088093,1.0321068603696484,0
168.14897781072966,172596,0.6741312301574081,0.34425767999224005,-1.2574023219844477,0
85.07203151586549,133129,0.736174416254025,-0.6978696833248297,0.5289860220207139,0
4.7073050187379915,124628,-0.3548910698756534,0.704303700787081,0.261767811200015,0
57.76093962685613,16565,-2.319152177074211,-0.20252158702620426,-0.38081902466077266,0
57.349289596088035,57465,-2.197137152659899,0.09026454824624333,-0.828113891778112,0
24.234821169186915,167170,0.8500151193634788,-0.12383595294733239,-0.8012834728031,0
246.58967590028544,4426,2.1210181260645045,-2.058071052603316,0.2091074211371653,1
15.205588663461896,168214,0.7752540581295645,-1.2740188870818205,-0.209966333735958,0
24.636972913559294,122377,-1.0073474271649419,-0.4948387551141239,1.1879867026976987,0
110.2953077010055,51500,1.4236343562991731,0.5900414255879048,-0.20022638216827698,0
336.3639661738208,76992,1.4319245948545987,1.1921794341190266,0.9328379409350364,0
163.66244695348527,45900,0.5203880026212752,1.1428025121198004,-2.101134892902258,0
31.65930136535869,73230,0.01212582483973606,-0.3507114868942414,-0.12253723891381607,0
34.53015313866503,48960,0.32463403748118047,-0.07356406905976148,-0.16123605391624107,0
105.05515568847747,168744,0.20159229478072463,1.5896991974533878,1.0698141060334616,0
51.42674790546264,80201,1.1250469196720991,0.35683791066773884,1.1550011549858814,0
219.64739020136065,129925,1.9796303244149007,-0.3679141814696359,0.0018396043740024329,0
26.223889844562066,125223,-0.7769268657414394,-0.29749827483208224,-0.3857063342400613,0
336.2705277353179,87919,-1.4528879910486137,-0.0034693881548795817,-1.1315687633932063,0
48.23626562344252,97932,1.4977288333243908,1.220007762164957,-0.19134907908332657,0
1181.7103813201823,119229,0.8520780663440264,-0.11675537617381293,-1.8741624371647796,0
234.82291442499977,158678,-0.31244642664601463,0.9341426449232189,-1.1196653873534592,0
9.466253945333177,144797,0.23074691429680175,0.22971807630294702,-1.6152725755524373,0
172.59728420427612,18206,-0.09991681502109488,-0.7193199149818952,-2.0401745794867874,0
75.10304064863855,127240,1.1770748640674433,-0.416711634291129,1.732206635605727,0
667.4952592046747,58186,0.5490226345384278,-0.148026037908401,-1.2721798638452766,0
116.36419496386975,63843,0.8929229762916555,0.7507763591890776,0.6695372067651122,0
3.707435216334556,115475,-0.9732187683654207,1.1854924572251189,0.9050626459231277,0
49.70177436672933,86849,0.1492475590032183,-0.34869033554423445,-2.2407103127996244,0
188.65467518540885,20834,2.476213481205864,0.45089537411996106,0.7175315608311201,1
21.420460405071832,4858,0.368569696631492,0.7273123783797811,0.11271210748399058,0
1214.2228326980671,156237,-1.675694169037181,0.39000609401355885,-0.04828704455370958,0
994.9883813849278,15793,1.0690273953698266,0.07110507377419693,-0.03434481779134303,0
122.41833058839252,137967,-0.23527117476812742,-0.4629924346792018,0.1037256420498701,0
18.619830131769312,129120,0.38918403941405805,-0.5180190283265173,-1.4245097241667448,0
71.04435102662953,106378,0.8539301783068405,-0.6624669734268817,2.1436205815711262,0
173.41635745205505,109828,1.5499568535296324,-2.164777231142862,0.9374727410080639,0
115.20146487694717,70656,0.24430012993797645,1.6763564189238942,1.5237680050318323,0
238.41782797152032,145174,0.10647288378522343,2.407456132667748,0.019510141420079914,0
35.75933430854317,49421,1.228539790356901,0.20689763592658367,0.1348679917862081,0
68.90529422297483,81795,0.6124592461498208,0.549570968872259,-2.326137383608958,0
100.04250398206597,78179,1.0867426225094818,-0.03354018601005927,-1.3946167326007959,0
108.98794699700298,92916,1.0136810563328202,-1.811307302236828,-1.199693735528498,0
28.779933622450017,151782,1.4922548531754147,-0.5116314542187935,0.4740700418414882,0
38.400448724677375,70916,0.23571781191251473,0.2801211686638504,0.4199752383992961,0
1007.5665252676621,73118,-0.6702929227822378,-0.687024204933115,-0.16512299651872836,0
16.17899398402268,72843,-0.9240830694401055,1.8867123668198047,0.5145757095774139,0
46.04465826788168,28754,2.3860961513676977,0.33659416650125573,-1.8417608446948073,0
17.952917295068094,85049,-0.22017411621261557,-0.20373463824828647,-0.9610916660868516,0
703.5635977470619,107373,1.3337243806577346,-0.031257466916159514,-0.232208456696087,0
61.540914256982475,111113,0.8174018719822934,0.3303968622191871,0.8147154116229149,0
219.9495100627111,157889,-0.08344687569022105,-0.24312382061823937,1.3072456406371973,0
203.63340240363758,38221,-0.165787815731049,1.5304150518856052,-0.23047413158689373,0
345.6177043478571,31516,1.749760970775021,-0.8122981141664672,0.7600433072916165,0
27.461760651529367,137011,-0.7318235821460556,-0.16950522473922205,-0.27968175992364214,0
68.78926924684865,134730,-2.0732818377214786,2.0646502851888546,-0.5302381277254453,0
5.503457700330645,168115,0.8063026160650256,-1.2489356272921583,2.898520348201466,0
18.123300808601645,93039,0.07584540003641482,-1.5213549697995243,-0.9628191331466186,0
63.83500170155388,77400,0.8618538601042209,-0.5647764652818433,2.317418212565644,0
97.26601271110697,172146,0.31268380602172857,0.5274586011083965,-2.03538665380665,0
54.14467114850132,111414,0.04151115264154473,-1.1506780402856196,0.7207263677564395,0
3.105033990996141,167163,1.2844221924098567,-1.1189315516658176,2.3399496087907994,0
490.91247739560526,61457,1.9615487232440085,-0.5564119636536603,1.0505164522586006,0
104.36389862245456,51039,1.4458166910392294,0.18378789598129797,-1.4544880233560973,0
312.9646449969471,120354,1.3357300093850446,-0.03933227803227057,0.1881874507190798,0
3.136124995026551,60977,0.38770920636098366,0.3362224524474056,1.7001147047736982,0
115.72855276446906,23652,0.1319655566019052,-1.3074373870238427,1.0012553256923986,0
107.42983953185481,42399,-2.0336714393622013,-1.0141074762120634,0.6551865551408088,0
43.51262690498565,111595,-0.3382690064671632,1.2580123592056136,-0.2669050108742256,0
28.090570996602043,52648,2.040008692106075,-1.2839112672382664,0.16705700269338994,0
72.80861728758278,101633,-0.730982503583159,0.9191845491306523,-1.5600377036522022,0
400.3308029791359,125491,-0.021557033733795188,0.939484404236578,0.9930078839540758,0
76.98743659746378,55421,-0.36870248720729004,0.6427231873327511,-0.7677705464174328,0
33.98351514340193,36326,-1.200093334930599,0.12963693415169655,1.0421147779096687,0
156.82677859348652,41446,-0.7796162312419074,-0.4751191230067603,-1.5520107845055182,0
208.7942175191926,46233,-0.022579435563610212,0.8970131040973375,-1.3391186555304604,0
6.657211906131805,78255,0.7838001016942563,-0.2829158026000042,1.3194510897335796,0
5.880603780777089,1310,0.5413265533348857,0.8913733385463727,1.291943876730161,0
671.9461043507501,55361,-1.0470931674970483,-0.22876496700968899,2.991670697253846,0
163.95326573754735,17421,0.9107275596088462,-0.13857875131150774,-0.2682967315256781,0
391.04484388355104,75548,1.4750965460102394,-3.48535210334393,1.084876008867447,1
56.228569765229075,98743,-0.05178975623802191,-0.0629145189445282,-0.32025769830069906,0
16.542969613347356,113289,-0.27168034466935215,-0.4155650491046589,0.21161753908359565,0
3.571662458038008,59,0.02845173597522627,0.8825462587705953,0.3117473988410545,0
26.62530668683107,42851,-0.864981189906715,-0.1906964544348905,0.4511700765765289,0
179.0721801427871,5493,0.021554752160186798,-0.6050676389389416,-2.1039684480648257,0
8.548846024580017,169248,0.9450089010404218,-1.4127485881002082,0.7866246759646184,0
7.848454429068255,94786,-0.18255425482709142,-1.6346962592299241,0.47829434496810946,0
447.73048992627946,51116,-0.9265175964836189,0.02013948370444449,0.7964632683653204,0
3230.052758177618,126618,0.7070501619246817,-1.1797450485620482,3.0870839221156245,0
16.284606112742235,28022,-0.2179517734540654,-0.9242131006753951,-0.35457948584944965,0
2849.7989101132753,72940,0.6092776078858257,0.4471384371717309,-0.9554664410949755,0
27.1164049432565,167021,-0.29831768581813284,-0.7858552857300946,-0.5574989463382924,0
25.92022162533406,87746,0.5890441157848298,1.0578396310027864,1.182074583725442,0
45.961157006126946,12976,-1.264707044079623,-1.2579860906206415,-1.7901944183395888,0
1601.4323203861666,107481,-1.4084721659496007,-0.762102371082159,0.7599780488055519,0
2.9631516945669776,59432,1.5115622910829958,-0.5437764625842595,0.6322090087579226,0
88.65492364752947,43677,0.5536723005716733,0.246203871014337,-0.9915338894015453,0
43.29449281325854,98808,-0.24221213294084618,0.10546906160957367,0.02732926477494107,0
123.57813167701242,58103,-0.7987937559964803,0.035429407688739194,1.9624741598308177,0
873.1991542909632,63705,0.5103404167125747,-0.5698559021557154,1.1524765710649234,0
4.9925429995491015,2106,0.6761992971803796,0.6318006613867448,1.2270121971980388,0
37.43747281469915,83481,0.8804759571824283,1.7531105145236179,0.888431930099002,0
139.74335266568434,100017,0.8940836568885754,-0.8850957573130196,1.319505898285074,0
41.397146921471595,153354,-0.0797237962259809,1.3915190749953426,2.890803736837011,0
516.5367563113842,87542,-0.9574554379939421,0.24630267346902443,1.086669173375561,0
41.856530381376544,148915,1.155891410631561,-1.206965343716696,0.5435242994251221,0
21.646352353154402,34422,0.9696931579984922,0.6623370485433868,0.2524968913669289,0
72.03202907350877,5037,-0.5220435591260163,2.52916320194714,-0.2780020284385537,0
334.9046856306502,21500,1.9829582385537083,-0.11309363255766627,0.10327037743669788,0
137.75943293769893,130661,0.1921828250348399,-0.18069293548807364,-0.5295726215457528,0
24.528147394264575,139957,2.6759007295282147,-0.7138766274729866,0.35515403681297747,0
58.43026918375194,80882,0.3140910312005339,1.9431804904468808,-1.1831172691169658,0
32.10266131113948,7466,1.6707075029894791,-2.0115395519275823,-0.5382866163291334,0
161.34937367983437,90502,-0.683512710005518,-1.2292350188387022,-1.522776798814329,0
13.598405411712935,102345,1.023150427789111,-0.44110965192824175,-0.1952841747255604,0
44.14709475781554,14628,1.1832109029451072,0.33492053219213735,0.8928430816933504,0
27.480715675443975,74667,-0.5409713430874705,-0.3978769065494021,1.3856914760174894,0
896.2727527868851,5515,1.3866877443098444,0.11750780680494244,1.8751978631670039,1
149.59279636217568,99826,-1.2103747537347431,-0.209348253732928,0.3548071089830782,0
57.40694000111326,137746,-1.456782703749107,0.19677627026699973,0.07356093774916214,0
339.58365472213615,4698,1.366192733839907,-1.3991191819778794,0.8873542727310375,0
48.69817105376248,135258,0.6255242662618888,-0.05512680315146915,-0.823891896285662,0
9.860010518223206,65671,0.6068040584226421,1.6575367208273621,0.8813871567615205,0
23.61307636640887,121443,-0.5834116029436438,-0.15912188640124772,0.2945621204889543,0
52.17510229655785,145682,-0.5949660553160498,0.780738786992362,0.8137367432833018,0
6.963699167773714,127976,-0.03570996752438936,-0.12154997108076677,-1.1839517835442728,0
14.032857564889811,47930,0.4772396231061346,1.4189346850459086,0.4159236427990081,0
29.435003188872518,19192,0.34046125697959334,0.21456243269177885,-0.3426646219302742,0
49.911966553813265,10133,-0.8811529870291182,0.5655346654468779,-0.3783138017873072,0
4.6269683960312875,19521,-2.1013154489940895,1.586590175779692,0.2320288213058083,0
103.87879122832507,169725,-0.03693124772504401,0.8778501265462129,0.16891820726528606,0
14.503953812242996,89074,0.3767202140771562,-0.263402969123759,-0.7289540957065078,0
33.55112813722677,147139,-0.4138703970816294,-0.7024799162777111,-1.7090547178374744,0
476.57175176288814,88325,-1.5364712035454315,-0.8578202767560932,-0.6699811146805856,0
16.970403695203483,29461,-0.47140274718301745,-0.3518125352691389,0.23990911782213317,0
191.85613664126237,13220,0.45328921964135827,-0.37553262554724315,-0.47919707989423677,0
123.13785625968616,105190,0.4089372092006892,-0.023586954871882067,0.7442051959302574,0
149.3849762963284,110947,0.7627353124405692,-0.5298600190191247,1.402770665804001,0
56.327933211720456,164135,0.46118452594414405,0.017994179040865702,-0.43507487568699355,0
163.14826776602283,143626,-1.8256507951960166,-1.0054282069000664,0.8230322528771845,0
15.744757986471152,74225,0.2651769532837814,0.005156852057857864,-0.3816248443169987,0
50.50477284759079,137583,1.4517615783422129,0.472040597534394,0.4613060323259515,0
210.01437613992798,141983,0.021640703695693462,-1.316686810789068,-0.9904355872693292,0
55.24734456340884,38526,-1.4207855584822322,-1.3386242239640955,-1.001212660242058,0
183.71376182560715,31195,-0.48559753087221075,-0.6300048328799474,1.0493969729732873,0
20.731243122070662,41417,-0.412483596701062,0.578885968353948,-0.6688034102861408,0
320.4056382395431,137175,1.0760410637645326,1.1681457666494022,1.0452095352592525,0
710.9081333473197,79397,-0.4028684444680588,1.0550952507167441,-0.0508630529355565,0
47.05694902681165,59668,0.08462032291165647,-1.3642640745690784,-0.5649634856816541,0
71.88300592296267,110949,0.0835849562167936,-1.5680904087402459,0.8117230904045082,0
14.618521169184168,10270,1.059516990372666,-0.6987912169171608,-0.4295619426738013,0
307.51472074521416,95608,0.5254591461621086,-0.6895031880528981,-1.3103432426616826,0
25.880536891959373,31657,0.6568384839578181,0.37991303388571007,0.9191016030817991,0
20.700144349156457,62167,0.5375160916165936,-0.6361286756883873,-0.5580934890415806,0
156.8418891355958,158644,-0.0010601546175955155,-0.19992769945949926,-0.8991977433069565,0
28.627232548646475,123556,1.0491762063318673,0.18319648044560974,0.4822118710267608,0
49.13980789396034,76023,0.5458159874244278,-1.5759919262155138,-1.5384036546050954,0
11.926390965835868,70942,0.5905169203390963,-1.2890378228834,0.17133559902080178,0
267.56120902206044,104319,-0.3057670161371115,-0.6401160972151584,-0.34544789267005077,0
20.9378259759722,125176,2.6563122517896995,0.5973743756719672,0.03494120607686917,0
13.969068518708486,158002,-0.2740825430308623,-1.0214766668848685,-0.5337315966063262,0
9.508603307008451,122365,-0.4897145828286688,0.4437888697978895,0.26899701898128375,0
41.82967466458279,90473,1.4829823406769742,-0.8989761067640014,-0.9116050100563399,0
52.220065342929466,84833,0.3774256578104098,-0.09852014191217413,-0.13134817843815394,0
31.393185323706483,166137,0.6136883584474262,1.6254875102104793,-2.3132708662599994,0
51.347882412429854,72928,1.0966478969507703,0.49831741792541173,-0.08433525839239582,0
371.61662760261896,160302,-0.5277856223889098,-0.03696470831990827,0.460592688323254,0
131.70786182152227,13878,-1.7043703857961752,1.021058133788877,0.02651790210339966,0
179.30110197928755,11891,-0.02684132864091839,0.016297655544641465,-1.4781945382561186,0
20.38839734725711,51750,-0.018073390575809742,0.4739506730936617,-0.9483240208134694,0
476.9851607909292,74484,2.4819458625352073,-3.474639080319867,3.718316803407298,1
64.04880312132924,157038,-0.4736478640216613,0.720280071778333,-0.4363564032959452,0
61.29723551720195,167044,0.9527075752575865,-1.1403815848472907,-0.7264381555065483,0
17.611512386754306,11774,0.5922331986006399,0.4411085152830848,-0.9362747751631846,0
68.436324202942,144802,0.18549682792881017,0.8539132104872637,-0.972208842524884,0
36.988718951590755,26547,1.3619008006496283,0.21659042648692348,1.3874493293395034,0
53.50339624545306,28185,-0.11373480423751701,-1.5427788111907792,0.7996675901385858,0
55.67342022610657,125983,-0.6777255042453437,-0.07563768195179488,1.2219096339843298,0
1.0755156295333113,97330,-0.47087357347236247,0.10698569776618158,1.251018620479981,0
531.2963588581682,15921,1.9125339280894549,-1.4860648530751606,1.9003250200769972,1
7.905340737690835,24336,1.5540424668685815,-1.1072558758395927,0.8547829003617282,0
190.734657003505,73185,-0.7576889855965283,0.8448414420541736,-0.8275340916556785,0
54.28748923114499,60178,-0.40072234520944805,-0.1619548918021658,-0.09831591633044608,0
31.481120941649312,86069,0.15191600452918574,-0.8587672417473045,0.6719129347795088,0
144.79553032351865,14278,1.9021086474428226,-1.0790004778758888,0.6499256896401198,1
76.20558726569094,17046,-0.4795076545800121,-0.2882216900887049,-0.4555012506605207,0
18.880574494506927,127099,0.33485727032697493,1.5211310801820266,1.3812798033028826,0
15.84770174610456,3372,0.798148955148566,1.321756814266213,-1.0053442807588826,0
2.8345025659381022,55387,-1.0445845873350526,-1.1976241790758495,-0.33306734595637166,0
233.44989830509067,106393,0.8026583881083518,-0.9594186804973072,0.18678301387339047,0
12.528563221119237,30268,0.6538451627452485,-0.9937629729902326,1.7514685674448387,0
272.4678323834131,140909,1.4114655945067667,1.144671891462153,0.16272838804039402,0
873.1088976673157,134928,0.3757449124332505,-0.05856279859721257,0.7541779498114454,0
12.421523469648958,92305,-0.1851867979794983,-2.5502257519205673,0.7556591784415934,0
0.6632634866413064,136800,1.074797528283404,-0.7813761505488447,-0.2475131576468957,0
168.32030663442887,65615,-1.9996562596216976,0.829679860331652,-0.09141545368012996,0
142.29305352045142,109875,-0.0746016820098755,0.4063510964449013,-0.6643223739213268,0
81.46940853976838,77264,-0.04435454409257157,-0.7777616194748003,-0.4154990481149819,0
809.5914925582795,70949,-1.171534325220229,1.0534619373590681,2.1381855203112696,0
136.7970336356972,34563,0.1774209215713013,2.4894557096873187,0.3996033540813172,0
900.7491093276504,86624,0.18269631896479988,0.15180515086036395,-1.1775293324525202,0
42.41162996654895,11721,0.9818667388866518,0.519485277859818,-0.7404054562117989,0
77.1002203689088,32228,1.747302761345259,0.06402213407579437,1.0035321535490065,0
8.24620300216739,25888,1.7987312686273198,0.45581257300433603,0.7521975133902643,0
39.22022886885988,105894,1.7463568541143693,-0.024868570917010998,-1.8485184487337447,0
10.435228642624399,164702,0.7982644946309067,-0.3402563868239686,-1.9679495858787186,0
7.450655311370238,133745,-0.043410373011896104,-0.29456546370055425,0.12187110085600451,0
116.018486431054,100965,-0.7694401611554975,0.23400306402265691,-1.1568194890738266,0
136.09566184414848,156182,1.7974179599380784,-0.2144105586074887,-1.857948678915746,0
112.94342936383052,87702,-0.1336207544028043,1.6257188834718383,0.42651625490810996,0
86.92089696340825,171100,1.542219423146413,-0.24101471244642564,-0.5173913907757038,0
67.79341247923104,145770,0.6177649263497724,1.8896135245961363,2.0339528002347835,0
129.456237381104,69305,-0.2570639026261328,-1.6892646936766949,-0.8736462403381933,0
91.35361282436752,39767,-0.02871721373166279,1.0569578721894475,0.3521989583077949,0
0.8887410835324707,151772,-0.44854252723392074,1.1380011633669351,-2.314837258234583,0
186.8330413766754,16029,-0.7448975664028914,-0.021127766999543447,0.9171202716656578,0
122.53112330696604,75675,2.5201276100204684,-0.9548917306102398,0.8951978961516426,0
5.982280213786186,156287,0.22515708226398967,0.8511790344332507,0.9025425864622443,0
175.63443398188755,57955,0.21824179536475458,-0.8312983040857612,-0.37755385954619697,0
2.7365618393610145,96993,0.34961636134527346,0.7811251657107665,0.4087888421996091,0
1.2233963351201158,12018,0.44865357145160856,-0.5233896357293378,-0.1421309963113049,0
91.80550969096076,153207,0.44871641103484805,-0.8589910329090072,0.5448775836222762,0
25.578837944455177,164557,1.3809929928593625,1.0223050318845397,-0.5327965826312883,0
132.9072992323553,66141,0.4240313681330403,-1.3444605931950409,0.9700794665823134,0
2.931919779654183,44407,0.04629587286022625,-0.2842052143998898,1.9736918903354426,0
17.854370862976246,87964,-1.263040123689932,-0.07095840029067159,0.875856334644537,0
227.11611078400753,44069,0.25484092211145876,-1.0374850430507052,0.06838683026083286,0
15.020598371089994,99846,0.35380878843840763,1.0653581216779862,-0.890307515847092,0
939.3512467696603,5948,-0.1858122130445661,0.9533862463913783,-0.40116443606796814,0
8.18343825088391,14242,0.6441850230125891,-0.0930098196449259,-0.5237281312236747,0
14.42562027855813,106993,-0.9505438117742508,0.8763588032099703,1.0850257414622144,0
34.40793799031057,103603,0.8525072911680339,-0.40445264029883443,1.1103412786387497,0
59.810310276872,60532,1.0285857335244413,-0.9791701523787493,0.48937537302449635,0
148.32480657254575,149385,-0.9611157780690142,0.27724608645579585,0.13390436495375665,0
108.47610074435654,163189,-2.0090261843095267,-0.45913472230914126,-0.8229819297906991,0
20.340772749153686,6677,0.005225181154422229,-0.0774331819304456,-0.33334552158405406,0
67.35473093964053,71656,0.8435055018131346,2.8613534398963703,0.820310137122373,0
34.43696879168722,118763,1.0222722800552344,1.538523400662908,2.353360224101244,0
248.53134388704333,171977,-0.4347859288161781,0.4244549878077084,1.4845053302610676,0
32.696474859515234,40409,0.779100123325759,0.992051879604802,1.1240357718371858,0
308.5983675553792,74627,-0.03729694560358462,0.2068742440538424,-1.1853362611362892,0
86.4515570633141,171347,-1.200243318825246,0.031806128299209604,0.31430857312226257,0
151.26903261036338,24061,-1.0018270177711681,1.51276023861879,-0.3657389238050084,0
132.7535392150083,95987,-2.2526171657600007,-0.3447466416028858,1.8783183800902494,0
2.390042962306927,104748,-1.8785279936070949,-0.46642336011437596,0.823221833471309,0
651.5600582209469,141319,-0.22711216701968134,-0.19048410829511803,-0.7837372910384538,0
5.787855136761029,114794,1.4517588076738706,-0.6815889096852311,-0.6383425733787947,0
7.682502394105925,126530,-1.7718585405608491,-0.163677496003793,0.9701419722744816,0
520.141811832709,142645,0.04056104326844053,0.0650354529596648,1.0945018502149937,0
267.1036352980647,153627,0.5898278659346153,-0.6732776261270673,-2.498873574920611,0
606.9398843544669,154044,-0.35065938687727394,-1.4628409160457208,-0.46751710207710145,0
439.3880622430655,58543,-1.0614247163940502,-0.08866270983699802,0.5778083134060041,0
126.15415793852343,151343,0.7158636017706195,0.47845276306753154,-1.6770605525410565,0
12.840635735283255,69123,1.696567616084033,0.9375058018246437,0.81614249380131,0
41.6026447169394,5446,1.8472394348709886,0.43165715561069246,1.891841199159447,0
6.533507183438986,168904,1.0816791999919573,-1.3720329503057322,-0.7004362867039352,0
34.82932680260949,86488,-0.005054430618108133,-1.1766880233830403,1.4916280531128323,0
93.92453041472938,140484,-1.3414151729236634,1.8651289137297664,-0.4363526983628226,0
209.14611993866893,61684,0.18515296283815838,-1.0172897215316865,1.6102416925414014,0
25.100718488990083,89422,0.33402522989175726,1.492623376878953,-0.405998885820507,0
7.046050921210297,170551,-0.45920103380525334,0.09746021309018153,1.421414725513477,0
6.105858077202202,50555,-0.9968356126300728,0.16459607580424332,0.7858475868719951,0
34.90992632542743,45820,-0.4946859343001644,-1.023830593359016,0.6730100719381227,0
33.27544904147329,17985,0.1586398998733166,-0.4437112457345155,-1.0438053445154132,0
37.67497399080197,56437,0.9182216610514036,0.05484269090771526,0.44893804091421863,0
9.6486914900762,147828,-0.5033315333927095,-0.8969006031823654,-0.40149083518168527,0
283.10852010531636,159749,-0.6247820835325625,-0.06540057631666481,1.6470442579713669,0
7.623983825512647,76213,-0.04747699139257641,0.48766227387475725,0.039279815819802374,0
20.959162680537837,139859,0.3407398437940443,-0.34694507273228387,1.5389014138571988,0
132.00867057863599,164842,0.6667394348309131,1.7334727438851372,-0.4101142225522496,0
17.926316583312865,67958,-1.8374691718304994,1.3949121353029141,-0.18053211214459433,0
8.875033465179564,39278,-0.03878768311169304,-0.5419605518384756,-0.21828402844947753,0
13.585055098641458,54203,-1.7795618456676385,-2.1334781199218873,-1.5340467614359465,0
27.48040368766151,108609,0.6322186464119748,-1.0098389471442941,0.7925764346837273,0
60.83892848571575,28794,2.407992554944771,-1.8224139225576688,-1.430223073663354,0
229.0416199383758,79837,0.3925039095204748,0.07341032967957319,-1.0117450410846847,0
30.264436574512587,133135,0.22915398517071695,-0.6533749131661328,-0.6113857227702869,0
13.823464001904945,168278,-0.8011942717243318,-0.09121215341235692,0.8298628763318272,0
28.208157055949098,170965,1.6008608123314565,0.5296961913386244,-0.5753014796497984,0
319.09885823074984,136677,-0.2987725025043549,0.7109013560859548,1.311831562925704,0
29.41982840217234,90060,1.1297089402160703,-0.1027824254131349,-1.9827920393871654,0
992.3140318675337,46456,-0.18337629131292119,0.10554132460850275,-1.4454597787130963,0
137.0925552768219,163843,1.0691263204665173,0.4385077031889698,0.21012949241255438,0
84.62698964841162,67500,-0.7011694801021621,1.4561352915531938,-0.2873395897187748,0
177.1339864586921,78711,0.07072224340072077,0.5729626194015477,1.2088409633691652,0
12.029078190763448,104065,-1.1155778821132027,0.21343507350667204,-0.8948569242006853,0
55.95575912576035,167211,-0.01902251329800605,1.6208163074488928,-1.9442367899408128,0
109.56903369575441,149063,-0.9644651934129669,-0.32830644792828256,0.8063702052256885,0
7.207423548129785,161355,0.5758677552410517,0.1798571075340365,-1.8669369837931133,0
135.88986813817013,102269,-0.06972136013830216,0.15407084078666314,1.8398183754889705,0
70.45412646746571,110159,0.5940650057256627,1.488661917758075,-1.8453546249890505,0
266.42355832856606,63073,0.3260523731529611,-0.8873532257940205,0.7479028048252389,0
46.0467024827728,32803,-0.7661725482447991,-1.142504550533604,-0.6182423372077909,0
81.68663249822401,114604,-0.3030722327158321,-0.651707440228642,-0.23095728285146702,0
92.10163354891901,54086,-1.1879664073622822,-1.6251121691213475,-1.7489495433837403,0
7.20061222376486,113174,1.0734627581441796,-0.028305852025289395,0.6771102013124052,0
77.2924603287814,12410,-0.5043877892900446,0.2551435989144715,-1.8194372000931822,0
218.97611305774032,40431,-2.16436799517827,1.781804853080492,0.09888198146973137,0
54.745343197030344,73396,2.114339251324331,-0.5492689128686262,0.9402301502418416,0
123.34028047439789,78950,1.093069259916797,-0.4188469379664934,0.6164760790435236,0
147.97659479774396,79570,1.1857072745572212,1.0102514204970343,1.2591732133030002,0
14.049379773814799,6714,0.09183254530511131,1.4641917302314051,-0.6084744089597861,0
381.4937976034223,9096,-0.962736230671527,-0.9169855162099722,0.14629847815485328,0
1.2269957670434752,74310,-1.090984495236458,0.6922187542339111,0.3151761263365796,0
97.85317040957939,133436,-0.6762578567086229,1.0431137372978088,1.4088170663892923,0
39.36712814024912,54714,-1.0993444127863297,0.36098086325421175,-0.4173616653456906,0
3.5162362793208315,78348,0.743187581562064,0.4525136792480142,-0.16324839263631008,0
17.47009345121428,74548,-0.6297431692719763,0.5988053700214047,1.3504725039777519,0
54.44858499110966,123086,-0.7157123859651767,-0.7953537423724429,0.12083672153647193,0
77.72552361346979,145522,-0.5066211685526256,-0.7358245147171935,0.2577433106119279,0
17.926385023374337,6028,-1.0691142250955392,-0.3396625695528095,-0.12721097923047844,0
51.60686653153302,37315,1.4766918832022793,-1.4590232638287237,0.1808970552967644,0
635.0455376802455,20734,-0.8208840923000508,-0.2550355246337884,-0.7507721520506567,0
62.68252533280749,154642,-0.4938631608920884,-0.021002474715852176,-0.6500823174392307,0
106.41471247770626,118639,-0.0424360791392609,-0.7349338721389982,-0.7821647398186574,0
12.459835503108875,95654,0.04587648007672718,0.8246376995823572,0.7409583566195022,0
448.1172671472867,143908,0.7008100190929322,-0.7770862130297908,0.9773876904741806,0
13.468328393176979,113585,0.43066079660084683,0.05914326309600571,0.29296726939698775,0
464.51459441899283,5060,0.3077380509397795,-0.9932867541654239,-1.8032362201677503,0
63.75661824884017,76803,-0.8596573414754466,0.2841157983043252,-0.47888961250814693,0
34.337629225154494,8039,0.7837448085542613,0.7580971913196629,-0.056166541440387636,0
19.71054989786623,50697,0.09646602463233933,0.18497470866519553,-1.6597329003791113,0
5.268888910824315,160251,0.03567928375794953,-0.5127273754117232,0.4761201930504542,0
279.0987436884687,100274,-0.5075427410367783,-1.5242882571147276,0.15860357095956856,0
63.33263015046381,134626,-0.5548596896602429,0.5084989275294108,-0.011558474826244787,0
29.63066601513231,149029,-2.220689098423185,-0.9667296662952176,1.0179874333615608,0
40.72522707214548,18888,-1.219247922721422,-0.05919168292376228,0.0706387539626744,0
147.38935403364763,59596,0.6480277108639168,-0.34623713089820196,0.036211131007555714,0
22.816378402964787,7645,-1.8234194275558302,-0.024590198315291197,-1.071010746288176,0
277.1940545881676,79882,-1.0817676818049982,2.160436201803407,-1.3952937309794604,0
90.69807770487519,18773,0.22616135016361244,-0.046816328934737556,0.5661906708726555,0
53.851295986921045,125007,0.8514155902266731,0.5984539025310546,0.15412833241908308,0
40.26295924789493,22925,0.40614995209292865,0.5423336158915768,-0.0863436818852208,0
29.454894384937692,135362,0.2798162437940741,0.6177117915019016,0.09787239009156032,0
118.50636460787335,44264,0.5159714791596014,0.08126223983578547,-0.26104294585981025,0
6.525120472854489,124281,-0.8572148528134897,0.8942360873635387,-0.48216554574279763,0
9.71343164993349,146104,0.12116109118186855,-1.7883189758915565,1.9590398040987287,0
178.55194785378794,41384,0.529133325259333,-0.8513534808590716,0.6715103118881438,0
118.76568911428545,87367,-0.03050945914073204,-0.9843768701647093,-1.1013183921204277,0
7.195015183974462,170010,-1.109182064403771,0.14581395133374245,0.6880659337412647,0
22.768632977392407,527,0.5390770974662611,0.7114294515289639,0.7106714299058629,0
50.416526116834135,110599,-0.6894817268234458,1.3933371612650518,-1.145177843791002,0
41.99541161094074,110104,-0.6770127186374348,1.6277131861328367,0.22030135477048032,0
75.8263512294111,74363,1.9832418142218982,-0.7520036391457725,0.6860511280648138,0
459.061193890345,86924,0.6375996308209928,-0.08410746961691222,0.9682819478104447,0
146.72814426618024,135124,-1.6615240292402593,0.04728739966982698,-0.8573809309914873,0
40.02575477734006,158205,-1.6051115611141564,1.454917687043407,0.10168516247357226,0
86.89765660531027,104152,0.4811350531688068,0.3921267381752328,-0.4477118526599687,0
84.85331687122621,165630,0.29725503498148154,1.3566359800715788,-0.4421362988632308,0
252.66763846744735,90975,-1.273131184822709,-2.0133949775387183,-1.5835185744364748,0
13.66926840251441,50998,-0.4702011785812433,-1.2343608626253812,0.6324182732152805,0
6.888461825245274,114672,-0.3654341171290954,-0.11806736734682184,-0.17543105420959998,0
24.069303183103575,139745,-0.4813028525837194,1.0413189175928443,1.9259511804313556,0
112.29359997039829,149874,0.5866644094253985,-0.34119301219278403,-0.8064060639610862,0
15.550710881391982,117309,0.22426974158015855,-0.13778697867283413,-1.8283620695934224,0
49.70523741583386,18055,-1.1787246365307302,0.17454244548695136,2.050406711931922,0
25.78024433391646,17744,2.2676191933543253,1.1429833949649857,-0.09528840023724917,0
400.77492254117203,169563,-0.49251189056523076,0.5672074318497722,-0.31336792215536474,0
80.15527729562166,127710,-2.311122735241925,-0.5316956402039258,1.3526961871677465,0
45.53441681266808,33469,-0.5200599259812646,0.39728393045392396,1.6324315748422908,0
183.80897654092172,109657,1.0170096473814527,0.022146254037394824,1.9720200295250576,0
719.8672782907863,101067,-0.23010301361533925,1.3761900596950174,-0.784354708428052,0
21.26406465153079,83606,-0.8358835590428486,-0.0030886736101885933,1.4085323798515275,0
72.39303082879478,163150,0.5829305073415867,-0.720403826698909,1.948832875822782,0
67.85219588981151,84192,-0.8370835692935386,0.17822290403352561,-1.7654225068151657,0
35.700794433676265,138525,-0.44411199537838053,-0.14742374394064722,0.969764763540084,0
310.1841986617444,40800,-0.3319803697992904,-3.129774301868376,0.9451076391790796,0
262.60406824372086,12588,0.24002417488554262,-0.09413961241320817,-0.8663261275919499,0
224.0716509794175,63265,-0.16086875733179734,-0.9049094980299797,1.1373166722626036,0
41.31035845537233,98505,-0.4309351570000299,1.7279818903549908,1.3081142064104865,0
90.92881447289209,144857,-0.45081028991117833,-0.3092803892686251,0.42048186186921405,0
155.60721357720487,158940,-1.0208174673103139,1.6139453557079493,-0.0962041606978888,0
112.82240856012072,67567,-0.9256425852521243,1.171391369844003,-0.1888863955188436,0
960.1875507158629,150362,-0.046369551614047114,1.0162416484427343,-0.25232371359015426,0
10.396227472081893,86496,0.03836929706751542,-0.4875160615453748,1.0503131978593925,0
5.394191130974023,107163,-1.0279142178251992,0.38415153112902717,-1.4882771858024664,0
10.008143851837568,144779,0.41793535058384546,0.6295933789192918,0.8872389389470424,0
6.12684741220231,100393,1.022615021618736,-0.875683066392734,-0.8945713036337135,0
20.53736352739762,168749,0.6093147923247488,0.36926531753444225,-0.9600152740453944,0
22.17306145413535,131306,1.314463558997442,0.41146775832263155,0.3088868757347416,0
423.9366856487923,30134,-0.22166490629229632,-0.6763602236032507,0.43229394385371533,0
171.79807507049043,87189,0.9301928163744395,0.03379808547277226,-1.0515247002360806,0
79.2280877653003,3487,0.8335102732845814,0.5192397535871901,-0.09110879115800444,0
396.1562178656074,19677,1.2480342156701738,-0.6902178394516038,0.3615092677875953,1
106.73069057502354,45534,1.2613854580828725,0.23470014882891796,-0.7338117465329826,0
63.67085759027289,115052,0.6969274644194488,-0.4055465618866821,-0.4510328338357897,0
30.537549366563102,136762,-0.7136934621584817,0.053478285377735975,-0.40948997044082097,0
288.45807735674947,45113,-0.6375916002291822,0.028627424822157316,1.035641230217526,0
5.524806449997479,22743,0.8686225484872216,0.49266705219845464,0.07008244823113155,0
3.1348562475547768,85977,1.1638037229728528,0.23216091018713841,-0.9487857169677498,0
502.66111144414776,159295,-0.3090340257045948,-0.9761131067551954,0.2969683958990489,0
5.978955991905129,113209,-1.677232005086857,1.5164078050735268,-1.5591622719745364,0
4.440021185903508,100405,-0.08288919182234523,1.2012803660649467,0.33934534894161683,0
949.7557861717389,81223,-0.7613927066557417,1.2157839378583624,-0.6649838998020675,0
3.789062488528078,1320,0.7787527857528446,0.7202781412501599,0.16745982745775356,0
34.83865142873636,125113,1.233050378565542,0.328907489059311,1.0194615032051182,0
1418.9947836731549,3255,0.20538081553678875,0.2172938599494261,-1.1386482064924557,0
3.6038978421425165,127145,1.4170806526856117,0.3457562733382559,-1.522870998100859,0
26.4121005187286,67949,1.1314377449686899,-0.7222154963769867,0.8621093266272625,0
8.35588203873568,50262,-0.16349932411619134,-0.34242174822352756,-1.153077682335477,0
50.99520619082853,29114,1.0346043541956937,-0.3116898083075625,-0.9170109013993335,0
254.8284669827026,170513,-0.06210512372590923,-0.8592329169078556,-0.7216610875879571,0
88.7732656644371,114124,1.1286502288535836,-1.6485652203093375,0.7080026467121096,0
16.74876245298433,93329,-1.2591564421407704,-1.445434359595726,1.0618257149850898,0
401.76299740163813,57572,0.623342754797785,-0.9428663039962306,-0.9189794837921009,0
32.80906223890059,22129,-0.9445462708845901,-0.23145008992230137,-0.22081400632725673,0
552.1505900101563,96913,-0.9219354935678817,1.2456005963728674,-0.5853095957927077,0
836.8607435570035,20929,0.0019043996411250708,0.916900515624819,0.46059049375069766,0
69.856430851364,118778,0.670578634814385,-0.44908468475178626,-1.0861924337165718,0
12.59078836843028,153658,-0.8775461794157126,0.32456621356526133,2.0280809160499635,0
45.31197445242606,20828,-0.21615172901206195,-0.23550602646441487,-0.5277885736620992,0
56.11362715299058,86934,-0.6343634294361487,-3.0273019024749663,0.7766515522053171,0
38.67914454525569,80853,0.838413105076335,-0.9534359722381027,-0.18729962621037866,0
416.0512963729139,27050,-0.5820225300390551,0.21300990348142854,0.8676987203961709,0
34.541549870458226,165560,-0.42587537343176873,0.828806036332893,-0.4875918546874887,0
10.965046862192695,93829,-0.4933090351240895,-2.648625260486291,-0.6445220345544459,0
13.956129714412643,139729,-1.2548029990409317,-0.2622859647116548,0.14464451210938548,0
19.37896930332977,50728,-1.1052216056368365,-0.44221994967607847,-0.9360672455015976,0
20.191326172944624,154079,0.5770940278389296,1.0232996933616347,-0.4895549788730867,0
287.1951006287579,17305,-1.283443065693987,0.12384744329715161,-1.1671271635444647,0
60.36962468262578,99806,0.3670021832464647,0.25690765880591626,-0.6800836656531898,0
228.07797544767703,148055,-0.013419987260984877,-0.2555113050304805,-1.0880960886025157,0
73.63614303039863,85469,0.8005968630394585,-1.0267270827063089,-1.4116926980869637,0
90.24981324183103,64108,0.26004310293846317,-0.7923076660594968,-0.085872943362449,0
103.80658112087403,146398,1.2906535133708916,0.25657512541065347,-1.145679804020834,0
226.87333293489039,31433,-0.40741610469488754,-1.635601447440287,0.10247747853996664,0
68.55504425668808,65435,0.17099551389041695,-0.1352973195104599,0.8112881608182791,0
203.30015199122354,18722,-0.8470913093687211,0.8356956362133088,0.5256128252550762,0
165.9986615482805,26823,0.058863590860888354,-1.13266853781103,1.0692387112945076,0
36.639243351536045,42973,-1.5232660269458382,1.5280362249914516,0.25303153806226963,0
31.95907566279566,104396,1.6818195317507838,-2.2597991533527795,0.260062981949489,0
39.304900540434204,154458,1.2866918497836153,-0.6087344903100704,0.6633990384919625,0
31.81510245018435,90853,1.7246546756400865,-0.11593153285573948,0.4141254839222633,0
552.3656081601933,145934,1.4648179225453974,-0.6043707712652894,1.477032018097668,0
103.35672381312008,110670,-0.06072590543883411,1.426309918184771,-0.1917457463153384,0
5.704477495505424,163996,0.14794850437541363,0.10332649301964417,0.8054620239440566,0
519.0501351056055,3760,0.19470243253995603,-1.1018586680309204,0.8277705018054825,0
58.62129385685644,56321,0.05613090661314557,-0.992595069404917,-1.3534399398637567,0
246.87614353733542,637,-0.7920450212446721,-0.3064041017561594,-0.043617221410731696,0
102.78815384151736,84480,1.5738820193963414,-0.10768776549349213,-1.7469398229114292,0
35.674634122287046,126731,1.4944204074152139,0.2610238431224786,-0.9204040267597788,0
69.75590112157441,14628,1.5727182680993665,0.14923772963685894,0.8333375947999675,0
42.49206825931478,5849,3.371820814416769,0.4449364354043699,-1.8831322892690925,0
21.19428720313429,14954,0.0016228648812641757,0.7726240209243374,0.296311726960476,0
763.513438965842,11394,0.7407879932719303,-0.543700894960859,-0.8175862330872705,0
40.00585650363897,11631,-0.1967283399449625,-0.8666524230806961,0.25046991234031507,0
143.98862545908273,83017,-1.1422621079967805,-1.5330978523207555,0.33218728402410297,0
38.86945763363378,118178,-2.0012098224234967,0.34788432594460633,0.49939091330834406,0
12.780637907705309,66097,1.4743582288951869,1.815160764228028,2.13140066368834,0
295.9106957459411,66457,-0.44420937407590716,0.0018145291347922109,-0.6097134403733923,0
127.51888463913583,13487,0.750675394627651,0.1309367183189723,0.39259506170513103,0
34.335725930349234,6544,-1.3329487248430354,1.8025203145379596,-0.26386252132759724,0
492.3157521585374,22210,1.5754602328178589,-1.1273306455790124,2.0626764492350103,1
4.161810215306389,147865,-0.018761818548348387,0.4409229205311485,0.4473288033557237,0
4807.2886017687815,22854,-1.5636359951548031,-1.937595533266654,0.38740727595192753,0
115.60908575783841,84624,0.9723015152694593,-0.7453285653344082,-0.11113930180850248,0
44.84062557426979,71908,0.26804946584558115,1.0297014039194345,-0.6556171062761159,0
1.1849204077980149,74745,0.03457928152928495,-1.301860041085415,-0.36191098277588835,0
239.40927341017272,148496,1.089159144601772,-1.2798542471648673,-0.726763963448895,0
30.64215206074962,28830,-2.089217950327953,-0.6796393559747069,-1.9908120965106177,0
74.8810802848637,30365,0.509487426329461,-0.19669486966183983,1.3780814016369276,0
107.31233334482114,52703,-0.7485343850026929,0.05597536002294469,1.215694984738377,0
52.88569207380109,18456,-1.1274550043906715,-0.2775297901359314,-0.43969629892495127,0
23.017910701535637,60616,-0.9021061753449181,-0.626787919274575,0.8917554417669865,0
26.595992562720244,13740,-0.5574156509570538,-0.4746480456030482,0.6973872423843505,0
34.50068118944158,171754,0.9214059210056198,2.1505996018308684,-0.0528275296745161,0
31.473455209364374,45311,-0.03569832734275834,0.8863473139607123,1.6776975736142339,0
214.90812216524102,13188,0.5362207916736111,-1.1441349435200494,-1.2886769649256808,0
9.553439718734237,105035,0.7660031971276312,1.364995507513238,-0.33722575494988294,0
170.5915889742216,75036,2.063298180544063,0.9677471982143419,0.21373670451207738,0
84.18699401353156,98884,-0.6058724027502305,-0.7630708038096142,0.20440692081744746,0
5.537296504482032,101936,0.020336395176270283,1.571905682877449,-0.9020720053810803,0
30.521997711684577,109414,-0.09666282176479102,-0.7937937576125098,0.43554330279424175,0
2.96599337756753,5217,0.44101240937770697,0.012868102003833847,-0.620336462996196,0
7.8741612473019025,69177,0.2849820922997472,0.164936161185288,-2.136233231248916,0
86.30302846750666,95446,-1.782256904852561,-0.5591172548380523,0.6500344786954668,0
19.717951812272936,126081,0.8525141660155221,-0.13286820474203323,1.5476211459095106,0
45.972286463177305,108686,0.15535357693896257,-0.7819007787805327,1.3469632702543701,0
43.56690435813727,50135,-0.9199484578459434,0.419777229984882,1.1606069288644876,0
23.230162815670216,34162,-0.2863573524249828,-0.24190985298586778,1.1365008090572446,0
343.9691233265627,89792,-0.6362153983515545,-0.1906387423685869,0.0556398269403544,0
425.36487767466014,56143,0.4665609682473153,0.953310673290248,0.21913782255274028,0
15.329965201149054,92680,0.6279324133919456,-0.42854938264524367,0.8000125371405853,0
94.65333053396932,135225,-2.900785082299867,-1.258732557218237,-0.6354849698103823,0
151.46135966696974,56808,-0.8628812189496059,-0.6072942818180886,0.5648238346044182,0
18.672361503984952,87592,0.45005063750665686,-0.031099121287819893,-0.6171975223494428,0
1765.9696283228163,15941,-1.6111257656392939,0.30235447956061756,-0.4190732526932752,0
0.24619591521705161,77568,0.21119301453266817,0.7397746830118805,-0.9320795771676725,0
109.39145676130272,189,-0.649620337971723,-1.885338785473761,-0.6218118622919995,0
27.430995747565436,128658,0.98187403575368,-0.7838112244546875,0.36018125783773164,0
64.69673170205357,3244,0.2999044590903123,-0.7583713081271916,1.1427770681285512,0
54.46549732330322,12657,0.9439071370196196,-0.9484341753180568,-1.333959195668284,0
124.95408989494594,171139,-0.5353460699581564,-0.1512381585181848,0.11227747532572319,0
102.88917718830133,150589,1.7139453605305517,1.620405984550316,0.36233552274899644,0
1.7282654109662239,23010,-1.8185063196736564,-1.0056248516955257,1.4408065254450924,0
166.91888390860305,87091,-0.2736169621485798,-0.364307497119723,0.2980542535209605,0
106.8659653252708,51761,-0.7100744989482588,-1.2928471396951708,0.6138143223381118,0
36.0950745813208,101051,0.1913475331414847,-1.0031644170588305,-0.03337435244574636,0
25.177051067368094,92174,0.126739621652954,0.7842757402355623,0.7447695397292653,0
3.89146923630237,136377,-0.6584681223187635,1.268535643912152,-0.5936250537093747,0
445.46865709027605,8769,0.8328387357871647,-1.1108220081745488,-0.7606353102572818,0
10.841515940094679,162748,0.29994536725017934,-0.08377917812496845,-0.5817935295358282,0
70.10238687043262,109577,2.2663578098390365,-0.6013862877986572,0.5336638393261717,0
49.59016263610024,62758,-0.6691471912654071,0.2211519854158414,0.14982636198908694,0
9.314895290663838,151853,-0.9832861048430409,0.21530008713765675,-0.09126930098280923,0
8.32252772137971,87691,-0.41195641974792174,-0.10053602911243661,-1.485542633188652,0
34.13806216102342,162057,-1.8113474857237861,-1.4001403870741531,0.31037303307540604,0
213.15806800660084,162246,0.3592836923366397,-1.2218164732204069,-0.4942947917793907,0
24.027819783187482,73180,0.6890948525328177,1.040654471808073,-0.281817804144433,0
447.20360759385244,93481,-1.7252116435494373,-0.017656303737543143,0.22422655476294864,0
415.1536401801207,18433,1.524140711032603,-3.6928108383541876,3.507599635576557,1
31.117392743585974,167055,1.1762603423229798,0.8460976198952185,0.789139144197615,0
76.30432204672306,112092,-0.23165248813743206,-0.5409562747108418,-0.31550143994898777,0
1.891038403877509,155481,0.47569590075222346,0.6725042205384296,1.389678790722829,0
31.94058402686869,117456,1.3709849278201254,-0.3445249953614403,0.043981329152621436,0
4.654943748704596,16385,0.5756184825973162,0.7872256788832093,-0.05774502671544648,0
128.3342745253142,8652,1.0469202735653824,0.9649413398452086,-2.030408896608844,0
39.06381605932442,22064,-0.713842037251493,-0.7434524459337296,-1.1892469394568344,0
63.190322564326,144266,0.2772561244291602,0.3272717598502087,0.2697693227598326,0
66.03844204565723,14975,-1.4010003656735004,1.3618840927317895,0.12174743015954846,0
291.80863383755593,92407,0.48545813990871944,0.20495906776101053,-0.021100078171891443,0
243.54169507348726,18836,-1.720783757644129,-1.2699769363270605,0.5704078247755888,0
20.794223910332715,107841,-1.1208129968827611,-0.4354169245523943,0.23463009054293807,0
131.86568045619023,57544,0.4949876096223414,0.45866768402561975,0.7702295806463699,0
144.8465836934825,24154,0.16176412024061126,0.16044341062594777,-0.5609857398319986,0
122.44383509482046,102267,0.23067188264719166,0.5432606493704573,0.8532883366365897,0
896.646566126426,113508,1.4179894827678983,-0.24220509717428435,1.557965287189734,0
21.246007401494413,113318,0.675687796590561,-0.17828902622489975,-0.5245809347220742,0
29.36678706353105,135886,2.3550681273370024,-1.9179094723156047,-0.07765208502480517,0
44.45630362923491,75324,-0.20651587377426625,-0.15321931619152004,0.9396460758300123,0
41.223417153011106,9796,0.15954357303644642,-1.489473077521162,-0.38066962051198827,0
15.672507186771158,15105,-0.6827189495699696,0.1179292451722514,-0.4027496701644052,0
154.5836201684031,25545,1.3619599103495323,-1.7638557939131503,0.5207073949259249,0
49.665746006970124,130204,-1.3920958816257822,-1.4911448130199918,-0.23232193322000835,0
66.14774518343997,15930,-1.2726188939744805,-1.2854861079577897,-2.356165855471119,0
418.3964590223531,78780,1.217944484029838,-0.0015423597510534563,-1.8172294142418346,0
18.073665937571256,164903,-0.2481995487283746,-0.12093050025323601,-0.7605298417808388,0
30.345402822781296,159644,-0.5171143264062319,-0.3957958523967614,-1.713977254142657,0
52.07693945809185,120931,0.7514229499066448,0.021143948285613924,2.2413535772171076,0
6.842977684275331,74090,1.0755195895643177,0.22128861400728148,0.5377022988900321,0
97.77187123780767,54740,0.13345539431185113,-0.057617376758489124,0.5186993256632876,0
43.589860811641444,16760,0.47119830213880876,0.9067428712252422,-2.588788431382411,0
14.676335845967552,131226,0.7358858009462605,-1.1242274147697822,-0.09586380021948561,0
184.89863946067686,17404,1.0522414109439173,0.3850481854239621,0.5107296593057536,0
108.24251649346485,30653,2.1910259397911522,-0.33192054092647444,-1.7296517266282427,0
69.4097493906283,162130,-0.9002205238491575,-3.0959809909659084,0.23563868122865625,0
459.78382386649207,100146,0.4468272903664722,0.5261668272217053,-0.33659935613832365,0
580.7142384937786,28534,-0.3453102840919359,1.4379819671817273,0.298361884598006,0
940.0499782104621,101110,1.2473421346646019,-0.23434516827508176,0.31329844036812476,0
609.0330841956472,143516,0.7869157654959548,0.16126078738274505,-0.025623965997903182,0
69.58491393630318,160918,-0.4205545959598308,-1.8105738357977532,-0.5917078014526264,0
42.40941680163024,156764,-0.3930144331385874,0.9967815606926691,-2.5995727638891477,0
29.968595444131942,161356,-0.6172832072764742,-1.746036274351778,-1.014476996576907,0
26.273212094496877,57194,-1.6557820974458013,-1.3608366455542817,1.2345768406972844,0
101.44313226376167,2853,-0.7606826864812379,-0.028884727434351897,-0.8681845700540922,0
5.058272549556255,48063,1.848615197920182,-0.19798799011550408,0.341199415667995,0
51.58136054213623,29655,0.8652218950725125,-0.6353624335805216,-0.20172057500081228,0
2171.015283867854,62958,0.05140404858978893,-1.2960475506009375,-1.6386618653243583,0
12.844835980828378,100369,0.4377508808361797,0.24976167874986357,0.6544703127314817,0
78.70455806086109,53619,0.5332147536440942,-1.0908585891002216,0.13271862377692234,0
78.40285735996086,45785,0.768235554386366,-0.20050766752184637,1.5553968547483157,0
38.78994881272544,151458,-0.5817905712261956,-0.28422892906140557,0.6838264036007872,0
4.54616773627089,97956,-0.40941565076610587,-0.24988806993493254,0.3320807874222128,0
27.424931000716303,94606,0.8276784075571622,0.5970929017166844,-0.7398969169816789,0
24.303324918161582,43327,1.1655574668673507,0.6354954435233158,0.0866878471526012,0
53.00087819961697,76593,-0.18681381655177867,-1.1425795221270005,0.24374347638575924,0
56.597795094534874,17408,-1.6715408864723835,-0.7794084895065915,0.9234375763059527,0
114.43155271025576,164398,-0.8030730869573168,-1.1727267136039772,0.17784478418714256,0
285.9738348375939,84244,0.4239507429325185,-0.46050767226754946,0.07264925837582467,0
10.64989937747532,119362,-0.2322700687387603,-1.1133236995639515,1.7796999391655421,0
36.48974893459444,5566,0.5820984052128879,-0.48872323438537857,-1.4434342611066904,0
79.07202097928443,20243,-0.6404863135361007,-0.21833303556122755,-0.3012880669096043,0
3.9442419841759033,162646,0.3572779137634053,-1.973580913633586,-0.13308932612605145,0
321.4477669751759,149688,0.42462407018554016,-0.9188943037672818,0.04792109875082374,0
58.05478438496724,76031,-1.3146701786491402,1.0921020130674979,-1.0430798653889708,0
5.957271705297394,121739,-0.5207012548939999,-1.7508605778115143,-2.506400828357063,0
87.83218546130571,142242,2.053777539186427,0.08096375652687642,-0.45028760381971433,0
183.1983828402818,18256,0.9000028596457165,0.29374906397991246,-2.317325697324453,0
7.854306493531528,60506,-0.13451068293932178,0.42828042897263835,-0.19423172444812803,0
77.92680193273887,79075,1.265943900777843,-1.357087073469064,2.7646130165238114,1
44.43121741880953,61926,-0.6611922556725204,-1.1285774105967468,-0.008977750475304951,0
22.065652630674442,37083,1.4516222443932378,-0.06208559301800224,-0.8234506919741966,0
85.18841136960363,73513,-1.6997949327568571,-0.9139085748938544,1.244547159644223,0
741.204842548768,144121,1.3748651920946284,-0.7932446541376681,0.9184343297100268,0
302.87224693680747,143206,0.38758986336284557,-0.33906366849169595,0.2622291773917336,0
63.58929129472327,70459,-1.0361275773878849,1.3607601357171908,-1.1438393682939265,0
1252.2086101488846,5972,1.050254687716908,-1.4410680463811492,-0.11464128365720323,0
25.892890756970292,4015,-0.31240715780175893,0.6545593406674615,-1.584137788462011,0
29.254973929089612,8727,1.6164444220313805,-1.0344388572013712,-0.259975875858385,0
67.65937677722333,21865,0.8776329922320183,-0.7451421690156629,0.5585465457386125,0
218.1674580435143,129026,-1.5957413634620419,0.709745155199533,-0.43756254525731325,0
31.063224606972128,99427,1.2429334159010637,0.09660365149149482,-0.5986307994483797,0
50.21663686836866,153169,0.24413977086617897,0.21385830292842495,1.5292179501771592,0
9.470692584080995,157499,0.32200962980915593,-0.16817564673762633,0.16738570127281918,0
18.31800311838739,121992,0.0537161743392335,-0.006134358832475155,0.28440328660503905,0
8.290845846437017,112308,-0.679112948876438,0.9537913419442394,0.40926324931694125,0
728.7383528362645,16937,-2.0246345541297863,-0.8545916200920491,-2.2578206637350964,0
38.337676478447214,123089,0.3826470676976861,0.14960712645448745,-0.14623968482888955,0
12.631454859874129,2985,0.813259566870962,-0.44046658166539726,0.5450712689147207,0
22.298927205192157,76982,-0.4948842349411041,0.3651177285427213,-0.1196609511339408,0
6.33529078586026,67986,0.6496343575310342,-0.13558706565827908,0.7401063014070377,0
1806.392564600987,27506,1.253121163306671,-2.507519295445752,2.087594077947905,1
362.4484477474441,12100,-0.7969115237117372,0.9082183245135236,0.06194933628991508,0
284.85926387368266,100282,1.7918887816181848,0.807915333605572,-0.745328091120542,0
499.21373236673634,81782,0.3284041596404213,-0.17249755840809494,-0.6963723332485483,0
40.833826184994116,158384,-0.20331226166506017,2.0722348389019363,0.546827489006476,0
11.291666968453887,161941,-1.336285131838213,1.9709639011691837,0.5426514822795032,0
250.40722509247288,5378,-0.08884746099408394,0.16067104683950936,-0.4539169218865697,0
2.0842361440086075,94368,-1.1664445434483839,-0.921611782551735,-0.5364209527063722,0
20.613635423289768,156218,-1.12707793754615,1.0000091000773343,-1.0979823784482319,0
263.35787239337355,161101,0.3513986355672933,0.2052241589690041,-0.5183726090478809,0
266.68080545948146,141112,-0.4076569684631906,0.29190591136785154,1.9781462040066033,0
59.370407367712254,164993,-0.5423582153127526,-1.559905568187938,-1.438432357564434,0
29.652263122502895,3543,0.08988855749275358,0.09172800510596438,0.18757971441579174,0
1227.9497626402247,168658,-0.385104031362601,1.4442434651227016,-1.1211996904284829,0
23.630715477186428,38333,-0.895333575176702,-0.5903599968278983,0.29098411086895104,0
44.957793602549266,32160,0.060691103133213346,-0.7872967550432969,1.8950236013671589,0
414.1708194313857,45938,0.8411056411311058,1.5032844549174627,0.7791373774787558,0
193.05508123320672,144832,-0.699998739753832,0.6017811052421702,-1.7490790881665463,0
210.18828841653004,27446,-1.1261280316700697,1.160518769599639,-0.27733227726000076,0
16.630108696069815,130275,-0.1194801408907421,0.4940649816429714,-0.8525717476951216,0
53.25461601238483,18070,0.6670624031106949,1.6828907535390587,2.1773650103908184,0
27.968655290508863,153399,-1.625717602596392,-0.7944545188324477,0.38966119035194563,0
2.465452672552236,68096,1.932417812409086,-1.6061293121623395,0.6936514102133866,0
369.31230460621765,64948,-1.7151981256717654,-0.1425128097810822,0.6425009746995068,0
43.33685822804004,19750,-0.26220254146419103,1.1484908592968401,0.9479132458083691,0
5.131570560765319,80732,-0.17219379531263704,-0.3421639802639463,1.0709785146648465,0
30.304412861630205,152263,-0.8687609574181827,1.2278642679419136,1.3355934889921885,0
5.094767063336824,144408,0.0030267927654607303,-0.6861355878567095,-1.1199701465297567,0
30.42043054733586,119828,0.6783557099056329,-1.3069339797581494,-1.0798085503817156,0
89.8796018911067,83040,-0.2447809467246144,-1.0698125446282272,-0.08013641675016167,0
69.46763575869092,104089,-0.973205105780594,0.7358073763161914,-0.7925848388818904,0
50.65989897720784,23382,1.2011985697192458,0.19397768613264127,0.35952319888588546,0
158.24057014061836,137530,-0.970619569014834,-0.5358512521139012,-0.3541781505123526,0
34.543407852049114,145190,-0.7612114981518925,-0.05285268683642313,-1.9589145318685537,0
191.83705355987112,46475,0.6654898133535854,-0.36971933102742655,0.2062214007593228,0
15.512730182863537,156192,0.8038300468109024,-0.617835416944033,-0.43015209722559483,0
729.198330329439,105812,-0.5580977170200714,-1.8147943153543324,0.35531873045155216,0
106.36791730287787,124109,0.8672231756932612,0.6813418476123797,0.4146206824686969,0
287.3270183720166,139118,-0.7208424315930609,0.8044456401539773,0.5462777797345458,0
31.705135270585817,67639,-0.051977377424040384,-0.7129095050067896,-0.06779418056514579,0
84.71081380750555,170236,-0.4791676804701192,0.809862451999648,0.6493614466976987,0
26.28917227469091,38912,0.16302091323277582,0.6733560688689866,0.27973583181061606,0
59.890612587733564,22449,-0.573979793443263,1.166183926584999,-0.6405263970084643,0
108.1838027754849,130992,-0.3335098292083788,-0.5761918110504606,0.11137653711753988,0
17.012404811136165,107845,0.20586543358830628,-0.9061710308656679,1.9497964825461074,0
49.64587085353022,122078,-0.20724336040283786,-1.477473769846176,-0.3967511658188957,0
109.90836037898983,163616,-1.9428097418869494,-0.6919630061155697,-1.252239941747899,0
165.3750163549491,7139,0.04903711378095517,-0.5587843731607328,-1.5695123922534073,0
0.5890358485728846,121729,-0.3647778591035283,0.3941218604748493,-0.8888473132310045,0
205.10039551661163,17038,2.801410378219178,-0.1329277086018587,0.4211742321861697,0
228.82506717957983,136890,-0.7899330738623771,-1.0708260288649696,0.801221112131083,0
61.91360477524902,59488,-0.04210067920349573,1.8810517697698625,-0.8612143905650395,0
578.5941748526784,45765,-0.35376671425737294,0.08835206458186881,-0.06167984606814767,0
128.47433144883323,112286,0.43751113667260483,0.07578035415313294,0.27207750878767517,0
120.84867360427926,23731,0.7561007371873283,0.726232966996035,0.9468848955848685,0
10.134211403554113,55333,-0.3833881629216451,-1.7266850455403606,-1.248131878986932,0
10.544320457032075,4192,0.02869336013724675,-0.6948380961074188,0.014299681251687377,0
940.7246900689031,108508,1.617353400843101,-1.045312143472583,0.17093703335550803,0
1261.1722168822505,57423,0.6431112985801718,0.16382366659877995,0.8115877427607705,0
91.16133793713618,25294,0.9517695847169464,0.20839211266186897,0.7285987059674717,0
19.73705939315903,29681,-0.740284197773067,1.1947015458986612,-0.0034953922228927433,0
22.99715782569963,24887,-0.14427040764898694,-1.9694117894888707,0.022760789128173937,0
75.2615865679696,156359,-0.9446307378795032,-0.7246893563583545,0.20134725826999464,0
117.54296182233864,51464,-0.5625175292823957,-0.9422978389506194,-0.5126179308392247,0
355.76035748803395,97481,-0.5788869148564438,-0.12317103155014934,-0.4289711211488736,0
419.9989436864624,120788,1.4309588138841496,-0.09316171027913073,0.7443477446106266,0
96.72452432276404,86889,0.8811618890881742,0.7186774059291673,-1.4621848976556377,0
272.5698190050375,158895,-0.024806707527733136,0.30750314076242463,1.5922006745565056,0
12.31355882046648,95969,-0.2255552926704215,0.6569113783942071,-0.3576505524768938,0
208.0463454181564,156319,1.4182501280360402,0.6842362013060858,-0.02145227837469044,0
1457.8301343179758,19504,-0.9639166656058964,0.12074423712745046,1.994623769256687,0
7.848227297844182,97052,-1.0785708580318725,-2.439840898857823,-0.6490546419000222,0
78.24219878618493,152852,0.39995241708407075,0.5242355127469271,-0.47333164807555883,0
32.929570165363955,75419,0.24565012711433387,-0.9452941876218263,-1.3914996736782907,0
101.5649653228233,116315,1.8501756389447137,-1.4053140414592573,0.45500258430957663,0
43.60138523875385,44785,-0.1195467662097688,0.44010147514419,-0.626033483386956,0
139.52754336469698,67078,-0.4344305607574841,0.47364889417301187,-0.11828064047463586,0
3.835417495134942,18837,-0.6984018562719415,-0.05769715331464374,0.7008941343248682,0
109.9478841368802,42262,1.5196740584217694,1.4177046216011788,-0.1105086318649444,0
9.4388151726744,129849,0.26211628876984,-1.8523808853932344,-0.7108681023064539,0
33.701671083416734,170316,0.27543162250337894,-0.2582764498626926,0.7317971081328186,0
21.570261370106028,3399,1.1619059142831036,-0.19767658436962182,1.7195054083836694,0
68.04637907967921,156453,-1.4801492398395928,1.0838148699727868,-0.4531032405073805,0
44.4352712376774,4944,-1.296708570186106,0.4105861717462959,-0.503345769222267,0
3.6584126224831857,109839,-1.6433578208313862,-0.3987990060286283,-0.1891901217668103,0
14.231369933401513,1265,-1.4656404283160973,-0.24409209929351586,-0.5285802457581624,0
25.25102612345083,55881,-1.4226850449609063,2.1366479023893734,0.8567010160927584,0
47.82055467513503,93375,1.7232405165058848,0.8523421627323544,2.3450212657089367,0
51.30521136098235,60656,-0.7336331953725639,0.47097655864383337,0.12155757314746438,0
29.60333253005785,138621,-0.12050293050626147,-0.22092957737959093,2.02001003120716,0
13.27872315305171,134418,-0.327848947320744,0.034165606696415385,0.1345210678056825,0
39.25084444465508,39840,-1.1989050380358903,-2.5140169560910413,1.0024250180743235,0
186.83713100028035,169449,-0.06941115165664406,-0.1761840843095548,0.5248913699210382,0
24.81761290847035,15227,-1.9430933561307187,0.09591539728153438,-2.665612928405054,0
110.58282316091474,9795,-0.43037203913990413,-0.4127533922118584,0.816978201895245,0
18.585637437346847,116258,-1.0175857811291997,-1.4059666304759701,0.612090920572987,0
12.774912895425755,8951,-0.6395457603471847,-1.070755615698192,-1.2212499116732591,0
21.822076239308707,40397,0.877457112064694,-2.614698437354672,-1.3684586560076633,0
333.540217324429,169268,1.4752028384037121,-0.00796649302422923,-0.6564685935806001,0
163.43877650172175,95808,-0.7785522267833893,-0.9823787110424556,1.5525525857111164,0
46.749605408052744,39906,-1.6761712561929394,-0.26862624336324925,-0.15678677212742226,0
634.3492002149878,143090,0.919871675484911,-0.9703189600258174,0.4020945281437115,0
120.96658525067842,155905,0.3969629464224803,-1.1550853117981301,-1.8069661658973057,0
0.6742373794789013,143954,0.9955676136133349,-0.7245278882018293,1.5981766012788827,0
29.288043121461676,12803,1.5907161968561578,-0.11989818412834295,-1.5812177192056984,0
11.542745069395366,14287,1.8600417808592529,1.270776704427487,-1.7375937559337138,0
27.584177354327526,152643,0.079513717370764,1.3503385195305369,-1.2052005032332558,0
592.3880590832782,36277,1.1168096431432448,-0.22194631841606557,1.8254240607855718,0
20.900400359580512,146273,0.8731763871853987,0.206311780377994,-0.0756442238659356,0
18.080695028709574,97409,-0.31072469145325554,-0.32733239516953583,0.07976371517968088,0
600.526738833287,109715,-0.44573100991337417,0.47599257131643796,0.0028867691669837155,0
540.258127417224,61836,-1.1547648498399654,-0.04175300623050669,-0.9314744741856594,0
5.602368081087058,66735,0.13900628695318673,-0.03148361617982222,0.4986068089267646,0
27.52111635492964,163425,-1.2649932578340288,0.9066531385773671,1.9236474917211683,0
348.51221776429065,58765,0.7789732914514368,-0.08962744296268704,0.3867661116099709,0
3.0393660561196363,58527,1.0541638389922916,0.4565632922045755,-0.394123657982544,0
19.5556139559407,113806,1.4291177138469162,1.296728758097275,1.446211981166517,0
1.8769835602149325,8177,-0.9291360653828232,0.016215329099205627,1.6948272202529409,0
67.32135597317944,49915,1.3410364087343352,0.03427455991888534,1.3491268859288328,0
5.934801995255838,96777,-0.795663868128181,0.463840056352198,-1.8892446639614733,0
84.4742788067044,71657,-0.7192801431286939,0.47352107471432286,-1.0990295350220265,0
37.11180799843019,165154,-0.42130956973292716,-0.183677423665557,0.2651836784116726,0
13.64623964170999,67147,0.6370586775120554,-0.22902265392286444,0.21793188656679077,0
89.1756983385633,98525,0.2439311350891542,-0.5525022077968119,-0.2792908180363705,0
20.624964670839084,142180,0.5312262609892423,-0.9340754555850327,-0.8594630812995824,0
215.10273395178925,156295,0.8427037644792884,0.718112818618932,0.07747665612963825,0
41.031116632369155,83081,0.43872924404538116,1.2744083172604794,0.3917345271375117,0
136.06100940155105,129986,-0.7612757575813451,1.5851887375484173,0.0009640215113039814,0
11.71714054734545,7444,0.2304703423609813,0.036038357937586106,1.207327673666388,0
428.58445697638376,153033,0.6800926895001099,-1.05755590547076,0.6915695537015364,0
199.55801043973963,153484,-2.080938504623134,-0.26074307532256835,-0.5454863923736663,0
112.13915473164435,55149,-0.7856611930952911,-0.7213416902130343,1.6159977117189857,0
75.54193136256629,110952,-0.7207640486883067,-1.5448271766813713,-0.729342903900421,0
9.620308325933532,58989,0.44490355026379075,-1.848521236979517,-2.0566814647995946,0
3.070508481543697,77015,0.46131477944828,1.8714762875734527,1.6155793690085636,0
36.00758359577812,135230,0.11530424049815623,2.1047608987968944,1.5008618920187173,0
489.498748879507,23763,1.292873101930983,0.1564706790924743,1.0527876077466312,0
45.23262461500965,21395,1.6113597933205999,-1.6955734659032307,0.8987958573412844,0
1284.270515852255,68273,0.05496689412437572,0.48987007956962825,-0.5678346776641394,0
94.25048255661582,91246,-0.47426250958884997,-0.04249680250228852,-0.043001007826705046,0
247.33304800870928,15455,-0.3693427461759773,-0.23370112578016364,-0.2771641172136272,0
148.8564185020157,93005,-0.2656072432882208,1.6201857519382572,0.1340461667197191,0
45.62754751505394,141045,1.4795571345519178,-0.4437510857012478,-0.19175836281265007,0
60.82830916806203,12213,0.13899250685393214,0.6855769343432454,-0.2774889213050508,0
21.630843158475972,129802,0.48143696194689667,-0.11265976596653442,0.3701128694444689,0
24.675221321429635,161203,-1.238858595890728,-0.08088334268075159,1.3287677194751069,0
5.893882818413266,41815,-0.6659013201759213,1.6356421460037827,-0.4481343594837992,0
231.25424983761832,75614,-2.0235898851195646,-0.9528892566760863,-1.321288793089137,0
45.48482425317001,60046,0.4391075038239992,0.7014749312202911,-0.15269987905356966,0
17.128815773076653,129230,-1.3564525673180317,-1.9425263325652118,-1.004605141852643,0
121.42995328283189,68858,1.0187240714255752,-0.6002057717900112,0.7038015152771975,0
57.76191306634698,148532,0.621078243485364,0.379033353976672,-0.08845374275987403,0
62.7653694204555,88247,0.49060432393669123,-0.11875546075714577,-0.5232257419683151,0
10.950876300752086,15935,-1.4853328709016493,0.5021364182145213,-1.940629779812404,0
25.112452261826196,140251,-0.6363066108978217,0.4669473508270103,-2.9091895580433436,0
21.023995558047762,76730,0.8698668268571813,0.5530781546679502,-0.2504067111219977,0
3.781751785847062,80174,0.16399749576682546,-0.710522065029642,0.4078238520671157,0
49.99481796429903,97309,-0.3758921227499375,1.1757259254737653,0.04614477829014827,0
315.43208132490713,117954,-0.4449190136199922,-0.6204912448425741,1.5905416475056315,0
23.860223437814806,103504,0.9551408869675735,-0.06080392558677299,1.6935048273580655,0
926.6088148134291,84963,-2.15920937339,-0.6275298831869727,0.6017459839952973,0
20.710877290593892,23641,0.4416713240960504,1.6237695269485655,-0.5265160656960326,0
218.87664674466527,53685,1.5062013223072712,0.003933549708589821,-0.3966429777333725,0
1195.9746823067103,90251,-0.12243452236905353,-0.545142724810381,0.24640584709055277,0
12.073028654094578,132548,0.3336975478346419,-0.8971698546436441,0.5563489693990181,0
354.820883637057,44898,-0.719733532992139,-1.0489090439322146,0.08375726215397968,0
84.01483216126888,162219,-2.527678397351718,-0.1189952719192781,0.8115602502624224,0
228.82347101608832,151628,1.0624923044983554,0.312489609370954,-0.9304460808552226,0
69.45884618481576,125885,-0.3988441240774622,-0.3405989470044019,-0.3462932373440275,0
103.05489537220657,98760,0.30875298500253207,0.8883220395838071,-0.046160334717057855,0
65.78741392345306,170386,-0.9152131834103981,0.6823665279143261,0.2648609791327391,0
20.447187379275867,50250,2.1315891127317528,0.8518817484693084,0.7623563510350622,0
894.3281764971048,87533,1.5184991766127218,0.6503850446943141,0.8027391927907207,0
105.38486703118794,18934,0.27948738532906703,0.672899523563654,1.0356347273425839,0
17.708765925901183,156248,-0.6675532777552375,-0.461563060787381,0.8005237569002456,0
89.40205025836175,136203,0.33943617604086196,-0.4686109932583853,-2.084332715590034,0
74.57391279390085,25158,0.7400813113614706,-0.3185388917359227,-0.4396542364851207,0
63.25039099378332,150511,-0.7332044445926046,1.0108084257688388,-0.2538532579082376,0
667.5433211311711,67982,-1.6404683377175975,1.0836710894784394,-0.972471118407284,0
182.79440552619707,4076,-2.452082825939578,0.5683254398492468,2.5471895077730027,0
8.634023536666925,124534,0.3945537782923489,0.8421871182042361,1.9905008569598484,0
113.44753072003236,86390,1.92547011502041,-2.0089679014730883,-0.1274801317974788,0
455.4477187959469,89938,-0.24945581348201804,2.560726635419785,0.3343121381311874,0
118.22286498562487,76519,1.3510932562826954,-0.056629808583760995,0.4285053949849211,0
94.76780674739203,96005,0.9313436836817843,-2.0384162023382335,-1.7950676694871746,0
15.292416450865579,65402,0.6742648473791474,1.109392480899107,-0.23159353564415297,0
11.646917908903212,117828,1.6371891953211593,0.1980575507252326,-0.5054483898971555,0
7.787431520009288,141110,-1.5683916352039242,-1.073621784097649,0.19240878355198066,0
56.96730827116364,102633,-0.3125197998416433,1.6351766120568665,-0.669972810352128,0
32.62936490776087,113868,-1.9555985547325716,-0.2360055509285654,-1.341347567666323,0
255.6306057110155,47717,0.5571241472949836,-0.7413220771150318,1.1996223518486564,0
617.5863287986023,139402,-0.3636693508062154,-0.546807114701246,0.8657720474824149,0
36.70873545898617,42517,0.603573098208496,-0.22725691847486817,-0.699795023318977,0
38.29528359599966,4447,-0.15682097628193953,-0.3103993157646876,0.8089473164906829,0
411.5199474514688,129326,-0.6744684393584103,0.34328972218179354,0.4973830864651685,0
17.6203259059162,156565,1.1609596147382313,-1.6780462213018954,-0.01800450351627318,0
15.176630534547968,969,0.09796204968423802,0.3833117999419578,0.3417180195990539,0
13.705859811541014,65869,-0.4365539980215701,-0.0484594343710442,1.3975420927743956,0
77.46484316816037,66794,-0.04742218062696521,0.09138338545658027,-1.888766728128011,0
1502.346500742007,84728,-0.616492934900792,-1.1531488245988175,-1.4805220794668994,0
34.447192134644325,20897,1.9596808750420251,-0.8486971148650294,-0.8139364025522169,0
45.56405860682975,116242,1.0852209343573531,-0.048071611581579445,-0.8853725739305192,0
263.00555112751243,97204,-1.3907421077996036,0.15689763585929986,0.38044171198857174,0
25.985876364191775,150822,-0.06156077842914253,0.17338721448175162,-0.31388256629714484,0
59.579590709676445,23055,0.1329648960426424,-2.1050607519228284,0.15352778684125168,0
87.40782192316365,106276,-1.6884356591749743,0.1891869412075147,0.14695938464847144,0
181.4632078014541,135126,0.4702857034731065,-0.5609817074612875,-0.25005261858194533,0
73.44327579956563,121918,-0.7853587448524341,3.2226246986263667,1.2789409386990265,0
2.7256283077849237,68289,-1.5231929924175958,-0.2944304811704029,-0.8626971014241622,0
95.27036625081145,5615,-0.7630511295564708,0.16219184797296898,1.2319896504645458,0
15.037990950532588,91908,-0.3974625473826902,1.0146251641871806,-0.6507624918472591,0
164.46506380767022,122827,-0.03879403846078679,0.3321958018886951,-0.8263552388691242,0
450.519841262969,149433,-1.1757648683315356,-0.17574519226522956,1.8564218813159297,0
19.495659874706753,76347,-0.4564704259067647,-0.23307417577295536,1.8731335288482633,0
66.45983493997119,155525,-0.7782118603923054,-0.08193393860208753,0.4150132032629827,0
422.62673497565004,8947,0.7541939364163607,-2.150730299449237,0.3055990152876648,0
125.6209412097602,72554,1.7633228687480582,0.887961107758571,0.454451853905669,0
74.4064518868294,122416,0.4815335395143825,-0.15515397255439406,0.21265579169350105,0
148.24797494905272,159711,-0.22625646947977263,0.06192541888844399,0.9526949466461697,0
90.61766288079252,163548,1.4440457295191318,-0.02677470235668176,-0.44599963797963843,0
16.081954045911903,125074,0.2550835567942015,0.6921678796550006,-0.3341731103283316,0
5.099253154874851,49039,-1.8685862420277977,-0.84391335436601,1.8751454277240556,0
185.1613566749436,66634,-0.8887890397720049,-1.1616346958085397,-1.6956599041424758,0
8.04896390096711,134016,0.7396700330628224,2.1161417380677636,-1.2730849911843707,0
85.84557248705606,146696,0.17492274441064884,0.1605419903252843,0.7736456953619077,0
26.67919213285019,11357,-0.4290255519602415,0.8545442410659794,-1.3391269043222316,0
49.008062119594584,24067,1.4397608419895318,-0.6494955726916601,-1.618029364533894,0
198.3977705405319,156462,1.0271425453086185,-1.0013566445512359,0.40709464996630534,0
64.3342527707097,43199,0.7269748308383102,-2.1275832025550434,-0.46743634496489284,0
73.82139317892594,168646,1.0861347767459903,-0.7926974040206068,-0.6912432930783127,0
38.19995530294682,62239,-0.4074124186612411,1.7271756460190828,-2.0788053315405732,0
128.33455124532705,104365,2.6366621114692643,0.8860811118921073,-0.23483723351726324,0
339.43825756978623,148259,-1.372971581558587,0.4372575669205355,0.5988900104458651,0
157.99046307952304,83422,2.5384934590617316,0.4130485746349197,-1.572858829194664,0
49.92483288681814,64399,1.9342098848205145,0.7751341958503876,-1.8454236812625084,0
34.830207016618026,58770,0.04101630341014477,-0.7572677735907424,-0.6437945165359653,0
28.58312569852965,78253,0.6787397103523766,0.9882295848696582,-0.3798065915486762,0
26.118845183624444,43382,-1.098419281156067,-0.21692813449901574,1.440377975545868,0
918.7708505195236,2669,0.10016725988550873,-0.6330678408779763,0.20377250114640402,0
52.652124566906004,166141,-0.6460332201526673,0.4652335667379939,1.1537127239520686,0
9.288534378542888,162358,-0.4764622345062222,-0.0357597345486123,-0.7759020155412519,0
108.71938562499052,131960,1.6148571698681955,0.3844912022879176,-0.17408079920973854,0
592.741548823694,82951,-1.5933294071789548,-1.8488750362263802,0.4202089854036321,0
37.1298558835789,154564,0.49307599967230625,-1.1345704765423628,1.4841473852037184,0
162.62457369909168,26897,-0.5608402182935573,0.5943555198262758,0.09566364908299747,0
431.47691977848075,171656,-1.719894766796426,1.1924227952263688,0.33159612571478764,0
50.05579960063325,155562,0.9566175028461738,0.46788807127383936,-1.3844664765788322,0
70.27005948859995,56714,-1.5780539573238095,-0.5798987246614226,-0.07262149896677796,0
114.35709418633564,3005,-0.2535817137015804,-0.9707975202721181,0.20257602982785414,0
14.990930645579692,7081,0.1338598744336225,-0.7797553116355217,-0.29046876295186025,0
125.97869876975592,153778,-1.0548807600973826,-0.2679722080711116,0.18852783119165026,0
41.00296218089564,83230,-0.5000480842544318,1.7817836957426894,0.5091370689332634,0
1.28517054282112,4782,0.21592915101897484,0.8566062167721121,-1.2271058172226041,0
253.30260289142922,16333,-1.0936121265165097,-0.9565903002391523,-0.8143361374053636,0
1729.2760438709383,88291,-0.4151693481635337,-0.1768947967502065,0.7748725987106103,0
1445.4053786640018,123651,-0.08474971504070397,0.8890717677835738,0.5522866129071758,0
34.719526773564745,112436,0.039496647959540825,-0.34795946962409346,2.2883206311793733,0
143.0868591514666,121432,0.14368111313546228,-0.10497772573016496,0.7970382382197294,0
17.807417293692403,76935,0.7214579627868983,-1.2566056572228748,-0.4635795148214815,0
5532.091388831747,92661,0.16558258510285326,0.6341484237709442,-0.8861887962795757,0
123.00119764880677,92662,-2.514811962822236,1.2498492953011642,0.8658561985229617,0
27.197590445803034,96666,-1.0853211942537164,-0.5254306271966089,-1.1544383833478256,0
46.64419296646285,66247,-1.1176786691104685,-0.9360232346560495,1.2122315859133685,0
6.630296149051184,96256,-1.6783896940860958,0.41370995133064126,-2.0473817875824643,0
17.71452294236963,130301,-0.22717886065137635,-0.24335241850970793,-0.5145405081703104,0
1494.7338897699628,124240,-0.3032072962828559,-1.0824777801415724,-0.19917922219713402,0
40.6850288796868,146757,0.7483845784469254,-0.018927608848513845,-0.3869870629487108,0
10.550716621269975,145939,-0.36893944283204977,2.03269906175476,0.2631218141435164,0
49.63583923742613,52712,-0.11060844076713637,0.046864959988735196,-0.5655912349890204,0
144.14127709439126,79098,0.8493073861824338,-2.271595973613082,0.31327702033125526,0
16.54021676845317,80982,0.21296734019462318,-3.2068916734755635,0.8147647462350285,0
164.07468495973285,114060,1.1662624907249484,-0.7665485975629809,-0.6947761100386498,0
330.3386811358236,61351,0.3643783412933413,2.1436868534206046,-0.9151445198182686,0
36.676773839013514,113049,-1.0746610593724166,-0.3880866799755377,0.6751072251109395,0
152.86120189812652,30448,0.16437425781744772,0.28941388523505274,0.026407497366279575,0
48.73967552999742,137558,-1.480651559226533,0.689288052634006,-0.17851841552525619,0
75.56805539837313,13690,2.1045460168468324,-0.5278912157336563,0.23338450559608184,0
27.466366656245793,2482,-0.4053592962034905,-0.7051469590426431,-0.9035521968324383,0
4.725613219239452,27785,-0.5152345669889775,0.16875769794623463,-0.005099826088060487,0
98.16913077669292,93621,0.19390180371480642,-0.44453822518681513,0.2929382076817204,0
1740.4071792999346,80800,0.3871224186212545,-1.0818560474454255,-0.8402181421479239,0
273.6348861135383,67963,0.12303266519189915,0.015837676824219476,0.8218775809757886,0
9.308670871384725,16127,-1.5204038479992161,-1.1891144449326436,-1.909624294425752,0
35.650649058596144,82787,0.3605741523214825,0.44085826777084147,-0.45485946856554205,0
2.858980566287506,92930,-0.5779809528042389,0.8071097105644146,-0.25087106743791393,0
29.974416450037342,148413,-1.0609406571985052,-2.053272467581424,0.13749341232424225,0
381.38435515107767,91742,-0.7062789243763169,0.7980535794522307,-0.6791544391973204,0
9.243810224976245,171030,-1.2510418225547664,-0.48581415011686246,-1.8199185771599584,0
39.55208672701815,161340,1.6607008791232887,-0.9905856206257516,-0.4438652691684583,0
103.80488964107825,49641,0.9773469584809038,-1.56719792617179,-0.4853294641060284,0
45.06579859359737,119233,1.2738860268209375,0.8027571087459268,0.5353988887623377,0
152.74757585549187,123699,0.8438831249590519,-1.5780037602708705,-0.23049607576939324,0
2.021315409108074,161602,1.0798700342420755,-0.8196928218028728,0.5554521236968366,0
30.644931523609788,144143,-1.3403332058671429,-0.37884876014106383,1.5611875289669233,0
25.182316709004507,101243,-0.032392271995639356,-0.0076941682744987765,1.1145022515647665,0
159.89384412371447,143747,0.5134440253513622,0.17615775854974408,-1.287667220488354,0
58.681670450746715,10928,-0.7708951424947356,0.8936713589935024,-1.0859075983857975,0
654.7885624391463,55569,-0.8429185154143444,1.6715725335203309,0.5578171874238532,0
7.226261832465691,77991,1.4918187333802848,-1.5585626973118376,0.07950901196691701,0
6.883325833337204,31748,1.3947099882135912,-1.5466444807066038,2.6380281712443354,0
56.78698312681653,12679,0.7876701534354056,-0.36530299359697704,0.7633424647175675,0
1758.0980494972894,115792,0.3292614178220528,-0.0009531339132614878,-0.6947224308839185,0
47.760314470935796,158736,0.7418899869635346,-0.04251571562177102,0.858468180663332,0
5.7290201201735025,71333,1.226279059226247,1.0540727023535705,-1.2640172806275325,0
26.935430571268334,58650,-0.33434806578353604,0.5589516494724838,-0.5622783637664243,0
68.38841787202455,151918,-0.4264089666579551,0.22861199106588173,1.4344310838235472,0
139.54497542210987,72209,0.6070406874463314,-0.42984133111492867,0.57383855624055,0
125.22141302732672,146859,0.6205410697207789,-0.8175446524854285,-0.2067504223824629,0
565.0183160889462,10322,0.07466979852460526,0.4894763298158919,0.30268704701537275,0
102.0683805926271,88762,0.5885609305083879,3.8913769412791037,1.5809990044181632,0
333.5536043694232,143538,0.8398494461969699,-1.757399388578899,0.07057716459959062,0
27.132087880604377,44533,0.8509786891564968,-0.7678889785176003,-0.8629486016080276,0
35.07244275052971,2479,-0.9719762378851002,1.8933769079974712,1.3244580517769164,0
16.13807432196636,101415,-0.0416683140165066,-2.256895412650236,0.2540791204710021,0
606.699701864331,151882,-1.0218415153658962,2.1630222265220853,0.802556755514568,0
252.1577188911796,16211,0.9384715792935742,0.5738189589020388,1.601225599290624,0
13.54115693718199,33762,-0.25209754338880846,-0.49016622223112194,0.6356132428156905,0
31.866726921543687,152531,-1.5498808511042348,0.25882883167688087,-0.8487153829711044,0
698.6528455978884,106745,0.892128365299519,0.0009274372546575155,-0.5745278687527685,0
10.510619983924121,128802,0.5242443707542194,0.48058199427947,0.40629034869078495,0
199.0567994905227,154284,-0.19128025570311172,-0.4986511436172409,-1.3848245971485569,0
56.26053032320737,48777,-0.44993462865398665,-0.1923598313671671,1.1465986854170296,0
38.87229018227768,74300,-2.157532863468718,0.48315583622462427,1.660043323715771,0
1.064786612715861,119346,0.5926524254057343,0.6823831178770875,1.0394981056322834,0
68.94212645652813,152442,-0.34366068943853795,1.5734546092814872,1.2659429139962206,0
102.64228643640902,27783,1.9479838349639969,-1.5707443744108003,0.869776218622768,1
62.299931152329606,93153,0.38470984940709024,1.5515616358847364,-0.4816793475237131,0
4.101461250525465,105242,-0.8747682145031836,0.0452737300242632,-0.20854077374751454,0
66.21626817695574,95516,-0.9429193821657479,0.40252648086898596,-0.8447625483331934,0
2.2681165445868454,163935,-0.4156871583781639,0.2893476723877108,-1.5791344616052383,0
534.8434449889215,96621,-1.4170247360939623,0.7626326505418723,-1.3835728755185084,0
26.80886824231741,116839,0.5077052087773923,-0.38913980740341514,-1.0504433945995701,0
125.63824410968502,7717,2.0364485829626986,-2.102516630111284,0.11306286023569515,0
30.264995525783394,23560,0.17880707398562976,0.04019332031070782,-0.6402264363646347,0
48.836696384622556,53948,-0.3207981685575945,-1.6529081462390731,2.9614625162852484,0
76.54632980389894,18254,1.3063855654200256,-0.3721210195343395,0.19318455244825486,0
102.26805244134393,9529,0.7205938928763544,-0.3324164190771662,0.34878511475060603,0
59.07392066530408,72981,-0.036778250675837176,1.360239299803179,2.830286857454339,0
33.04252997562184,79317,2.1511382572350852,1.4672450562047614,0.5012174947470245,0
210.4819314612887,20501,0.9899610547022,0.6643848543497801,-0.8110912619606448,0
309.7813796011539,130091,-0.13296570853324163,-1.1812204674136526,1.295673152707836,0
34.335556030660946,118278,0.43543992673092885,0.16753308573850118,-0.3914990535960916,0
15.169174401026671,24318,-0.4022281870097663,0.7934836897144262,1.0155481870443535,0
29.76868526488509,65121,-2.8026107904285382,0.4092928226370201,-0.6612456394777895,0
4.561579046253158,97138,-1.6383281109101806,-1.1556369809710283,-0.38373594927028065,0
95.92311906209468,99770,-0.3744506329652646,-0.772149061280659,0.6794783354514604,0
30.64855963717665,162643,-0.8835772192726263,-1.4250663753554405,-1.4423196156620137,0
7.090440955022602,41128,0.37819689038167037,-0.7769084295683519,-0.18838554844216904,0
92.24748972982123,170110,0.08811016131356794,1.1996332308720565,-0.2574323081844672,0
981.8404123668353,89376,-0.3860209697748662,-0.2966826007207799,-1.1483306540325724,0
82.15700362686694,4610,1.8988973970323602,-1.2032444727061502,1.8567909158499052,0
9.07173111071756,34787,1.0054361815078057,-0.8991729541466214,0.17213506770511236,0
4.767211747585257,82176,0.17786426402148814,-0.7525474083842334,1.0410140674271235,0
76.97606956569912,12822,-1.1700211217671594,-0.064460869473007,-1.0941092906697707,0
159.9536378232377,108371,-0.5630033883796927,-0.9056709584807056,-1.0866802384918683,0
49.59466928076161,80539,-0.3063553205437816,-1.7008339397163617,0.21375110413019577,0
147.56394976245545,96878,0.5390883298497756,1.164750722478402,-0.9988921469944482,0
19.310241582521762,21788,1.3019194284480173,-1.3426410810267104,-0.005262213700418748,0
108.18646787665918,144875,-1.4298702400154155,0.08376132957494332,-0.6018317954610537,0
95.40759704798167,72158,-1.1305396531811291,0.8805790170896278,1.3867873722990698,0
6.784679884351226,95881,-0.9543502658215824,0.9500181877274763,-0.969372470413935,0
6.19139578539581,29052,-0.6290011023020826,0.09235793378178328,1.7374642267802043,0
45.25161487820429,7131,-1.0473318017452722,-1.21718237837051,-0.6566965880329266,0
6.065020247712749,107251,-0.46434037232899683,0.16906425199033534,-0.3093831419813373,0
38.613355138971755,148608,0.6520012688077619,0.8712622954733511,-1.3092333033428107,0
42.122452417796396,157642,0.6519190952741641,-0.07050532493096993,1.9025090893515506,0
132.62188037912662,165672,-0.396715802871964,-0.0009464455827966428,0.42227051957764417,0
225.61550268356606,138110,-0.23417072277999834,-0.63851694346236,-3.0031063696391636,0
392.7850188661358,39530,-0.9578171687087134,0.983550849161374,-0.5576611789094327,0
94.0357305605411,25060,0.3381493826559137,-0.5084556233871789,-1.0775902347236055,0
17.112620529499573,133140,1.7097644714561289,0.3624757008647727,0.330056073698169,0
10.083687898049273,45693,-1.1616359589304501,1.7979285525226196,-0.7159344965676584,0
10.038446218505483,98331,-3.086599429573205,0.4284845770805673,0.048611622517223535,0
519.8475409697908,109885,-0.1698486254258538,-0.38631914363594,1.669758421923874,0
256.87359025822366,136501,0.03140389676382825,-0.4029813606166282,-0.44934760960830095,0
49.701129878462936,44493,-0.04547256846378479,-0.049769110896877036,-1.5535431373434483,0
15.087043900536885,124128,-0.31732074267939087,2.1506673482853444,0.5806634353040786,0
87.33721937798036,26297,0.9715596135459713,-0.09079157915168026,-0.04186417062158358,0
362.8088658155707,42113,1.7064585927974845,0.5237596633886112,0.8407378375276215,0
62.80649937898159,144707,-0.678202818083542,1.0780933133117914,0.20187387613862778,0
478.4093881630905,93550,2.182027162680672,0.18662274308793278,-0.4340145855904027,0
8.571790970632282,111750,0.024618194075417005,-0.552605916313454,-0.4308134679011495,0
3.0374953333880916,141221,-1.133347421934242,2.1747836948598316,0.5895985060682322,0
54.85654968057813,29000,-0.7164869165513815,1.0172111452908221,0.36527867976940204,0
292.52631415009904,23320,0.985569466499681,-2.26064745513903,1.812114626864029,1
86.66722713390263,162333,-0.803495633595582,0.8884818156753843,-1.0264669636915547,0
674.9168788276414,114673,0.6998434843787268,-0.39782246451390135,-0.04228439799970878,0
1266.1869387125864,10282,-1.22584443986832,1.245595793101021,0.1781906562321557,0
303.82127059624526,36994,-1.8184182836023473,0.07264864995521986,-1.3002915083730202,0
1.6917850355181239,77585,-1.773210521442536,-0.6930217375284319,-0.358418608864346,0
100.20670606547385,27284,-2.1952635840300005,-0.032488916385022694,0.40914108469411625,0
205.33949154797202,43442,0.9833532298260631,0.19548671402813794,-0.6557592036378714,0
440.54096141831445,36253,-0.08154412039476207,-0.2281337274136364,0.6289852430408761,0
39.88556521071453,43998,0.4514899133124556,-0.576320258557324,-0.19259528286231328,0
5.804332993034022,8086,-1.0534338269585504,1.119088872796071,1.3033742691651993,0
122.29606343814196,111073,0.14044152734360515,-0.20176237402769656,-0.31503899078243347,0
1902.8756977106807,113372,1.4444046737840512,0.15398795927048053,0.7068801595380239,0
10.829034298820325,86184,1.5838024071325443,-1.1327298166129798,-2.039728810135693,0
9.076512780906798,152178,0.803153198499548,0.02000231879914617,-0.044277918968597174,0
12.373941502094498,79737,0.847007736161814,2.1143250401497062,0.842391250518744,0
10.707218357002164,82565,1.3742163093412731,-1.3323557916013917,-0.5818609168460845,0
123.97753158628113,119598,-0.8713276762958163,-0.48461115869305943,1.9150242355180978,0
58.05429904900995,117490,-0.44977423019038104,2.0812527965155945,-0.22239997346198426,0
319.18709794167046,79606,0.884150491882346,-1.5801915978067984,-1.362708390902519,0
88.93353094084168,76427,-0.16433463854689984,-1.1530421630115533,-0.8037266281052624,0
9.711098388062803,11116,-0.5904320960146833,0.36633047197417,-0.3450361873745771,0
31.375327786087606,3311,1.314435335329367,0.9923558421818665,1.6898794166855755,0
235.9771565197394,106694,-0.7258864637258414,-1.1415521311989707,-1.4909716825427326,0
16.236464302393124,11251,0.0984145255615101,-1.8919391206651306,-0.9521075733764891,0
47.336317626081325,133918,-1.075624733287782,0.5725969328731579,0.0026762287591087204,0
39.903542885272635,74543,1.1917115359729493,-0.6746744546834699,-0.28582270639354307,0
12.531578057176473,82606,-0.7346094688148814,-0.04127624994718937,0.7585374595283613,0
438.1260556738941,53096,-0.31522493113154487,1.5776368737596638,-0.9471638648517438,0
71.98541982773841,105471,-0.5426565691806071,1.2839103176874338,-0.4401725261136037,0
8.730374671796088,39316,-0.7101282208352935,0.42271530571062516,-1.1855240533778095,0
97.61754298340207,1745,1.1974236620224086,0.8789254592441579,-1.1552069085902912,0
320.1999921657067,152875,0.3862012999416566,0.7058112940163125,-0.056863296950926394,0
134.33268522194706,25979,0.36892131739185635,1.6084762951417706,-1.2918800763837057,0
10.618122825485777,49409,-0.6451346946859593,0.4683237891184985,-0.7550270832504031,0
569.7057720939454,115407,1.9119519023744558,1.0362948991994128,1.2873762721917377,0
67.69976447855117,53242,0.7967662924936864,0.34973063722324066,0.13029249398343665,0
12.338314716234857,89680,-0.6373705382056801,0.8619808818952442,0.19976813516999323,0
52.407158297883235,113984,0.9234803567323722,-1.2850653014614244,-0.5079999117439661,0
41.4591142064728,70270,-0.4969299307022664,0.5949268315948111,-1.1315060018501515,0
47.88714069221527,162423,-1.677392605072287,-0.8325331024151668,0.5749504278391079,0
195.27389162911444,165050,-0.6791880471288191,0.31255494596498107,0.5776637929488269,0
99.17545705100622,154212,0.2773365168699684,1.003475906798275,0.7143990943908263,0
261.95961763652787,34734,0.8628270095209097,-0.7615171715048531,0.07924106576251515,0
155.17929202689132,77281,0.24624197166991868,-0.43115214236258725,0.27804745169731765,0
411.74814611039875,90914,0.9925607439921724,0.23364261974435707,-0.11288894986406642,0
32.53589218128511,78847,-0.7826647732737368,0.6336272981652342,1.3161605864348793,0
33.04390070755303,89199,0.3410919266899494,0.5328947677661782,-1.3479965765751227,0
78.18726251176665,159592,-2.048568578183826,-0.4212233848424573,2.299084772618564,0
215.66702608918604,82462,-1.7456987121239635,0.6144977003147883,-1.0917805373725482,0
52.25708037423266,132963,-0.5882684028110648,1.6463597310832812,-0.7151121512542471,0
67.70272607012353,109478,0.1915710340832907,1.6184370801549455,1.4760529922527728,0
264.52120721328924,44917,0.3133143047651383,-0.41259719943543516,-1.1877994883347989,0
34.638815854959894,56042,0.526559217917296,0.13809499341364828,0.693047107791298,0
4.6682009233882535,113687,-0.48491869111437236,0.2579166904687268,0.49109593967986326,0
205.62787322270987,35242,-0.3974018176035194,-1.749991228203813,-2.011615639708594,0
42.41963303177315,89299,-0.17140271829612896,1.060861557116177,0.16431696012364527,0
60.49031048331855,63853,-0.1912510116671379,-1.4888378584789854,0.5728809574819526,0
37.67472402974091,142099,-0.15955850682340522,-0.10752855675247533,0.253760614868903,0
100.54228956541483,23089,1.05510502694132,-1.3992631628716519,0.3022616264897545,0
22.450291786395955,13394,0.16309198246879902,-1.1797065281998778,-0.09954036136068208,0
69.35191501887522,116903,0.14201966130105315,-0.42834523175449646,-1.3137424261797446,0
4.241539703601728,38345,0.40982533293607715,0.3309469408036075,-0.2852982658108924,0
0.689779026090369,165050,-0.15219150218763836,0.004827981471359565,1.7774684882382477,0
50.41757363091899,107318,-0.1603000165473523,-0.9651767873132538,0.2826051674206644,0
169.37241797703078,39211,1.4937658163613212,-0.24190406699811542,-0.7761905112573183,0
73.04516258551942,66403,0.7824785968570586,0.5252186995752369,-0.1636123944286553,0
533.8621243315367,7085,-0.8916464469762176,1.7227544744970085,-0.2320294361702621,0
15.950773259916916,134966,-0.21031045630391268,0.7415804438197705,0.13531968702054206,0
14.707337626178967,107127,0.47279499976945333,-0.4987757355534018,0.20401616675216797,0
33.46999759399994,32175,-0.2822591744462098,-0.09973272067028231,-1.0107751454734768,0
45.41927614400332,2203,-0.15851300446994213,0.26948479352123994,1.2177085194398067,0
36.092057325818686,144174,-0.33562121598610006,-0.36754624591627544,-0.6273197940651772,0
5.2859705228725895,113037,0.10031352136342774,-1.1735909348118638,1.1359662107795034,0
4.101242213870107,116322,-0.2573619889094884,1.6434563214029183,-0.009590477568434426,0
5.185755847941715,113610,0.14451593846268965,-0.0003008228186194687,0.9417351745588141,0
47.359320981007045,16263,-1.2109071508200153,-0.39308068806741814,1.590049117101946,0
17.352209032450794,8316,0.8154411240013022,-1.7293233887960733,0.16491211799484454,0
230.1902726073019,92945,-0.9102737224880452,-1.587366019697656,1.0923145076502705,0
405.6349472133764,106615,0.5270832650891976,1.050912662541903,0.07936115284073558,0
5.5032502918081425,51929,-0.7462879481178378,-0.45453181806179016,1.0404540641817546,0
21.35923222141547,77318,-0.04833231993817157,1.7540624524667248,-2.6118949909651543,0
39.63988045160486,53096,0.4384093855392614,-0.9792171722018319,-2.1064635146211224,0
26.203124208530234,88855,-2.6538813863611903,0.34296536116935256,-0.5738107665227092,0
254.76509573085488,12741,0.576929940433854,1.4028978825605265,-0.9905143488283756,0
1119.1574920487549,99032,-1.1158039600630405,-0.5055356510533873,0.9156728878800333,0
173.0713035730198,110803,-0.8605235272783778,0.72212712402102,-1.378157324735128,0
40.149150766010855,167696,0.765294923938275,0.25479251078063625,0.8381993731052537,0
61.78493900869556,124130,-0.7468695742367337,-1.1173317627510855,-0.2954184523924173,0
10.428007937099938,52485,-0.30396162778872826,-0.42239260467062345,1.4366502002820936,0
536.2959294531876,76794,0.639336604243423,0.20822375590912465,0.49783697712244007,0
23.738050206105697,80066,-0.03204181116891707,0.28915144941648063,0.04641164923508248,0
24.61063232972695,146972,0.02693778763231972,0.6378943601701187,-0.863452518981611,0
5.889038915571555,21162,-0.7316349737122719,0.2069215390443481,-0.8356457852143472,0
172.2276966756697,85261,-1.1118040857117035,0.8654669277973712,0.05751565729528427,0
29.313678109829418,137465,-0.4901627448232876,0.7008902028795442,-0.10513677426162783,0
725.6334334002677,21661,0.364538112429236,0.028005593422682766,-1.2615872841580091,0
76.41192135789663,132030,0.49528381637637364,-1.548037103720682,0.21679336367850036,0
24.618656935397198,30844,-0.02863038246092316,0.06939117039454641,-0.6300966789593498,0
770.7551189992901,98631,1.156954542381339,-0.905210406680999,-0.6340400034073057,0
175.33465223892964,94047,-0.7850466218841721,0.43319460372885527,-0.43700362399544146,0
7.03975869789108,34121,1.4288266024692198,-1.2793112732576744,-1.0503299751168231,0
256.1775806559825,167979,1.292344511364291,2.3301290151933594,-0.50491742007581,0
58.95632130206214,113858,-0.18192726352968525,-0.27487940176239994,0.030679142950160172,0
779.28543825712,165215,-0.04769319112503722,-0.6715334222590659,-1.4884225433945277,0
179.5991998564157,53318,-0.3998466440257348,-0.48742942317131355,-0.30208465004805174,0
82.84518791811674,8338,1.300279611346497,-0.5160376045930085,0.9595758274541105,0
16.00128409808578,38516,-1.94777510852466,-0.01203609409594795,1.4866843084086383,0
12.675623003805178,8009,1.8106372892143596,-0.3286824378640907,-1.205813172951306,0
73.31990774853033,171929,-0.7276950758041222,0.278420072170634,-0.6899770808280816,0
43.384800891749606,75596,1.6626662133433976,-2.7851122610384276,0.6264230029386681,0
11.721384487890274,30373,-0.4907736926100876,-1.6044709039918956,-0.434007224436187,0
195.45547676774956,100353,0.7821985676979669,0.8846969703955537,0.45184322211143507,0
459.16265100150497,1963,-1.250229892317946,-0.1677534675450452,1.5336714582399558,0
40.86920677878356,80506,0.2965211051357782,-0.9195496118928408,0.8216885941296689,0
346.7114604033354,141794,0.6337551467484629,1.0229750472725199,-1.1271541311780626,0
261.81357668514283,50333,1.4372359341586056,-0.7332737836238319,0.3423372518969421,0
167.9932559292424,146919,-0.6352409977834531,0.2944306740295808,1.316871250508627,0
391.7693465114509,101010,-1.2358111842515695,-0.10943658987658822,-1.2909416621203247,0
253.1179657928847,69690,-0.7210440066195074,-2.0118878337895847,0.7047784127823696,0
58.49867596354662,153609,-0.1886191028293296,-2.0113382125282,-0.10319721966095158,0
13.130066510001006,21912,1.1155728648186096,-0.18207791584759608,0.9233104353779148,0
86.76900901356268,141919,-0.3134137511771256,1.17666533893368,-0.6908616608843572,0
54.02422309292665,152236,1.5828169158208298,-1.9569880341310475,-0.6402221441690062,0
92.28536527535039,170200,-1.1489099517900572,-0.7680658460691354,-0.6586535425730937,0
331.41570874863083,155942,-2.297082002377108,-0.5889868068018057,0.9200791933091966,0
28.397905872496768,48392,-1.67560559115674,-0.1493279355672678,1.1219609612551653,0
204.40410564139432,140741,-0.30277297046913004,0.12067603119836857,0.6081367298209819,0
2.487452947917146,123296,-0.7342322935664766,0.6888376577421074,-1.3104817189797793,0
14.290678612195338,59207,-0.4457066384641406,-0.6101641994613419,-0.6267026060379779,0
35.19356037026952,24394,-0.9395881542860609,-2.2874219495571073,0.02803636885504708,0
25.309981257272163,136373,-1.9242833112383733,0.3033372620103606,-1.6832551515791203,0
489.4556758757247,154226,0.48066026400516504,-1.1901780426719506,0.3554602233988241,0
11.825970459392204,10705,-1.626383983655783,1.307881467021781,0.17438719777216075,0
43.25493914590428,164816,-1.968511229328971,-1.5025654010553366,-0.32621262749314717,0
58.61250763588386,5383,1.0271778715306175,0.829855440585617,0.08328290310822138,0
6.995698992906983,69283,-0.5862551027686633,0.022601296823804653,-1.317437991461796,0
48.22989086311254,1316,-1.5971636944482135,-1.410588812603178,-0.46730627942230346,0
115.19365097019842,46097,-1.080695172458994,-1.1824597638760823,1.6003576092655565,0
701.5712180782306,134308,-1.5548481309503241,-1.7499587476615839,0.19106334713389775,0
24.002117213581514,6880,-2.1902151146133058,-0.22532768337460934,-0.19553256128282714,0
24.020045618775747,144438,-0.5811597653152378,0.5232321450112586,-2.0289695544698367,0
6.270949765948384,56068,-2.708918731467315,-1.7920204881652373,-0.22265325129091273,0
8.92057950299342,148768,0.2992796793946054,-1.6567585530623832,-0.5963639920000097,0
239.0047909902437,113532,1.2207121452171483,0.10320073187535826,1.3848340857228674,0
442.25253109914007,15497,1.8240272374639972,-0.14332382145299594,-0.9396908563824204,1
718.7732889800418,43898,0.024697350301530228,-1.1952718434451701,0.6565011798409655,0
94.3340509352062,107942,0.8331755939315446,0.37768794317374244,1.7268806673592187,0
6.96839826120444,125462,0.6409606904160805,0.8255178452630175,-1.3511313527508018,0
273.54797534454,80225,1.1595875737502033,-0.055488361616667814,-1.1806439840305774,0
13.468065531029373,137867,0.4219266515193206,2.470503139000582,1.1054589809374165,0
339.83363352323414,76133,-0.34972710102515375,-1.3154298095150696,3.406966592139225,0
72.04478799389744,138659,0.032716033451925815,0.8094048635094525,1.0476505577281152,0
24.45923174328001,95352,0.6395629308544326,1.1376924363240357,-0.4207918925517974,0
23.439278201751254,125540,1.0273562795509374,-1.4918014805255528,0.19003876942064052,0
439.64403755106315,130856,1.613633212575429,0.07877734433679247,-0.4009863365544137,0
54.68912713664143,158153,-0.6976166871551978,-0.8932590963052941,1.2704074525589655,0
34.21962150107754,117441,0.5446478614058341,-0.206200294096544,0.847915387751626,0
26.552884349760678,14864,0.7330224635999503,1.4266993168560167,-1.0882358683804478,0
128.60064959285253,100475,-0.4797142829190883,0.958543619950304,0.6254054671500019,0
189.7113534817008,85107,1.5532230628760877,-0.5072935378585542,-0.015131830507282003,0
1022.3801888062582,108863,0.4696850850084916,1.072946118756458,-0.4423990236730576,0
19.19869431617863,112079,-0.3992624234568591,-0.6348019275232214,0.27765054589564,0
30.134041599059366,116814,-0.8036611238381277,1.0494384241552008,0.3393885423731105,0
187.50722315368654,119058,0.4160815193483018,-1.7971296736100821,2.2389868252357537,0
22.17669505361888,26352,0.5936912896062224,-0.2585402160712705,-0.9428404925602367,0
55.22083184527063,52483,0.12717622859571248,-0.434591709600364,-0.6559585942636638,0
90.78225531859115,20661,0.08811234740321029,2.2317494797684025,0.2137294855596803,0
240.08710017125892,10040,0.22861099270515756,-2.2738950307637524,1.1605713185496966,0
13.566469113500885,6716,-1.3831041287282322,-0.5231585216909762,-0.830280030649377,0
33.76492057866828,150061,0.4433770443175563,-2.5592722994112873,-0.3433828448706086,0
288.027329829317,149911,1.4632864308439144,0.6881967115905235,-0.6085923155224465,0
396.03147258100205,99458,-1.634766509800784,-0.320785836281613,0.42799064646840174,0
5.347125957838778,163597,0.38533284097205317,-1.5123995754754112,-0.7177681450175989,0
141.93399399383236,19584,0.6375633495936465,0.22697451290257398,1.4918397401848251,0
104.8106193925874,16265,1.7211612446841134,1.4645450971224003,1.156338169291444,0
426.0478489673053,114496,-0.3309217502479668,-1.2246215035199963,0.20729872859527762,0
23.686923698938145,13133,0.34282291411968263,-0.5085917450562457,-0.47190125916903475,0
64.79006270884041,52299,-2.083184672900698,-0.027745219056028635,1.0350846590517966,0
67.87010236319973,139337,0.41862146155408975,-0.4750031655201733,-0.4643704613242886,0
80.51114663373036,142751,2.2315413981827006,-1.5575053183444418,0.5715169227831229,0
352.5539613988218,6508,-0.07527675177615188,-0.2583205745939992,0.3647765427634133,0
90.71527589833632,69285,1.645106955518394,-0.7599558971047305,0.12484972765880047,0
163.44898775859244,126484,0.9615401838992422,1.7677937703111086,-1.6242936876630303,0
4.859454521387277,15231,2.0457206451589927,0.7237281497767438,-1.4337533989645816,0
74.94946592979431,123865,-0.5954503936706413,-0.7116801633793374,0.6937075300270125,0
0.9334024266105185,129282,-0.31401042114035466,-2.6325489794297723,-0.6109545216979398,0
10.933062794622856,69428,0.6446812252849542,-0.6236409595530638,0.9974370563116111,0
1082.5294094874737,79017,-0.21478815266405837,-0.21158180107593944,0.13686265351653784,0
14.56173932848871,106023,-0.1807683540087459,0.04964549433701703,0.6511696967461907,0
34.02516844417659,90404,0.7396687899282307,-0.543346932429734,0.8670506304034209,0
55.85585831852948,19507,0.8447479986365316,0.6962474079618862,-0.4169423782944263,0
31.93912878442205,92162,0.6379535831954491,0.12751308426249963,-0.14032185399955868,0
671.3578496910168,143735,0.09238465776835848,1.5046925496882793,0.692674798765476,0
69.1972739718412,36392,-1.0333864744971126,-0.8422967979436733,0.796954475034139,0
236.1924799921046,73916,0.16129899073622636,-1.0305367642587526,1.2288789610202477,0
42.292621144452795,46716,0.9483013104581817,-0.10398241355872409,-0.6517423712939019,0
753.2258487591869,110227,1.43878298974325,-0.1322633406696591,-1.8617130013263798,0
759.7665869427019,118208,-0.7980266400444779,0.7578339180985992,0.7452520844196503,0
17.689686667292275,3413,0.5204460259402768,-0.031661710938052236,0.15334732209533675,0
149.73402474475535,92783,1.6521185324905072,-0.45102054455424195,0.4109425316584925,0
238.089875487672,155304,0.3058979758773681,-1.8652930667376093,-1.1553587334391506,0
135.65088845605908,35919,0.28423066024335236,0.11321760847515483,0.8469878307607213,0
55.44267430424953,14620,0.6714624841228019,1.801797600833343,0.12571343099167492,0
16.0592430142144,138732,-1.2248761865388615,-1.9383448851776455,-1.0909116198376991,0
47.493064510729276,129189,-0.9115210651160411,1.0901311825446853,0.1827089287221841,0
243.61498157924396,22413,-0.7847245909880806,-0.7721753851868202,-0.6012244679461761,0
208.39405970183722,142163,-0.1963917398634077,-1.2295935966958265,-0.4876235360160786,0
83.24499665926149,9926,-0.30488537759685397,-0.36346332222809935,-1.5377451182005297,0
464.4983687624427,80263,1.5383801641789558,1.3722998632608299,1.8407788978222808,0
175.2816471842215,37874,1.9652387264669202,-1.4108257042608203,0.6242150745371516,0
164.88789943445258,132001,-0.6770410173246515,-1.9000537684647782,0.5252107238800092,0
5.714000772218099,80630,-1.3597707905884227,1.7410846489824359,-0.2521089856832958,0
96.89371143082461,158349,-0.42354974855248717,-0.48430382147423723,-0.7174857582317191,0
42.834723836598414,41206,-1.1242775620805694,0.7093186858388418,-0.02372853602153363,0
874.8419242872501,8436,-1.6227525153641111,0.2940776753023478,0.7197969509917325,0
72.72233814270909,92449,-1.2886117943651316,-0.6181353707468401,-1.606994066691723,0
47.93990732111282,125670,-0.1886936372530633,0.18142636985153732,-0.48283552731982626,0
32.78495396546594,80465,3.182581183612016,-2.028117579046626,0.763043564358992,1
18.821067152586632,9676,2.4490679156201804,0.7087360254646634,0.43417947723881184,0
85.85740594523625,90979,0.025164916359227175,1.3504651302875514,1.0212520895064685,0
54.641405524018886,147351,0.42559680969512487,-1.4925516260511884,0.045151563511182345,0
37.94453338217852,122452,1.821589738555941,0.8521757100344786,-0.45859104859552186,0
2.403321995846018,148865,-1.1827881692096933,-2.2585756728410074,-0.6329769297898151,0
169.42970977393247,77700,-0.016097648529774997,-0.3749411823056789,-0.8844996744465736,0
6.402209020291798,150651,0.6019464169295271,2.250447099711655,0.9387497493123897,0
17.370998191966414,46642,-0.45223891578097525,-0.26904109213882466,0.7590446166515521,0
40.848028455913905,47672,0.8135737864574804,-1.01706337401584,-0.19367572561289548,0
136.78422923297018,83562,0.3580072013498461,-0.10906126087491505,0.766950465616475,0
29.96863715946493,814,0.3032853373302271,-1.2463304059670341,1.735457447909471,0
31.319404330345076,126687,0.9394783196805842,1.3874825894792318,-0.6990349802838415,0
365.5771241007507,168501,1.0695436245027723,-0.9661718547935895,0.9553975102064903,0
29.82661745244175,104342,0.6127692046388709,0.33201547562736966,1.7103719401274242,0
232.8594302873665,87983,1.2478498255633292,-0.8729778119009922,0.11402218900131178,0
28.377751825396313,65526,1.1595884119065216,-2.0287734806567213,1.0220374066515177,0
180.86520080327668,14075,2.4503946513430543,-0.7257478976529618,2.46959916064203,0
5.68122027996518,58812,0.014448510471436525,0.36667856116522274,1.6436802133030335,0
21.65979740127708,158563,-0.7973829658007962,-0.986373064066874,0.0792225495977896,0
469.40432817484725,145299,1.0969188633264015,1.5089229218506013,1.4985036703355201,0
43.067525026666424,13898,-0.28442122849818324,1.8784969427445477,-0.2976846497154826,0
107.01335575062141,143064,1.2076946630587497,-0.011858559642118214,1.410472809130498,0
18.63683068856874,150018,1.145138793620875,0.14061200229762114,-0.06094763462964623,0
648.2142934721717,117101,1.721511165662398,-2.083418636129803,-0.06777959809319758,0
98.65986362847869,49949,0.3406136636314475,0.1185006427701865,0.8591225016249567,0
60.44644527061391,6855,-0.8099409435768208,-0.061361271676416196,0.8810254148074643,0
567.0136028155903,38918,-1.0469706353001325,1.0235677324982146,1.1241466408614211,0
37.59846821956635,17230,-0.06498204514711925,-0.4269818092104495,0.9219291503557765,0
14.939576692684602,163704,-0.800962950216049,1.6659663234305249,1.5089250556125007,0
29.481960507208047,68309,1.1600055013328892,-0.2863215374342692,-0.16675665656579805,0
2831.5317461128184,40264,-0.7812822942292265,-1.0386767842228484,0.44120573702731475,0
9.312314634204723,84671,-1.5036196075062607,-0.7930838719119251,-0.03757605158857811,0
18.04582533244922,17910,-1.210205402353063,-1.8780350317722627,-0.6070361989901506,0
24.991785057130368,36479,1.2005310975099255,1.4404430850271628,-1.7102016747327664,0
349.4919876624928,128424,-0.43269191316452543,-0.5315259851576989,-2.2099773785361934,0
1.1694101914210742,136504,1.8471429951961078,-2.4198865454440255,0.9023799484774215,0
17.123562441382443,119567,0.7851313157450716,0.9986662990492666,0.43974818880279687,0
638.3487570356252,58413,-0.9879887207391742,-0.556190274817471,2.153628609455285,0
957.3077912598454,94633,-1.0928507688753866,0.6287170278110208,-0.9919493606868489,0
33.21400257686395,111201,0.24392866234815738,-0.70379325759999,0.9205474635375207,0
72.37874396554824,9775,-0.21504339461244332,-1.4418277125631194,-1.453872920778656,0
0.7346263180116185,158554,-3.1407735599866893,1.283164572781286,-0.029060896167199715,0
50.96335050723277,29030,1.2982888034262872,0.4740887928450927,0.1303150203135618,0
19.310368957101772,78578,-2.0859207078678135,0.3371734040347261,-0.7144676532528356,0
151.78291898920844,145024,1.7681436184411299,0.014260193540727691,-1.3498886053824295,0
32.65404079060239,170799,-0.40980655460192256,0.40079766996256205,-0.7566680887235365,0
12.848066172898996,101345,0.9124661401841356,0.3465934324196583,0.44568811301155997,0
9.51628914606107,27039,1.6028336076612828,0.19956693507050874,0.8212319843676257,0
22.856026521305118,166170,0.6259589382482353,0.08706554988170981,0.42059128936062146,0
22.15245961899462,56977,-0.8142524560805686,-0.11710496384094332,2.0432728015948864,0
8.320800960634818,71997,0.5963440007937413,0.15358582441790666,-1.3687130247491992,0
34.3962853219449,110078,0.16575261185236814,0.30855115640403896,-1.8311073451260773,0
271.12202615300384,84752,-0.13089991462065964,-1.2381118435466891,1.2895323682487954,0
16.258453515564348,34890,0.4769711044865132,1.4246759457842402,-1.5195634102760465,0
26.29324137852112,85550,-1.4764288614680332,-0.9897190129539104,-2.631733264921804,0
38.53587963194655,83394,1.9108109752500193,0.9382163398190947,-0.5954343282162324,0
22.452660470358595,80331,-0.8063846437407116,0.6829276630891906,0.8050547054306442,0
165.70158604248084,90236,-0.7763267731016916,2.287818533052634,1.804667879158233,0
41.39552721547164,3608,-0.2893750054618857,-0.4066161438349264,1.416875798555826,0
145.25568106126494,35423,0.40790788007396883,1.7308289499427845,0.5345440867906157,0
90.78465474452976,41682,-0.024936116894294532,0.1747966446623997,-0.19053673670021964,0
73.10605410760496,61852,-0.07921955383571452,0.1251861790120142,-1.1816703175667822,0
56.458669600848765,5156,-0.2352063884535507,0.38985643642350926,-0.9159361004102601,0
25.92486111137027,106602,1.2025089970562104,-0.1045230503663373,0.4760627674610587,0
151.75252151705706,66778,0.636395166671675,-1.623821226655129,0.4110025306407637,0
76.54547609540987,43525,-0.5268011654427863,0.2945869487707955,0.6986276960006685,0
333.1949090032483,84675,0.30244710414739756,-2.0257606809253295,1.1639852977516034,0
31.507936593580247,58951,0.9518087853436357,0.6041480073323446,0.4739273677299581,0
10.514133759280883,78405,0.06539375388766261,-0.43093706573148427,0.007421581586677373,0
38.13339011370435,151805,-1.258742757124252,-0.09235661143262142,0.5383472751851305,0
188.31658766688093,19984,0.6715049425061154,0.5485240609467514,-1.0109552205770242,0
72.25128748646351,113251,0.8868035811164898,0.44336485902615563,-0.024586738329379437,0
211.88132541220654,126170,0.3712422091816074,0.3257454680707838,0.8121931426137908,0
104.00378874299136,41559,0.3996792123555951,1.7491848493948563,0.8846818171284351,0
38.61730295959705,91724,-0.4244622962754732,-0.42020999549460325,-0.3943647778997396,0
93.96021106306216,132970,-0.5593276521121793,0.23891374905678245,-0.09276904995083685,0
57.82128684767343,166872,-0.24263756545234957,0.5960758733553173,0.8307035515307408,0
8.799148315665828,154042,-1.842382028466416,0.2076119943089284,-0.11744201426650575,0
116.33009309285613,112882,1.0803083482060774,1.6414890521563965,-0.8753723000993999,0
301.9385614532659,63627,0.5369370928369298,-0.13401734701443843,-0.5341213392722316,0
12.039562838981643,97083,-0.017162460705810907,-0.16227687455887166,-1.6210167053645468,0
89.88746507038628,142305,-0.6554021719405634,0.7395835096127911,-2.29814805429934,0
15.493448183565988,169870,-0.8607473232014942,-1.4243000854697987,1.1003802285652455,0
22.186677840882663,42634,-2.1609045911836042,0.12543631567634483,0.8743547663823491,0
54.103216169515484,169417,-0.4214829596905875,0.9483370697065443,0.24973276988618043,0
142.1775533392417,152542,0.18664002044497657,0.5288933700454637,-0.23731916731374467,0
96.15396795512218,147847,-0.33080770497722684,0.5108823451910045,0.7962564447596684,0
16.446114355987582,162491,-0.5663535146982874,0.025465940167376914,0.8164610474084826,0
637.4906424444948,112000,0.936354152450869,0.2500553538598036,-0.15557328826050415,0
73.08158737741051,160308,-0.31525036312285104,0.6891724519012341,-0.7112710383505854,0
4462.6000834116385,75516,1.993576926172819,-1.9619937401761076,-1.4149221093835616,0
46.32053086945262,78206,1.6821607462836679,-0.3577103501254465,-0.7924322874424974,0
138.7061733225368,162680,-0.5160645184141684,-0.5470756036614064,0.8676092572377708,0
6.827906330514946,168482,0.3581289195571451,-1.834073900866265,-0.23039286474223528,0
283.85826201338114,63372,-0.013719375245264606,-0.45316877182433973,-1.5078962410805614,0
3.8165134701308983,129342,-1.207781949695877,0.8951274039867902,0.8025935012454762,0
17.27013407632673,91826,0.8670715831467409,-0.5311085678715791,-2.3680539260609224,0
40.60910772041776,51645,-0.27461397802995385,0.8062968084783597,-0.6663466021304293,0
38.120306416705496,25247,-0.24438523649593294,-0.2452168991897951,-0.08032578591763843,0
118.4174459776591,115999,0.08698715123967682,0.6691961547216024,-0.7598631590060025,0
970.5952089780305,157726,-0.15600438636664277,-0.4047829526337389,-0.19744965269120898,0
96.45804012313998,110884,0.19259317105993184,-0.02099693959530331,-0.42004745182027403,0
492.58330168313177,7025,-0.6594459501506414,-1.0485552099974098,-1.1772199545506061,0
22.02692671605025,56995,-0.5377655576877408,-0.6822368677687278,-1.6692962368205166,0
21.874589000550895,162249,0.5909538270548881,1.4158342082009305,-0.10622144001955348,0
35.63837567229533,13346,-0.8684529695268302,0.009254109900178149,1.5612929992206968,0
85.8679001947951,101980,-0.17619488628385432,-1.1653124069026612,-0.7027207017491862,0
76.00598905378598,84269,0.14267885942707248,0.21252801503078167,-0.9229812825231893,0
537.4177750636077,67393,0.2749944807089782,0.8479562157525579,-0.9617239119073794,0
590.5775188334267,45474,0.8780799511031713,-1.482925423381515,-2.4692805135664795,0
65.77655889850736,126766,0.41493591017399,0.428856216043201,-0.6018391647672574,0
13.113390785285041,122722,0.8141702653039851,0.027922698451566228,1.4584674094294123,0
3.702907530877549,15120,1.4097671413745698,-0.9981611820498985,1.2999793436004463,0
21.220390398823856,96342,-0.24853547315560065,-1.2381616922509657,0.397108818839503,0
104.40995613077598,157720,0.5893165148959065,-0.30622280816126346,0.8882157118487286,0
6.009312756085756,162632,-0.3997727805267462,0.2273179473338594,-1.628181426951579,0
155.76983913370432,80868,-0.04166768656292565,1.2415073729969668,-0.8137066111955742,0
4.332849648770941,530,-1.1105593834460237,0.09634386562412338,-1.0536279138455655,0
432.73997639918065,133578,0.6057741076717745,0.16131807394095643,0.6921082975181354,0
36.78309224322706,77492,0.2817792082364224,0.46867161872870977,-1.6394473498621494,0
56.35320535185831,90470,0.16298682101206916,-0.533801360758249,1.6866218665333548,0
27.43130096753197,47401,1.4359015520477225,-1.351604677846134,-1.9710969080997647,0
3427.1697657628765,111364,-0.37132111139101287,1.2040871538033526,-1.344477539981869,0
19.427152212700275,83748,0.7327089708964523,0.5837145210878805,-0.46295449179117687,0
14.179542894226898,145450,-0.9373126019001644,-0.9905299336600389,0.3091264476948695,0
2.1340982039606957,129613,0.549736187386942,0.4884097470208526,-0.46500834182792017,0
146.03570765645284,32800,1.886809731749378,1.0400630259475743,-1.8608264035403042,0
136.22243045888524,126682,1.150125354806254,1.6763374646988598,-0.5310922081396444,0
186.20244336866125,102614,-1.8490639957246688,-0.07583802016472518,-2.3837881200084228,0
132.79285379393573,16494,-0.43549668709222433,2.220391983426031,0.4571529333348208,0
25.819462764705612,134590,3.268702984042093,-0.8873252333629171,0.019180263221008863,0
36.47645427844672,31653,-1.019781001219442,0.36044647439281186,2.6506222533130614,0
14.378418333996189,59790,-0.22767014800089477,0.7297491091018217,-0.49234758096064096,0
38.99843603593427,132673,-0.3939713183513738,1.1523924429489791,0.07742089743205005,0
116.4522035040895,82446,0.6910204703232081,0.9356412912654548,-0.07894791502511313,0
62.210557532353675,105148,0.848211439672232,-0.46996127360860496,1.6629435583903502,0
961.0324771677862,138300,1.2665040143096213,-0.47957003577493507,1.2282006274047264,0
73.15185427184002,43558,2.060791066432528,-0.5991559203391709,0.3312451235327338,0
71.55327812064873,29493,0.8672328732470054,-1.9930247168521134,-2.1678522265635225,0
7.2090731753670605,120162,0.7666180826691519,-0.12108165467747539,-1.5651447444498519,0
137.5045111121358,25437,0.9536069175375231,0.09377416661612285,-0.5302988096024271,0
206.2907915511587,8301,1.1609521024840483,-0.49392094453238616,-0.1615654306254441,0
32.99420940156061,11325,0.3100728667188213,0.8195939098045747,0.30590793314027587,0
57.09372682587177,113398,-0.930849896324706,0.5989922792426299,0.30358559681230846,0
468.928550845036,34782,-0.15260983243853962,-0.7674210083617602,2.278314099690784,0
11.063705650748592,34723,-0.285680224111015,-1.1492448485792917,-0.36528176494057696,0
38.217343995261906,83583,2.2162106305213207,0.2856860961895209,-0.33699598521419727,0
24.362186747366078,147712,1.077679720501177,0.4675951032977322,-0.5160098367138068,0
2.0814159383531052,82049,0.7760730817249132,-0.12635334607372428,1.0137065293466807,0
89.70785673300958,110559,-0.27914475245822307,-0.023976376145776686,-0.07360963225130754,0
23.385399887072076,53866,0.875069941336684,-0.7673207967033013,-2.7588091498117713,0
136.9886830568581,44933,-0.44093272431824787,-0.24471604494023524,0.5722785094120271,0
9.099464724879546,154921,0.018615463508497566,1.6127015240419966,0.6365512327601801,0
42.943627622953166,140586,-0.11706667750041706,0.7146178625376323,2.413905309816721,0
30.492464653511067,64277,-0.9714998434720468,-0.9886584985510113,1.6470660740709406,0
32.993908419046704,84054,-0.2107078477391596,0.44005351080385263,-0.3638271951925033,0
280.60982488238517,116801,-1.2782423025791885,0.26847690512659955,0.35084711110579175,0
49.767078952002024,76949,0.08892533051357349,-1.0606376124064876,-1.4855915092070657,0
162.51202244957273,115137,1.449989384984865,-0.5481271036788375,-0.07045527968854995,0
16.709747661073656,112894,-1.6881995281787003,-0.6940595983222845,-0.24241719750636556,0
34.699633312229395,158996,-1.0490761747878792,1.1427723599937778,-0.018732213755659796,0
27.138279182902075,11584,-0.07237193737235113,-0.2130215301133008,0.3075058151616128,0
8.834964439609529,119558,0.8105786903209016,0.43241877964259134,-0.13083963957798894,0
55.17967825480745,9182,0.6366981369267375,0.5805309992088377,0.37887074035493984,0
421.510327562203,9940,-0.5068026510230115,0.9927390145016843,1.1845053835289907,0
18.170091169557413,83872,-0.30972973296725786,-1.1432436242349826,-0.057925757193870574,0
11.827851186321173,165822,0.5941950787958651,-1.3678427779337508,-0.39485806547385593,0
13.053951317704234,134395,0.8014732443814041,-0.4492217499845395,0.652318677577792,0
2.996826286341522,101272,-0.290976007012481,-1.4698316891792829,0.16487505426416987,0
13.634608137415496,162211,0.5096937839462049,0.56564392949714,-1.2078973040827847,0
35.600461969209576,156865,1.5342450529222726,1.3208577248272948,0.4570451583243097,0
21.776185496691287,48110,-2.0402294990853953,-0.41158843696992775,0.536919953322549,0
898.9190682647198,65896,-1.3776495218931497,1.5893505659438683,0.5371183997666645,0
38.83574122963132,23461,-0.0004717054149317845,-2.892732480904707,0.8609877294139288,0
5.283418703629346,160360,-2.434624369411081,-1.8528089223042457,1.2629486090237592,0
115.23775591320887,123714,0.10260598237770323,0.08667179337500897,0.9560315751720184,0
13.548766219049517,93196,-0.11929161045290924,-0.10931079215698467,0.8558888752351994,0
100.4774225818043,8348,-0.19657521421233862,-1.9405632372434973,0.0029567025666774618,0
22.07051497616714,74884,-2.0574363578515715,-0.8621304842339649,-0.7046232435036327,0
280.8183470774156,6829,1.2359953949866982,0.6704440127575602,-1.2499888569589406,0
98.27238496320648,103533,1.5309251460501694,1.303615131087674,-1.6185493783798133,0
947.5098264671055,84811,2.182024548474946,-0.742472199878613,2.208453850520792,0
21.24464597401869,52540,1.4308784525230962,-0.8331932932939624,1.3214580200142978,0
536.3880819470907,68056,0.7555095749795006,-1.3132256766478458,-0.7952967732377261,0
75.84755658480536,80459,1.6584973401983896,0.016868862642892418,-0.9103994390521519,0
49.835407232163234,48429,0.4384513916696933,0.06224203198683046,0.07682240177488804,0
187.5459045778793,83737,-0.3523655109267723,0.23974758820692652,1.0777293326059243,0
53.33833837503811,152721,-1.026782462598328,0.40525324880941693,-1.2017054120728163,0
301.1235183778383,77839,1.6693461848552462,-2.573390508994205,0.06553492857889975,1
13.112551815927818,94547,0.6668707230375281,1.8307381894836516,1.7003127292666953,0
137.97917126385312,17762,0.2911715596160009,1.599620785679405,0.9767903736293072,0
15.505355788619934,127157,-1.0353218517000293,-0.7438106586337472,1.1811414778712896,0
236.21912821068588,40023,-0.2873675552218645,1.507832102373274,0.19829474096439592,0
292.7626952835863,88116,1.7499039722916574,-0.35814732711984126,0.9407772083205516,0
51.98057518593131,160850,0.38148699015984416,-0.9448599336904923,0.8740528099520053,0
27.337117713574468,113369,-0.21075399027435418,-0.059535285495395704,0.8934172660476509,0
47.0833134151124,85398,-1.7663039054399212,-2.3574589142489057,-0.5656571311246726,0
300.1514143899608,84614,-0.6729158473572311,-0.7236041826578,0.348472702486986,0
10.021115461754567,132216,-0.486454129777873,0.3535366472499821,0.31423857667185257,0
264.00857772773514,869,0.8025021246580216,1.7855749050842564,-0.4234961972335274,0
37.17849011232709,19215,-0.6139004625096622,-0.8683579732847181,-1.2246257159513092,0
265.5839383598501,60598,-1.346399690156624,0.8018096538861105,-0.24149614837160763,0
33.27694159188952,66876,-0.9840270467258534,0.3102536139270847,0.5536447525168684,0
73.77707462675299,67967,-0.20765396194799152,1.095886973603947,0.5089328478539178,0
160.57369555651013,52900,0.8778665535436965,2.261112397738662,-0.41443317347108527,0
15.386860704429903,138156,-0.989654214759941,-0.669654404858833,1.114301213922793,0
6.460357380238634,145995,0.5185243239489569,-0.5079750774545259,1.2062014302009192,0
639.650443577847,35169,-0.9289117364135091,-0.048464254389198866,1.1178910287689288,0
11.507660770183394,116209,-0.782590049425872,0.23458541317617437,-0.38331833106664853,0
75.42167934713173,104820,-1.8285505732695448,-1.5376474352509155,0.20170001477830274,0
139.55327115825338,33645,-1.0979516003233716,1.0409208016712397,-0.08570349763059346,0
478.6446906978241,108853,0.8575995345098767,-0.9923747621960303,0.961294418781998,0
1134.4297104116793,55210,-0.3211037903770391,-0.5294753669727126,-0.1637317308976252,0
30.63152185451926,63410,1.1964131893104615,-0.7441423045316258,-0.38101346396759606,0
680.0992110473449,28063,-2.244537834782893,-0.780224535577228,-0.8406725159983296,0
14.253014661189315,140401,-0.5408696054017197,-0.6921553068905646,-0.7194635803914433,0
1179.755374884558,33556,1.3427582352803111,-1.497403422585188,0.403449780502058,0
65.99436564186433,81122,-1.5265358466447474,-0.04417473900002391,-0.1032713524334515,0
39.07416387400169,3846,-0.263353874955315,-1.6867291006651366,-0.5249504823167149,0
436.82126021266595,117118,1.6858592313369318,-0.09837820924500926,-2.4061807839083404,0
80.89080943794222,23430,-0.0292822561480185,-0.29656740063735504,-0.34812584909141053,0
17.579820386796705,60188,1.345980104930535,2.289884963417001,0.8636723168916292,0
216.98045360526623,9028,0.3645897485006355,0.8209724598634351,-1.423865643944305,0
234.03584857968852,53821,-1.3494223078149694,2.167640829598983,0.1954048718940927,0
588.0085935869298,65355,-1.6714205066734615,0.3866184806953968,0.8089712876139268,0
30.594823741375208,151832,-0.4391157009896502,0.4421953501775453,-0.813533100506789,0
11.216276112636162,56739,0.4927755543675142,-1.9978078099081962,0.3703541239260253,0
2.1014821738839187,61265,1.915224504684222,0.691753501383147,0.4611168963163266,0
314.0511335980214,123239,0.33672748409788605,1.0970812665783527,-0.5927525334161048,0
54.54014893354064,48167,0.9122781969762175,0.9786275935851274,1.7108116024999764,0
18.230903466367423,157450,-0.17397941127612343,-1.011778375407336,-0.7035367558757918,0
121.48745140736412,1767,0.28805630558642614,-2.1491119596614787,1.35065569352329,0
39.048553057389775,45013,0.9395598629228187,0.9613042302745716,0.19947130212017933,0
116.80786532089427,60403,1.795775776609906,-1.334980034611289,-0.2932018888426347,0
121.08145403334073,143573,-0.35431389674725483,0.04819300170317608,-0.5023256917812615,0
267.71007254752004,155763,-0.3361874094461426,1.664682947633839,-0.08420087465285765,0
79.96837667409973,44608,1.0126611287001142,0.8752428434669424,1.0651000004624946,0
12.712413311969984,141967,0.17946281863394767,-0.005415711701432743,0.7384151078781547,0
166.19188558158473,156647,-0.18478076568548077,0.24597106865179896,1.9331680999359127,0
39.48804104216663,7430,1.0827667124141112,-0.9059068317991223,0.5532312562471264,0
54.746052165720315,76629,0.4540877083637377,0.6257754448623366,0.049208831177310265,0
86.56964905348298,103733,0.37390798546464543,-3.6076654603492138,-0.36067716272140093,0
47.766279498614416,104691,-0.3699208986161645,-0.41351283163860486,-0.1772649371314885,0
56.096357330611305,26951,0.4463434124687629,0.402368168440056,0.2696640554943082,0
332.22971946760333,139221,-1.8860917478630723,1.4624469175707644,-0.15218685608039587,0
68.51900103036466,24502,1.1400412867499294,-0.8431658883552363,0.9324623234703374,0
247.46534073181715,5177,-0.9716130244585468,0.750199721250246,-0.9899215149852744,0
500.39692784599214,40000,-0.9967293108524478,1.0427269614103967,-2.0467933907665965,0
216.519728047769,104919,-0.2824862375735208,-1.7920463870190613,2.3376867670381567,0
52.57375152245096,171396,-0.14184918124516585,0.16397563198013274,-0.5144272173380364,0
16.488957022202,139280,1.250494731446685,0.8282425764816868,-1.0269370752544664,0
211.15512347553494,171589,0.8911286396826498,0.7216425122847941,-0.8538260390575293,0
71.2806683414843,156118,1.4080416167044494,0.07032226123183287,-0.6121363418331192,0
102.62170361018721,71035,1.235890309899062,-0.9825556928291024,0.8924244454486935,0
83.17564750581083,101150,0.8964609201702426,0.8937749847676685,-0.41729945123712076,0
102.80984648404782,91150,-0.5424135706101073,0.09282685504655032,0.16982296827137475,0
139.9673871218428,75589,-1.0880655671209334,-2.3434913419213017,-0.6124500120383435,0
63.148806393716654,167713,0.35133057442760135,0.13016342548495027,-1.9226581194621444,0
711.633278340693,130522,-0.5145985429315793,0.025584763305460407,-0.5664547809350652,0
4.8363960175470675,138078,0.7220573893687386,-2.319914658896835,-0.2289199761082143,0
60.1361575428602,77354,-2.2215437638570283,1.6682558223664143,0.12712807132233164,0
65.70793626773495,95155,0.4584181955150139,0.02153675950544913,-0.9584139282355454,0
167.23171221783696,76944,-1.4103695772416978,-0.9957625696706384,-0.38503797674959694,0
12.592378458196816,32337,0.353820297511314,-1.4439277363813432,0.4954041047264733,0
118.2666099778464,108763,-0.014700518631654613,0.804061669076015,-0.33681255767596224,0
39.24521017869008,8164,0.4153721629144644,0.2108853178470432,1.049861458956441,0
90.75261094006825,88366,1.0668786006038269,0.04841211380833892,-0.8148393512391574,0
10.812476747667459,97119,1.362381662198637,-0.45291027786798177,0.457752555763635,0
64.95773845612337,103376,-0.4142370201834556,-1.6015077746241841,1.0251526720462534,0
42.7745991089368,67583,0.20908994432844194,-2.016015881213384,0.27213189707944646,0
21.31392815153916,88970,-1.0981730841565653,-0.8367787700429244,0.946403850263182,0
23.608745822779074,80262,0.616449697472372,1.5916737955568359,0.9911533729714795,0
152.16824249870885,120398,-0.17524213644486517,-0.9441093823442132,-0.8825690169884275,0
23.489856886852696,29778,0.9655099200936897,1.3137808064515517,-0.0758049872702663,0
72.02049906991707,67975,1.711994414812759,0.7227475658464318,-1.5439272293720194,0
289.7540797855136,131235,-0.4165796507360777,-2.332671192714898,1.3667665002683302,0
25.656232352944585,63094,-1.1734284392760543,-0.6239975519362333,-1.4033626533923347,0
1696.6548545308303,157387,0.16700477422757068,-0.05825824163783696,-0.49290613355067764,0
968.6358317629685,155561,-1.3525224577414834,-0.6066762847475181,-2.998000359181418,0
6.155943835297906,9533,0.3063504683134838,0.04539188502418573,-1.8214042192292683,0
43.09381680222466,76788,0.9520023763103763,-0.9808529265348005,0.36242894055457253,0
50.291318083366676,9574,-0.44906125002307845,0.35317716408906336,1.2090146220230684,0
30.841305963245805,92674,-0.21199369851404903,-0.5022480947900311,-0.919786426884148,0
23.494067914928817,96047,-0.5213256785818927,0.6738896735930777,-0.41192482587955875,0
56.71749011554358,148202,-0.8871282227947399,1.3518121680887003,-0.6087237457647419,0
75.69434914382536,94440,0.44522950508742876,0.8101684690609612,-0.6609009495620751,0
455.1624883428899,44183,1.0282521685857524,-1.9217542435618251,-0.38314083202339966,0
216.4749657254303,51884,-1.2776120180371577,-0.062013092528290535,0.5917311129675634,0
9.769455507942146,34798,-1.060389817384788,0.5691425799570965,0.09205635737272848,0
60.14503884452981,16291,0.3204271899424053,0.6756672123765034,-0.48414628706320556,0
170.4416287406776,171448,0.27283556084407146,0.3217648119140951,-2.006974616006639,0
41.654627936265626,59090,-0.13752489035128826,2.2112631562259435,0.05038522876144614,0
9.088949678568142,123765,0.9845415159449397,-0.8367830567092024,-0.7840680203050238,0
40.30564927683434,161106,-0.7491290427192506,-0.41182461127685505,-0.9374266830223837,0
80.67935819886651,32209,-0.719622551185968,-0.5615954454569035,0.6586405945845116,0
26.74391134043996,112885,-0.06582225190733994,-0.025284573373309444,-0.1758910714593263,0
26.76009102210473,166449,-1.6991910983024825,0.08321664259939004,0.37908885684178717,0
89.88807185268297,6406,0.5837075489797872,1.4458497840783782,-0.8071878519417138,0
7.9136734082825,1316,2.8561901874960287,0.22547862632430202,2.7233939190259426,0
48.72502819126215,60659,0.2211822434859975,-1.1006540871988264,0.021410595961915854,0
44.23810942012047,130768,0.6611220542681432,-0.25921324830695935,0.8371707418329609,0
193.20867930001813,29948,-0.27753337617499496,-0.44229274598595875,-0.32126064953917166,0
21.79650474773694,30086,-0.7897539067477499,1.760321061081902,-0.9208275527179929,0
910.7389098057166,93280,0.3329724670816286,-0.4147560708438251,1.5609772914911957,0
59.71228755247023,166655,-0.15369510384957796,-2.062833187028168,-0.91061908778818,0
99.36845248971593,60482,-0.07586581998480449,1.08235628327615,-2.7377916376110782,0
93.72257189733091,160480,0.29479583067131454,0.250263951803002,1.10714764251008,0
23.2087392214124,156077,1.030058711176267,1.1863452046285063,0.30785220002912017,0
917.5761778952685,150250,0.5391944816425036,1.3556651375840492,1.0183397489281556,0
47.840049003207525,11780,-0.05776470935555866,2.200332046134813,-0.3539463547761068,0
310.75185662975906,55329,-1.6221655692081127,-1.4070606538734796,0.41853935098927886,0
155.16425928559877,61711,-0.3888372088998196,-0.060637414995021434,0.43231784846392096,0
46.20193714727175,22635,-0.17987488766926413,0.18701554382231428,1.1275935613443009,0
35.77763890664042,92203,-0.15666313498454684,-1.148411663041408,1.2452834595995503,0
41.482609591320085,132044,-0.3289752471487366,0.2149376528146498,0.9723065629368962,0
134.53308089284607,68835,0.5967424522777313,-0.11757206203962213,-0.05857726260335452,0
3.906675220463691,99093,0.759254025086258,-1.5331792347332132,0.10536653973510687,0
5.943017579802348,154805,1.142035929103062,-0.2766278434167211,0.7138521603470729,0
17.135406473392976,5136,0.8222484242869706,1.0858444445030226,-1.889187514377058,0
18.02849843921585,162304,-0.5898097683382819,-1.0395730038059277,-0.5161242817891586,0
73.14418562187176,69222,0.8678591981937159,-0.11396637845502632,0.23804381527378096,0
32.95592672997543,154672,0.5497500952228328,0.6893601555956839,-1.0630435675925014,0
37.02962986921547,90938,2.5456251957790337,0.23815189385730318,0.7471796136931508,0
378.4056208733341,144763,-1.2270024640445456,2.037106198785926,0.5289895451659505,0
38.98006162450709,62495,-0.1324491871898536,-0.6049669705962281,-0.19215902912699004,0
1338.8282391339276,73851,-0.41981289110946773,1.2455849926057558,3.776243851278679,0
34.77812020600353,25839,1.345339093330613,0.11384782468381792,0.02661277891958469,0
61.945337645203324,71038,0.45259612582547115,-0.7949116714927851,1.5335704830888164,0
47.38529404449441,94208,0.5562955736996468,1.3623875187624919,-0.6498926734341617,0
12.080564680223913,110623,0.8189872752630003,0.9229324981911912,0.775562235518807,0
41.16580752608894,159832,1.2375007025379259,-0.00034930685964678975,0.36267038285061015,0
10.858859697834488,77185,1.3615913903270374,-1.0659555234144775,-0.5002081708506774,0
26.431970748469208,52158,0.04606847102087749,-0.09734075896429631,1.0851280141077448,0
163.66916501241954,150765,0.5726800594006936,-0.2843285574885326,1.6025416779227408,0
18.849164014633864,97753,0.348705346927373,-0.9824198708671096,0.7892690710583152,0
44.456697852713326,120779,-1.3200533873601876,0.5996043371292513,-1.981290602786919,0
3.2543252221224033,141035,-0.16649054560967674,1.1491258914699671,1.6305848934169247,0
67.78766752046504,91471,1.3845425698509561,0.8791414932565969,-0.43792363367137643,0
6.384271240697898,144372,-1.7664810441524614,0.2936659369395325,0.660964312191269,0
179.42611943819867,155743,0.20800089319557843,-0.982820722318488,-1.768774798874577,0
5.557896130309964,162650,-0.4123932388810284,-1.2859280267586164,-0.17084413641102153,0
352.2144911895994,119392,-1.5050073595819247,1.6384743871787786,-0.24540397117933488,0
233.9863133878957,42680,-1.5963853382358566,0.19691113276794978,-0.7850840387620162,0
209.86902747837476,24732,-0.49359840421318785,-0.7720480319632711,-0.14948330889466976,0
190.5664338074237,26825,0.9339737086623625,1.4592830454121983,-0.06086933207274585,0
75.79171304858649,53158,-0.06909413391757051,-0.05141112165936938,-0.48536964274300626,0
1.2979476042048905,165189,-0.1522872155329039,0.8396791008988123,-0.21850164522249896,0
63.12597781777964,44802,1.0476976515400036,-0.42553287210987095,-0.27044211858065487,0
129.7498382935466,27188,-1.9950689094186973,0.42728111975353655,-0.8147680888995248,0
374.5499941519449,3879,0.23536129605215936,0.24735225365845928,1.0865886101053461,0
17.301942078638138,103427,-1.6856367185159162,-0.8463337347556606,-1.6036429315108336,0
13.321797790659872,100877,-0.29971175462368677,1.4378259403657012,0.923529128406272,0
9.38572586868498,2703,-0.19787449797868858,-0.06725775713877896,0.5484709207624813,0
15.619426558950313,48865,0.6856162422128526,0.49709261551529754,-0.06483441955459501,0
407.7587371704303,14388,1.2559707377468838,0.011102900719175237,0.2486003508974187,0
1459.173563128865,119528,0.07936739462251802,0.049624831361010174,0.9587225784638226,0
72.99455629389581,97379,-1.014711404594256,0.2660408288737387,1.2490210279652099,0
73.55401353248077,171003,-0.0008053586669072449,0.036561883497095854,-1.0624729024342483,0
317.249000596013,39673,0.7474263200640439,0.2521227737809965,0.7007054379402127,0
31.130833965849742,31460,-0.21933465166753244,-0.00035536477503642826,1.1745343477422152,0
7.52075340842145,49699,0.5075297970465288,0.14004385615675588,0.3535767404842864,0
187.32662604658913,40151,1.2309151282545694,-0.09830012001621964,0.8650940436365399,0
283.07986537368356,143992,-1.191372370372549,0.27261018313068275,0.5504839124219517,0
1.5273585673155887,96458,-0.5334717451890099,-0.9254449178285471,-1.09718516558626,0
9.254521389827513,121657,0.4435864422649429,-0.1295589617583199,-0.9699864042969251,0
252.717708517017,118414,-0.29444828245302873,0.03776749203988747,-0.44574262302496986,0
70.08633988036549,78342,0.2157782729667862,0.5015760099855304,1.0438236973534492,0
56.547320691993576,139322,1.5352551493861117,1.4489951337694722,0.4216110226228636,0
71.74709519433371,72053,0.24927466055706565,-0.2349082030608113,-0.8197746609152436,0
11.953610155734657,126765,-0.07920726785026967,0.75048785135299,-0.4442399581864177,0
15.794779419408163,140504,-0.6052101814642414,-0.22957481549257916,0.6901239347069579,0
16.63017626473398,147218,-1.2523207956317581,1.6458228486433821,-0.4017644298419464,0
136.43913502434634,123546,-0.05715057866706893,-0.4036399014330134,-1.041984396544702,0
759.302013098065,167415,-0.5893392580883288,-0.3995839954848521,0.4409823767084489,0
1.4393347246397492,87404,-0.3927986858967947,-0.0724978897600651,0.7532435631749176,0
27.119605897342524,36640,-1.1912208460105278,-0.6626509277403811,0.7268669858583299,0
1.8698371073415807,98474,-0.5440855897536948,1.0039407969836445,0.15442268286833924,0
9.17566499834294,112529,0.429775834085381,-1.5354197189085868,0.37723253517099514,0
64.7093442799041,74710,-1.1941166900196596,-1.782953653448836,1.2787617452280413,0
4.946320823722679,80442,0.39775914421247055,0.33251583966822656,1.4912079977224033,0
49.849515603434014,47646,-0.3518629008953549,1.182734416142765,-0.7798474932783765,0
48.73286118512026,77751,-0.42156073865113475,0.3304015861032041,1.2320989804623517,0
706.9745827055773,29048,-0.7070395012429778,-0.8711101483673822,0.6473300040683142,0
53.51933802121217,3784,0.20749687144624107,-0.2720705758136797,-0.5575618844945075,0
98.26874369776688,150338,-0.2092718358647221,0.1275515255782836,1.218332107974433,0
243.11647063969403,118802,-1.4928368618038836,0.5836091614755284,-0.6870093604189937,0
430.85491304118074,58084,0.1356032283885074,1.2426094310223073,-2.068134291968148,0
626.1851548657074,81761,-0.9681354736199527,-1.427486075425343,-1.18082540262328,0
73.0760145810769,138741,-0.7504854540077367,1.57357458869763,0.32743428354578585,0
201.45119257546563,23127,0.9601726554609058,-2.0701959366362384,-0.16255067021995018,1
175.86962634423412,48814,-0.3517049465488043,0.15321848941469648,-0.37401695321094386,0
63.41747615869228,91295,-0.4951628197362524,-1.4707160987112435,-1.0461958742331237,0
37.39248494051857,147148,-0.05120632400216356,1.4538411562163904,-0.7311822268974015,0
260.49586717289384,121889,-1.1989371805662936,-1.0514611745098366,-1.3970358726250702,0
83.56978587252166,97157,-0.7839919166878987,-0.17622389127012678,0.5276112915946497,0
82.04295620339353,143336,-1.3626817552560835,-0.5198203745561717,0.059883369860793165,0
2.702578867826273,118251,1.0920202154355092,0.1155186187611972,0.9798127694325873,0
43.771794994823374,84985,0.16473019303699832,-0.41291030334361584,-1.2087291412222547,0
10.556279717550124,166359,0.3752755881887358,0.31536993723431894,-0.6263574019816482,0
1734.4666799523252,6531,0.12331352082638135,1.5332358299926678,-1.5417368561586773,0
105.84340892232767,97354,1.339710303961876,-0.9233968639925402,0.34533248221413104,0
131.66826833128178,97599,1.673475849199591,-1.1169867347878988,0.019215511427125506,0
117.27643576233807,149656,1.0075369632829758,-0.3995233747695474,-0.42790106619539997,0
17.488507512810497,87519,1.334599368902722,1.5114558861892216,-0.21881794818732486,0
9.70341937665559,129507,0.3060907902152767,0.5478490229810995,0.7263707440994129,0
129.10818093893093,46809,0.0006135220557884902,-1.004733434993871,0.47478304138905786,0
37.93894225798145,156561,-0.5334126032403799,1.4218747179077804,0.7589133200120077,0
28.037982530634824,39599,-0.9612585424295467,0.6312564197863744,0.682175559251849,0
36.806106031782804,6774,-0.9035826363745915,0.4774639241403806,0.528725573528106,0
60.27017752002614,77229,3.389112392231592,-0.8502200429714913,-0.489970696641355,0
211.32708517523446,49577,0.2825718339036581,0.6623203807362252,0.15634581640407577,0
9.683016768655628,97366,-0.3523547316496788,0.637885374043886,0.6796094584372347,0
83.26451943112215,172037,1.5146031166692002,0.9780323465013554,0.6365451132500609,0
56.18903696781584,43237,0.8815085876839494,0.19496869741768408,-0.06018503043980668,0
71.65598944723467,49647,-1.1885224003526682,-0.24205156599958294,-0.023383301276211556,0
91.08778972626578,139933,-2.3454455956577314,-0.44236029039084535,0.03078769964578218,0
3.703066474137195,124438,0.22037580583760974,-0.32920381043321933,0.4639997409008941,0
17.59651208018389,37982,-1.8139424184166886,-0.632923069805634,-1.0947527115699314,0
41.43081781065413,112540,-0.24270501571204475,0.10328657600752063,0.5459941777131686,0
27.39479621658267,142624,-0.6467982071656553,-0.2571684956982278,-0.9771497071161189,0
5.074082725111961,144687,-0.33530084112344666,-1.2215087528086097,-0.03040543608517949,0
359.1119536067019,3824,-0.5875876043775701,1.157419868236328,-2.311333620399671,0
30.894039071440666,80266,0.7451737420094031,0.16752615293111722,-0.8198507862783048,0
144.3759484731953,36680,1.5624734954008384,0.3450864560884774,1.1197077922960383,0
105.913222647875,136659,-0.8343075239763535,0.3343055517886049,-0.47771959503448885,0
57.3707711828071,65123,0.005883411947421336,-0.567019438657105,-0.9109337304486107,0
85.8078594836035,117230,0.48114660910161633,-0.8886286859065662,-0.026997215502129142,0
58.789454717410955,143703,1.916096426204912,-0.008191510954722587,0.028117821851942053,0
385.24734986632194,69817,-0.41794062056527065,-0.6458652030459473,-0.31572769982254895,0
219.72319223445217,47136,1.015168619331557,-0.8030647278369737,-1.8307024642305474,0
638.2149942524126,132679,-1.5925993936440688,-0.2913585385004972,-1.2354175163283678,0
44.937334401959504,154014,1.2730459843177364,0.4142139437368045,0.3815811597366491,0
61.91786524324665,87389,1.5097382776144372,1.5521105444548007,0.8092038093598776,0
27.27294071395328,129611,0.30662120873555676,0.009118757527325758,1.9460065206806314,0
575.0418843022358,165977,0.7274332781190299,-1.898634797956838,0.0488125267834285,0
229.7284783928516,16915,-0.5962330998789732,-0.25230656548986985,-2.0127244028476006,0
7.398871422884037,123919,-1.3045197600913343,-1.1041184079168647,1.7725080714568782,0
24.86168331574076,104987,-0.03289432644776374,-0.558496514698009,2.6244532444795903,0
131.95696012085563,25099,-2.1670238381151967,0.17703900324393204,-0.4090916915292302,0
4.9575311098810975,50650,-1.0924231290987567,-0.9510441001842433,-0.877163586492104,0
92.64337574365663,42129,-0.9787979266034036,-0.4288129384040907,-1.2840383425653088,0
9.664467328109808,58616,-0.8672256084078549,0.27072412904110144,0.7031860921556189,0
23.998858624109594,43937,-0.9636695780416982,-0.3847857073762236,-0.2011803946053814,0
45.03331733864647,120491,-1.0492974172132419,-0.11655472642920188,2.2653473334070156,0
394.0178856868676,166343,-0.796273028794336,0.7816820600010134,0.30880859799174976,0
30.484620799653534,32532,-0.1563536894319518,1.4345964610897932,0.5949215578515721,0
12.110392180377632,84074,0.25418857898740027,0.9386212277630962,0.7638337050638562,0
12.446144926419633,137933,-1.1460393226991565,-1.8566546638371866,0.686797421545469,0
29.301115378366394,84766,-0.2560350547322347,-0.6251050753980151,1.8275350995772746,0
117.35883456677209,51253,1.8948450455526915,-0.4318210199016157,1.256231599613196,0
30.2563238658696,93330,-0.9255191484278931,2.30631438523515,0.18066175251287578,0
37.58307354194682,168147,0.3026639779583603,1.481589558969838,0.7251619638679436,0
34.836855177538915,166169,-0.14662946357572784,-0.7306193646473096,1.2802546615312274,0
52.65769434642793,111641,-0.9533639169279947,-0.8464034661161137,-0.6144713160494212,0
13.371313587895381,49665,0.798210407803584,0.46102507995290315,0.6961519379999528,0
14.094527613846223,157481,-1.6738625242910288,2.089202206099119,-0.14833963642568643,0
10.528082476335767,146672,1.9212330965910298,-0.6410149569440338,-1.2133907850471382,0
1504.2272482752621,33622,0.9374343834877005,0.3519045778207316,-2.7113553791006972,0
1321.9118577052625,105850,1.2770217333787868,0.4199898523196021,-0.4668785666703869,0
218.53594835546946,62979,-0.29852291580618057,2.0884901549494477,-0.6443763981111315,0
0.5996263849070559,137871,-0.39596895320865916,0.47243490297593843,0.5444058950799796,0
98.10554426059514,9136,0.3903307038334655,-1.6737668670685755,0.31791240400245474,0
23.613209302879316,35377,-0.9665097182422493,0.4231340353305329,0.35978790321744714,0
235.2360189934879,108988,0.5191491649404114,-0.023030136896836754,-0.2525867825127386,0
27.264642928558338,5239,1.5295137363015376,0.4251203325675819,-0.1699811494655796,0
400.90672537448035,144770,0.4952862938893609,1.5612645611915126,-2.693454787859831,0
73.76274514735631,44261,2.107631328702607,-1.3001447133815183,-0.6244968835251916,0
113.48404242090952,32862,-0.9982162518546935,-1.1572392015818487,-0.8023041624629929,0
505.8165442643043,9554,-0.7594851410979632,1.0256917893692405,0.6288250332722062,0
8.50469174496253,99259,-0.72470259353035,-1.0208455590589864,0.31110461914407733,0
128.6166552350708,113949,-0.8816609710987913,1.4420240677447116,0.8684020067029797,0
417.11393235813546,47234,0.09739894606070588,1.833043633386976,-0.813771075610817,0
72.04235324193175,84816,0.49661970491569296,-1.872368979418372,-1.518847065143247,0
27.204804848299357,96422,-0.4553334889862657,0.8484061558473072,1.2334175788306327,0
0.9405261906273791,125918,-1.8327194181238113,-0.5558994787081226,1.8180878841111845,0
84.98350540182709,52443,0.8017916341308329,-1.4280732106709138,0.38016571367598323,0
142.92392095662385,35911,-0.47714101572862827,0.5876237746202622,-1.1640265045520868,0
26.62570406683601,165426,0.4689520021160221,2.263172090769123,0.3833434784090888,0
309.2067058364066,128215,-2.1102326456416036,-0.5713021210066832,1.191137806976049,0
8.554397403445522,99317,-1.7290261740108024,0.8259030306358551,0.9329718872132003,0
2.2177400436852115,149532,-0.7852574357123115,0.2623267049490444,2.282860838122467,0
81.06333988642258,33005,-2.1255808998582615,-0.2660275682868999,-0.0708333867298188,0
12.55233303167632,151598,1.5796428667456262,-1.1277513775043817,0.1354941594425631,0
52.823432585193906,13790,1.9846201408029078,0.5058791788621261,-0.12324466773939058,0
58.30822705056236,137229,-1.0767478641198145,0.9238810078820063,-0.9100782046744472,0
24.046269570790297,114719,1.0347167440248553,0.774391264270294,-1.1325848365881042,0
7.968622671217391,73271,-0.2912919371848014,1.841293578545855,-0.8650546362827077,0
289.4987354143502,127326,0.3937241453291293,-0.698518360235482,-0.1680874811701889,0
3.445790498037129,157153,-1.8078914125144439,-1.5032047593922533,0.5049145945778208,0
132.99468279528935,95479,0.5409118576614518,0.4653858998404103,-0.33962893450272635,0
85.68789262905425,114090,-0.40747237319230695,0.5842105000383283,-0.9670251907133228,0
171.70717026388155,45378,-0.24486838393386814,-0.41069646134062165,0.9540560238589794,0
184.9195025615909,27944,0.3335403059136633,0.19132649860694262,0.21217510477060844,0
445.34173225591763,89666,-1.1456871703659177,1.1451841000049245,0.9238209027953506,0
82.79177910084212,54979,-0.48674886488811464,-1.110636558004628,1.734716074608604,0
9.961655594033333,23426,0.08598253563249247,-0.5033126080083058,-0.16595813543936974,0
12.300138150986646,113565,0.33110995396002446,1.149616822227446,-0.05313259175797172,0
219.6720860534548,72968,-1.8179829911661414,0.32059171170192635,2.4951834255964522,0
20.688848461492483,83905,-0.7763873718934176,0.5388249451661457,-1.0385969291087203,0
25.795329495719308,141257,0.5783145716082039,1.3538997959456185,0.03516178824053717,0
40.85559025652396,75018,-1.775851083198918,-1.3151213198424567,0.6209889529888014,0
25.368702892845825,124098,1.1570857590271946,-0.3583162361861914,0.043449310221148195,0
139.75913210271102,63642,-1.2695004174871574,2.02330291598359,0.08864808372775274,0
72.43674088992171,80912,-0.3155673607236687,0.5788769229872176,-1.1236984808105743,0
221.15996159333625,104533,0.6790850247906477,0.8535786002415615,0.8504863440927882,0
20.98418057224987,162806,0.7464989663822066,-1.1991131162918816,-0.023899243070484525,0
125.7561876962154,157094,0.7474742120321414,-0.41117609930196675,-0.2840764240881367,0
3.847320229039096,34626,0.4822093867882649,1.6656328027178346,0.24934323975455966,0
695.5372388121642,45957,0.006995946522723209,0.6992603841274775,0.0022735116712245514,0
69.13214731846972,40059,1.0604206938538174,0.12987681775278384,-0.046665893947589215,0
6.278521142164861,19715,-1.0659637934827113,0.468560899817254,-0.8935619428547579,0
30.980335630697926,69741,-0.0944901965756098,-0.7506895990558351,-1.0428404200810384,0
174.64114019518541,27563,-1.9726839240483256,-0.026979819087942572,1.0705752475079737,0
199.51418268255085,52460,0.5167256748582804,-0.26886130964433086,0.1799442733803755,0
16.975046890524645,1927,-0.6910172781421334,0.7525843884329374,-0.9724971156255272,0
44.644435914677636,101917,-1.253482965444908,-0.3996355082809656,-0.09249884944774034,0
11.152220425884972,103691,-0.582190852097541,-0.7454342697839628,-0.42400990900041086,0
86.79684321689919,88373,1.6645866439192596,1.0763810315902913,0.20063557430841492,0
18.114361670679795,71839,-1.8419714566490104,0.16216591377779865,0.6940475732417438,0
112.54728326354976,93318,-0.25315717535009635,1.5363178760536478,-2.076800692375014,0
2.8548303054222393,81061,-1.2084208326121881,1.2185872726050546,-1.3899048713385043,0
28.21724370462734,140432,-0.08394035019526828,0.6903205461476243,-0.9339438107152341,0
1322.338586549926,143128,-0.6161337466807963,0.9291384447023273,1.81168067389697,0
57.45743308750934,18368,2.1410536394691353,-0.5698177516308551,-0.5486573873822788,0
0.6496162910495207,83731,0.6876783594762813,-1.122980466723254,0.22164351623144285,0
4347.083035454104,35344,0.12496618995494319,-1.1239588867795116,0.3056360538731791,0
59.60111137079718,6242,-0.5879450028057907,-1.2099329094343596,-0.8131186401120666,0
193.97648818122377,127203,0.39748681322502316,-0.3638020170406346,-2.240029235647414,0
31.76884730490976,26250,-0.13229120314924112,-0.5483937460006353,-0.19800625632074373,0
15.117821219621293,160147,0.03135750846084837,-0.3770062739297902,-0.9560566681411502,0
197.79054285670318,169810,-1.0775015722212178,-0.3417411367519801,-0.44633745991159024,0
16.014209231352748,77818,-0.029713851496153083,0.0945149365843794,-2.3280061211618905,0
21.213251507127996,63545,0.5976044989549949,0.11149344248904712,1.1586433524522608,0
533.750237160451,118371,0.35886621458077667,0.7352186249094124,-0.945942805213457,0
30.996208740252104,134034,1.605772729392671,1.0160010225639258,-1.2857720352352593,0
18.535391683666255,137577,1.7137670452094473,0.07230138514581262,0.18228060959784098,0
478.38517793565006,10711,2.01063339258382,0.04049059290539797,-0.891402104321405,0
74.77541263919397,24259,1.524354178065811,-2.001089103942168,0.5358514765819631,0
54.404486658484835,54235,2.1132065792874553,1.758253635747287,0.6095911678814921,0
756.2754526197884,51673,1.493234362828489,-0.5718355638041095,1.9399112311529214,0
6.637760178775431,84564,-0.820074527996615,-0.7246078536073228,-1.3114537702278284,0
47.82635883022431,9297,0.6071689681950555,1.3554285014203213,0.3131438906584417,0
61.51987555844557,68776,-0.9757028231472883,0.22557783933996772,0.2286757313116569,0
34.92859258846171,113827,-0.7489530313075249,-0.3865912412997261,-0.23019166914319708,0
159.74860514874354,157367,-1.4288499197250164,-0.49515282452536613,1.2463276854616878,0
704.077292029397,115663,-1.0744726200765558,0.5103166757144295,-1.2415705062055338,0
52.70296804962463,51,-1.4364477357692695,0.2947935684544276,-0.596554390370302,0
46.56569200827043,159183,-0.3164964197811338,-0.48607402807381883,0.001125164943819222,0
32.585029255548115,11231,0.6910714744381143,0.9861514862263131,0.10698845280610825,0
444.41839977711794,32205,0.5806844937063096,-0.7773531824258879,-0.3654432651190477,0
45.52140753767672,9739,3.2732870752326675,-0.9547819556905894,1.8909270787395283,1
42.49229985040055,13907,-0.9027291014805773,0.3726965971896672,2.0294635331094835,0
5.234198805997098,64723,0.14395129287704847,-0.14452824336901818,0.28110727411302544,0
3.509512985172396,84239,0.6344825559499007,0.05571447333135238,1.2440388380957397,0
67.5634203998285,134123,-0.48519869575700847,0.2277152275260016,2.716458665231998,0
22.00962813446153,56284,1.0503704657746404,-0.3885027181509593,0.1958669506292669,0
57.51642867774061,164704,0.5854204410071139,-1.8604724031535054,-1.3372852347430069,0
30.48234517401184,111129,0.49493523673947365,-0.21321747955170564,1.1725902550996616,0
101.87067213830684,53409,-2.5569358784668372,0.5346417627498871,-0.9410364558308835,0
6.247566971401637,122614,-0.9826430454000722,1.8718457730700582,-0.9147621639950791,0
930.4431962455038,44514,-0.33162394621085434,0.4651769697568301,0.6337325099745357,0
2.8180778812575635,44494,0.540272757161126,2.46604871081475,0.5216026381006406,0
186.9279543561609,27410,0.1936858467348401,0.6909664671581658,0.9447308487215569,0
15.30074626890378,120992,1.1962484362498762,-0.0786724960233823,-0.6882733957456681,0
74.30539280282333,139462,-0.24825609482567443,-1.0686165654405841,1.5786840082530964,0
38.16317696463278,160737,2.3738025039426955,-2.092124851240723,0.35696013042269076,0
32.49613003596829,112315,-0.37853029063237753,-0.4073124688648626,-0.9183308754286422,0
79.140188788923,104985,-0.5078305804747306,0.6667336491516096,0.29917724298206666,0
9.414518785117668,46402,0.12467564859135548,-0.4604120026159505,1.476684663306668,0
85.76928929430824,41745,1.1556828581606902,-0.07102514999235034,0.43951796090439266,0
71.72213254348435,55097,-0.1927815004750799,-2.1088807385661963,0.5832262483877197,0
77.25942260342785,127171,-1.0894013986106685,-2.628221893148592,-1.720944122162963,0
206.69741304856547,42464,0.02258182511872899,0.6613509644652403,-1.6525547296849623,0
126.15235823173145,67092,-0.8865667335079174,-0.9804560918883771,0.9496725321607692,0
585.915233835102,13750,-0.8020549858780783,-1.3510342713265426,0.8271190934625737,0
39.388669356442534,161812,-1.0496882522707833,-1.0362427596998445,0.4236524039381393,0
296.391744558546,70561,0.43751527176325133,0.24143230156642417,1.1414865172257689,0
19.155832278317916,159412,0.6507221140974712,0.5604960518408805,-0.005279711991657638,0
29.988133826243967,27987,0.4665723427571206,-0.35186495357990066,-1.356824076967982,0
149.67108384215496,52784,0.058982721557375516,0.4537272288309642,1.0115323132034109,0
15.115870811962372,97127,0.6089115549031106,0.48833384377815703,-1.1344896256660377,0
12.466160617247674,98156,-0.3370533874256054,-2.1128778249899582,-1.1631542651123796,0
9.408837148747581,30568,-0.39374052298088025,0.4950999923377701,-0.4874706076243967,0
263.57265828252946,147708,-0.6186419820295285,0.027324935738298483,2.152313265722055,0
1465.826205719919,74681,-0.35608600566107096,-1.1934810000358784,-0.4612313989164822,0
544.6539026578251,137034,0.08669660046319684,1.2701453246394299,-0.9076539669959585,0
58.58052790723553,13219,-2.2604750131592444,-0.421604709584823,0.010140905357639065,0
16.879720925435592,8738,1.0555480632740144,-0.24836913120976442,0.11121542218200745,0
131.77389664829423,167579,0.9289154738552565,-0.22325294902172582,-0.33461943881319683,0
4.944264420235878,13950,-0.28484109129600604,0.09168157483524289,-1.9309044986489226,0
6.532004732574332,128798,-0.12483092595152831,0.14253953542440653,-0.9366710839854699,0
16.993957186552752,3590,0.300285816417426,0.3554621023678503,1.3476160613110557,0
5.778323173663701,56325,0.2632498739630526,-0.7145206893837945,-0.5031424963149425,0
73.79327772153205,107178,0.9796961039409807,0.24809452965274342,0.6708412542913623,0
63.15653479858317,3061,-0.42641228003462306,-0.2917266736478999,1.896975942691977,0
106.74817708915974,25147,-1.538210790333714,-0.07339999884167522,2.3005861860242907,0
114.11061287447602,134966,0.17733659978407396,1.9413487440810107,1.47838215093333,0
617.4310403889772,63503,0.5457578527826018,-0.13795064139006885,-1.0447575346884075,0
117.42537996017842,33135,-0.4076110626438733,-0.7485416724417921,-0.46749768541007797,0
12.286190868737366,148522,0.2303891704082201,-0.4766461524564222,1.540530673168664,0
38.693708546404665,30312,1.6843774521216666,-0.02214302267912177,0.014665722836151309,0
903.8032776230789,7404,0.6737179386112802,0.5913027350196258,1.1177014509335212,0
50.82726716437041,132053,0.6546606760964981,-0.08730732401766188,-1.3555493589758243,0
1070.0391104967057,25460,0.5626176326935001,0.1819039416311779,-1.4460043555990936,0
194.53584702654132,12817,2.0023066325087693,-1.7537315259203885,1.7413254730058,1
79.7072537349266,146477,0.512395967073947,0.5666052074796726,1.1215463878749166,0
161.3652578698356,83762,-0.024074983581426894,-0.29308665141343754,1.5492467600520874,0
164.58596147388025,40832,-0.45197363861273987,0.7229903581109189,-0.9710686711301442,0
27.333127395383958,37375,0.6097457319467533,0.3521897243408218,0.6308926702830913,0
42.68194004145947,76015,1.073022844829656,-0.032503297499880054,-1.245432258381638,0
1.7706277296948665,165992,2.1290266402472953,-0.9842501641461237,1.1711777012036932,0
5.942795196559961,149710,-0.05990824886284832,-0.7457714084166748,0.47314604284488576,0
45.21005961141418,147361,0.45291359112637125,1.705564307575362,-0.3836023172947136,0
34.14940936056983,52633,-0.4109754055648936,-1.0250557752453993,-0.5469948636118851,0
19.580782030401334,28615,-0.8589648884051093,1.2264967995602003,-0.09341239307847701,0
79.38602017268272,67275,-0.7374162779146215,-0.8050440925988989,1.9875070538856205,0
27.177409107788183,129157,-0.6104905195784477,1.130875056306671,-0.6792371012408565,0
63.73136888727856,106548,-1.454743971509856,0.7041832854151338,0.13893584460497507,0
348.67482795365027,150125,-0.17781278489735028,0.4615966735590474,0.6088200369852318,0
63.400836009848916,149816,-0.41641850890448917,0.8165261203490936,-0.6792552402111032,0
112.26701962705465,98901,-0.6819939776972203,0.09834828879184875,-0.8611088530456908,0
45.57814175276948,4934,-1.826794002391604,0.2942671599495255,1.8214802022126722,0
6.524711325902502,30158,-1.0230052596920547,-1.0552403151196128,0.511186890229803,0
9.307406706495545,140813,-0.2425731502991529,0.8187164688598585,-1.615868055094445,0
125.71697437516775,154154,-1.2334335628753905,0.10787081122573024,-0.007746774826246457,0
74.50758960567634,17015,1.7311505808644736,-0.3287036402429336,0.9042527562274418,0
153.22377860324474,32132,1.4184291675987204,-0.28113716656601145,-0.6521552234983967,0
254.28308920054133,158025,-1.1888429167638332,1.4528247115433195,1.6130406308435783,0
27.22725124452597,102599,1.447676910395202,-0.25599137983892245,-0.40509162780979924,0
12.506755141923863,7101,1.0708737725242643,-0.683984894290505,1.028850756929571,0
281.8202119330186,160111,-2.093286303987702,-0.10525053839030657,0.007567360655696969,0
13.011016810754391,27961,-0.3751245122076338,-0.4603242291840569,0.143355294175003,0
112.00065450684531,115694,-1.2456962229503832,0.05554146812675218,0.2569325809967774,0
226.1706252009139,28688,0.38983132657928793,0.8455907450567951,-1.81210679249832,0
33.00721757514811,3667,0.14316057317878822,-1.290703298092248,0.8566308626675004,0
1471.9373146550051,148471,-0.3338077899206209,1.4270640682118887,1.0068023177919578,0
90.15140925212559,172716,-1.6730195476109206,0.7131304880466082,1.1351942671359767,0
82.97441345590298,120877,1.088251482925047,-1.0519728699735897,-0.19699166999150064,0
14.186602414663465,37748,-0.05462333372487333,2.8561874306149315,-0.7553257974200098,0
445.5144315592215,26865,0.15875395660142597,-0.09625498264979448,1.9303212458023085,0
328.9383625916485,81863,-0.2106470673132337,-0.26871905950545305,-2.4295406469307963,0
1068.1737304518567,49869,-0.7079956539277527,-0.9996435972740249,-1.3568991435065736,0
33.96692732437596,89147,0.30618563210546784,0.25584586869938425,0.5987310854898715,0
109.91055462699731,31535,0.5202703507528208,-0.6487106093697916,-0.8389359920768805,0
128.98443263890502,123747,0.19668752856991642,-0.0982176234152403,-1.1273750962893756,0
330.50469400086195,169143,0.3536200354695426,-0.7617548726351966,0.594659490285624,0
108.55448058693644,21734,-0.2058667813703756,0.626969331651815,1.1094500869239339,0
112.58501474336185,159346,0.1561105317151694,-0.03018384942035489,-1.1242919760754193,0
16.297511108287203,84784,-0.4566354965508648,-0.8740473486028765,0.0646013077271386,0
119.81402729672264,52788,0.12934947166948788,0.6658481377210154,0.2800313469208319,0
53.05434312448152,26859,-0.5318921179891546,-0.6382485940745026,0.8989059829924686,0
72.05602064633028,154268,0.5284922163978163,0.6154179961954532,-1.3312013330520946,0
14.49786960559835,39125,0.1223432174864152,1.3130730654105522,-0.646967718264443,0
1257.1988737696956,49383,-1.5327850183662346,1.5912601374842688,0.027225315933214055,0
8.638462393811936,120196,-1.709656498597465,-0.4589172277941882,1.3718270926491825,0
264.05606174798606,89446,0.358504957197533,0.1799380887434342,-0.6700508521601305,0
10.613206792364643,7087,-1.6991113260498243,1.10941348606365,-0.6371244920256176,0
36.686267580404454,90034,-0.8757384970897195,1.3022194586866946,-1.1789724826512769,0
35.19738575552533,60706,-1.8433180017484796,0.992094540345431,-0.048907097478142154,0
83.79146161712742,28610,1.444688717762666,0.7224438866081824,0.2385994480090716,0
45.16044777660852,164064,1.2649708940342936,-0.4915072089242716,0.6223779202236087,0
2.7111956823493957,77678,0.5462978395766366,-0.2298097544490913,0.14936211814216424,0
355.6199296575238,8145,2.8581778328758007,-0.9654430841101687,1.5612994628994652,1
190.62219688984223,15076,1.2966500954550495,-0.02383310598648634,-0.012742974290099197,0
6.048572017854004,56971,0.6167223569130161,-0.7190080802430246,1.3616263477223696,0
392.0305865090651,87719,1.337128461437189,-1.3900885969638903,0.5551211347845848,0
38.22443705476171,62104,-0.9312424073266211,1.287950958450473,1.5208548396895845,0
16.225014570399626,8203,-0.5098728366859909,0.7221325237172493,1.664819108928706,0
11.76489579500109,17878,1.2525506665836552,-2.2301761006907155,-1.341106030711093,0
35.44356414539564,83845,-0.6745655595413679,-0.2159043038759312,0.5995851603105449,0
1.8604342122058333,110415,1.48574309549177,-1.5573500965264493,0.3003217142436409,0
6227.043400435748,100631,1.1194129134834017,1.6131151919316031,1.460727002704635,0
0.2159846503229713,132545,-1.5015036284169125,-1.456179094220608,-0.9359014059029094,0
61.97868128520947,133993,0.9447936048766868,-0.1173936264573481,1.6255919542429675,0
819.2273574318823,31852,-0.09553719484017678,2.5224979416231967,0.8447320311905363,0
98.86005855255122,151781,1.0029985169091375,-0.8953364721285365,1.4672132166962906,0
265.3311468890221,120045,0.18666647392645697,1.3885739747386159,0.3756947327980539,0
2294.513225687879,47941,0.08485508844755534,2.057303251186852,-1.4734184399869283,0
42.14248170558322,147711,-0.6200901412632721,-0.09883684755829678,-0.7892874809396544,0
312.5441153185599,15993,-0.7462121846533528,1.0243718156855974,0.4276572294013766,0
24.875102486540815,159892,-0.5561227974196611,-1.5591181779764465,-0.3050622488081283,0
97.15455956880562,98995,-1.0900694687394914,1.4171393994996841,-0.330411303040996,0
591.5053714014194,81456,0.26617580570455185,-0.433888850348797,-0.18408953144728285,0
1944.1308600566917,93554,1.6188843407984221,-0.6277064147033367,-0.048184108036099425,0
189.3739350196701,87754,-1.0397642556455942,-0.45539224662344546,-1.978203518521856,0
256.0634284179043,19631,0.12479556749588941,-0.26303225500292526,-0.03065250265553629,0
1.4034647178816453,110443,-1.191295290589005,1.0030171228755995,-0.7927186313729927,0
29.777833093219982,108947,-1.128442891113002,0.49214384816687656,1.1049976303534197,0
110.25658520779302,137023,-0.940316100049891,1.1901213036995961,1.2094936808007541,0
20.503072772472063,92881,0.4026931776884061,-0.39804772497847124,-2.475939554900735,0
340.5031390965709,38368,-1.3495096753533995,0.6971392774519429,-0.63459680995728,0
3.4633006003085978,170955,-1.1774554266550015,-0.21399504908155326,0.4980440164535255,0
84.77732002447465,43183,-0.42108856297275316,0.9624138877153922,0.3945917128095116,0
1.9613114977166315,169048,-0.5307474670488157,-1.7983552041685356,-0.08614065304596112,0
8.505019944518978,143849,-0.02511304733308925,0.16331139597823424,-0.8000614011287125,0
22.551946918971527,30267,-0.6197469255370224,1.078751620441567,0.7135720445510769,0
203.37900938239972,49354,0.7644330250807124,0.5559738081751213,-0.4036459206416216,0
51.51565064467132,162142,1.198087963489708,0.15751703509485088,1.7278116808050996,0
9.296633995710172,170938,0.5396005626195278,0.41732844105575523,0.759628296504721,0
22.4578166228789,7799,1.2975446379648652,-0.3514027428177177,-0.4426601390858294,0
152.42546408312322,75940,0.10255528332718633,0.606249525966393,1.1599328528684836,0
308.08801803074397,104894,-0.05944265715458939,0.3574515864141019,0.5850063628536218,0
22.935406517790668,122664,-1.989194978713914,0.11250389246486844,0.059372138059387645,0
36.81887861687713,44700,-0.16093494231504413,-0.7201460506065513,-1.6279151900770157,0
72.55699746338422,116740,-0.06377445742047799,0.21435066180958479,0.7993502711017172,0
100.72349945991517,102528,0.775661124366797,-1.9834692532303435,-1.452151573136724,0
97.94648578020822,142003,-0.8263904483334039,-1.465415295171012,0.9835068322862313,0
11.536733117598901,121497,-0.4671995148738043,-0.9592277736836775,0.5497518846934317,0
13.929827010457435,77795,1.3618892530686975,1.2953688891910085,-2.0209620417448018,0
133.73260582068383,147816,-0.2522873448561816,-1.263847351669704,-0.7208608790129112,0
24.545030763520888,122235,1.566755612510779,0.6427225396288556,0.28717733821376507,0
12.104341074616556,105908,-0.7244461860635972,-0.36783262061416305,0.8111868623407121,0
8.897626865637552,70975,1.0697556012158456,0.4546422034475082,-0.8319632863744315,0
11.720869543634702,172473,1.4387374024804738,-1.7978704059764217,-0.8791907252746158,0
226.85957260321544,161680,0.5832592609665296,-0.23962776821867776,-0.8337929205926858,0
131.63602165417322,115287,-1.5262946497036378,-1.3061581093293873,0.290234281457428,0
87.50245816754054,33488,-0.44918288747478013,0.686705781487386,-0.9864504355445204,0
31.908767992751937,17830,-1.9778973101852588,-0.09539853249243362,-1.104947753340174,0
766.4597513669733,81499,0.11595475048000405,0.42825509523188393,0.23727781240286436,0
42.29729204746614,81213,-0.21145670935525013,-1.2697343361068436,0.15847788013674027,0
81.50708724417396,82757,-0.8032422385571238,-0.07595448758449506,-0.2830238599254606,0
23.361615299428756,41387,0.10869864734076093,-0.2587386701721356,2.1239560061164537,0
591.943086542951,167188,-1.4022652329113103,1.2324861538438303,1.9701887995641627,0
29.411309365563078,2355,0.20443210987133015,-0.15613391464463755,0.06247590773539634,0
255.80272504802613,74070,0.2969594569099572,-0.03922568768009471,-0.8573780114730946,0
26.83029913163633,53651,-1.4758566516938494,1.446642753227066,-0.10011013661864956,0
14.124861619772336,150761,-0.13133582626405976,-1.547595209342172,-0.9396393448800627,0
22.28205649221156,23547,-1.3034748656799746,0.068658193355865,-0.28938396669941485,0
419.4508681595934,115006,-0.9091207805464528,-0.7108184870302333,0.9196862917833926,0
233.73448714001054,91411,-0.20943103172599029,-0.5935659762624482,-0.9281335406467278,0
22.563460387277345,106911,-0.10215647629803966,-0.9489498991933866,-1.386619356815792,0
11.82840085737652,145959,-0.31419727795685704,0.7211308414513278,-0.1852162207412426,0
504.18393538560395,144334,-0.27742870832906513,-0.32151958824318266,-0.6018682597120981,0
103.90239229569883,84984,0.5490104850920987,-0.2560214689711208,0.07387576008032015,0
314.5882794352705,153231,-1.3732127114027275,-0.5008341290054065,0.3134534188118281,0
4.897746239372612,85997,-0.9321817541736991,0.5172743834201601,-0.18516965670816213,0
234.42097477043652,123934,-1.3923425802647587,0.22139690700147802,0.5252260557769388,0
13.648060124459365,49214,-0.30932030489652784,0.6062491262572653,-0.6081105002706575,0
325.9124484173526,138655,-0.2742728573382259,1.2449991102417002,-0.7216308960223541,0
1176.4930415077013,43118,0.05176758962500029,-1.409504907841725,-0.4852657449550565,0
50.07749995150621,152150,-1.5349662629420144,0.12537536870606872,-0.4190237790147191,0
44.42610415345968,157907,0.5180192559756224,0.3237160409253518,-0.18037602839610745,0
41.037733916340365,40503,0.21768830418491805,0.6232149625551056,0.5780131861277561,0
519.5325410671868,172352,-0.481628802967682,-0.47563998750721015,0.39121902111017764,0
41.87040106325693,169299,-1.0212675273113634,-0.18825412644149583,-0.4807071623829201,0
2.240947703645908,51150,-0.21352225849033069,0.624463866829485,-1.4344109252266282,0
79.366433387854,20936,-0.2132984329468329,-0.08523953001885723,0.1588304377229997,0
4.19858435867796,7084,-0.21891535118023187,0.9822088791166365,-0.09821274754268607,0
3.802392598569668,48302,0.5056004361087425,-0.30555332762929877,0.91708730353086,0
179.33086543708603,4882,1.9966118036575775,-1.6247869291215449,0.7834922053788714,1
131.0910707185517,95387,0.3782242786665296,1.2081655080770355,1.2261090133596566,0
357.27991259330395,103245,0.5854032875430033,1.1938684443951262,-0.48150022446505053,0
36.96404283034243,161778,-1.4512890798018871,0.31190647773162855,1.1070901042264811,0
1.5006173160858596,117887,0.40495284810308807,0.8922085700891743,0.7701146344906061,0
340.8868292911808,128295,0.6102171488779777,0.178246558222278,-0.426396893211588,0
68.07535416853834,12202,1.6765885075285702,0.08444440251277262,-0.017396178080379226,0
78.41246463223095,799,0.5430618798529312,-0.4470780169507981,0.2333249141281669,0
325.9148088660606,101154,0.9447013852208379,0.6265583852343958,-0.5465298452759605,0
7.734824964251016,12470,1.1681324730117342,0.0056457916089369025,-0.9415326043885967,0
386.9200995998553,137662,-0.6945215377981757,-0.18438034891888244,-0.18440979954533593,0
56.37171203444431,37855,-1.2304722425129238,-1.3113912220615336,1.3212113171502358,0
179.01937513206903,35788,-1.8445500712714027,-0.21675885004290849,0.41318064312935265,0
0.7791548789562759,52838,-1.0495820982323867,0.22451623524942557,-0.09850098474488135,0
64.44440900043926,38872,0.13163174434918568,-1.2909440146412845,-0.5667972362040131,0
29.451954751462186,119261,-0.5421705530264833,1.0661046665389593,0.9238313441547021,0
15.819618391452753,137559,0.6305715078597889,0.643424857362771,-0.8001451550116065,0
233.15807350309862,85052,1.093367590530985,-0.39739499758226526,1.5630396808529188,1
1122.0500194354483,43341,0.8990252279474553,-0.0568924861040623,1.4736502193203043,0
6.058663395691725,46969,0.8400771367809612,-0.349716734059357,-0.18532059014612923,0
6.429988979438219,59596,-1.2892163312039007,-0.4226534554397263,0.3830033141625365,0
73.12017292405193,10886,-1.0621968295619293,-0.054179855429289166,0.4552797036134112,0
15.82758343290911,78352,-0.48762981801427163,-0.4219132101031611,0.08707366761149946,0
79.81790534605686,27326,0.4466665821901814,1.0764861509086805,0.16723228644088142,0
427.69356730313655,109806,-0.8779640355618105,0.5110494606025436,0.43306666185836024,0
109.19717700727391,20193,-1.3662093806010653,0.8242219754198366,0.3362512709779514,0
12.934919045816098,49151,0.7197701728168767,-1.0614855822035787,-1.1381368634887312,0
21.947358977064834,17565,0.5473126738667212,0.9104351763252061,0.2767087678283199,0
23.38069179001854,166402,-0.05759099189884128,-0.98092829438272,0.04113602741490399,0
2.319912773262009,125312,-0.776046162598398,-0.7046803734917648,0.8680680480008452,0
14.850549474403563,120823,0.00143585868061905,1.7016280088845341,0.16306145449239218,0
46.076724051423184,119641,-1.4084973919780737,1.7907095298501634,-1.236486534479562,0
23.94332520907672,98598,0.6388997275076053,1.289370882108047,-0.2928795685989459,0
33.606771514150296,95395,-0.4206911385002192,-0.07657691118685878,-0.8047935873408327,0
15.812994084152358,5988,1.7871009073866504,-0.8002123901861384,2.36621786416981,0
467.1863323240031,44544,0.4571496048613624,-1.3451098731872506,0.042478843464384373,0
192.69366948003685,47342,1.2284675090355095,0.8139353806642662,0.2144059426510059,0
22.480379729089922,20243,-0.9376605802485322,-0.7587456738570852,1.5419571216533947,0
131.48020418215015,72623,-0.48620541321176236,-2.2777599782032096,0.7529740080720772,0
18.58460719850711,160444,0.2454865578188467,-2.192833908590412,-1.9398023220278924,0
583.6831116940178,154756,0.647858928187403,-0.5876757465948027,-0.3412994847698407,0
397.0470668604391,144895,1.5041890523576396,1.4330153244755288,0.950532075343118,0
15.367717798385824,164196,-1.353075944633581,-0.17442415996928967,0.4507827750228473,0
21.916924452310447,166574,-0.14039853504720307,-1.5656073846195508,-0.760893339944358,0
71.38173863480503,22593,2.190061259041962,1.2200221709878125,-0.9962051659234678,0
4.822531893609133,86649,-0.4901098254296866,0.051466467584241817,-0.541402651036772,0
95.15531020811582,56492,-0.8367784059784193,0.8067924591163708,-0.4984090518216471,0
34.61928708069042,110780,-0.8751817398452105,0.9810038349089903,-0.23842470145144928,0
548.4273669455469,52832,0.6074578004205566,-0.7387286246703452,-0.39528938068053465,0
1.2242715641581725,34024,0.39513045982463635,-0.008441135149635553,0.34971447650944837,0
28.546896360702608,102960,-0.7991105428015608,0.9679508865873685,0.9695349267421778,0
747.9170753035851,171614,0.5450083524178347,1.4725775757070314,0.6384748332336114,0
24.13241072892981,61491,0.7518945302835527,0.3597757751008682,0.329573598169311,0
12.195251462148054,83459,-1.1179293821354195,-0.3424565771781791,-0.36341975193371817,0
68.15135963415733,111757,-0.13581431002850128,-0.630695261924115,0.8741658673036315,0
325.95507574582587,137629,-0.5456783537505692,1.5876682820069,-0.4126123131824046,0
8.148181654942215,18462,-2.058142393810651,-1.7341899061166643,-0.644211123876293,0
20.5521315230409,141035,1.1450322319451225,0.14319968071030298,0.16653197855320448,0
101.87588457102427,8117,0.12155713586255774,0.34153384670336023,-0.8263521735670675,0
36.04131669523561,156250,0.20352280542173132,0.27033095307286215,-0.4020053179259159,0
1000.6384233107568,32400,-1.706548592558585,1.5551373808720663,-0.4600582135345671,0
172.83041004574585,48263,2.199173127662499,-0.7270435753086428,1.114417269737023,0
109.9081452370816,71347,-0.79360423322339,1.019268477945486,-1.706423285842876,0
371.778675904576,13397,0.2565387089057657,-0.25754012754730826,-0.13307493037733742,0
194.47879924908378,25649,-0.38527720003929894,-0.5176093166099479,1.5726175672221272,0
112.96739372211336,66003,-0.2212630917677055,0.9577729551708736,0.4558095598981766,0
63.6043904732045,153656,0.3972060822955092,-0.49192713077243616,1.2710537426831983,0
616.0784044111467,159574,-1.4147640150617324,-1.5252468448893521,1.393016462315718,0
409.15039076028023,55155,-1.0809276606107858,0.766116004612079,0.034111838480428064,0
134.10928104794587,11809,2.1316401916067003,-0.6418384860907891,-0.8344030632684148,0
20.976232763608316,137899,-2.091080424586875,1.7363541349936364,-1.2892028697332774,0
46.464644537820135,28541,-0.04171814555926279,-1.5192184332761645,1.1627645337025208,1
52.74263627197327,99132,-2.6506117487978527,0.16978310099327065,0.00592408350547201,0
30.575149652153545,47879,-0.46742762810231303,-2.050829152802518,-0.8458873876825136,0
20.052035409766102,146104,0.16687021585048137,-0.46657308266922876,-0.23959014232261666,0
111.03621805331312,45819,-1.2607264800993632,-1.2731382447344883,0.4200931020202068,0
47.98533583590939,95117,-1.7955488116015894,0.4176933113415191,0.699540584754609,0
157.9568089979821,49008,0.5660560248227133,2.124881183619787,0.6955672359296775,0
661.4253785616817,57943,1.233049176131866,0.09347453137820064,0.6359783745452092,0
49.49564320334245,30246,-0.22226720892478688,-0.5308581617715453,0.11550422104961357,0
212.68585878278253,108945,-0.13499092846729135,-0.9376196057167191,-1.4367255804339973,0
16.354255652724298,128833,-0.9582872030111943,0.7420844584165968,0.5050802030536719,0
73.15755390785145,127705,-0.2761578822071853,0.592227916626348,0.697622793358186,0
47.57145295523789,120773,1.4808835912960665,0.8648856333045389,1.5234192515915288,0
94.62269660834266,98818,0.41520972600426465,1.4998452107250295,0.11254603455528255,0
70.08286392617443,133005,-2.981931912843475,-1.1606199319994848,-0.29090971358864265,0
5.728362486786727,29553,-1.011987779342337,1.8328338941672482,-2.092379864474857,0
121.69858195512661,130209,0.12304469303266057,-0.21042130373975024,0.6249736339679853,0
753.2339395989759,80875,0.6836677841391677,0.8994720352978417,0.35107662748231655,0
272.0309481995085,60750,-0.5651024102981823,0.5319259502165038,1.0678323680484807,0
125.87786148766011,76369,0.7312230319954318,0.4457630887503399,0.03767253512121038,0
27.637205098026964,31818,-1.356089165196907,-1.239447934748616,0.8203974786756637,0
41.92286361307205,12094,-1.5891376049677413,0.4289794460540039,-2.458306276864531,0
61.728395128243776,148579,-0.2613110647580892,0.28777463077262094,-0.4010278458684952,0
501.2514380451487,90888,0.28127782866182405,0.5637656152587343,0.09769303458061031,0
4.259105345886965,131444,-1.2927294966948004,1.5674811805073654,0.3355470551955923,0
608.7255197342389,67733,0.6373224977105155,0.2432042132588803,1.3403991674717461,0
67.45589989127217,94325,-1.7342797340808196,-0.1879748256004968,-0.8533448920497357,0
107.86256216415312,148878,-0.27376155986957196,-1.9443132412458608,1.4710835811045249,0
38.911501542116085,100671,-0.7379492867421911,-0.11583095678821188,-1.8487747600312028,0
268.88412898873673,53105,-0.2593271451329937,0.5231183979661644,0.296386064825565,0
18.3438475749642,7551,-0.9107877831597694,-0.5679811355268858,-0.10116510727680293,0
80.50596439708139,88961,-0.1750976324124397,0.5083952867519513,0.4191259773477594,0
77.17313147616825,81099,-1.0958046527034282,0.07466521201463676,0.2313236815164465,0
662.2209411492975,90680,1.347240269087789,-0.9311223623087312,0.23656082909533235,0
50.937947391090674,145963,1.2465799551233643,0.47130574618778226,0.4635713287543039,0
44.01927547345249,156374,-0.5298851200923198,2.191726213930391,-0.30075586267216053,0
134.81054224257295,94673,-1.2187324150457206,0.9854068784344577,-0.7384199642772908,0
247.0563776158295,164529,-0.9075284125098663,-2.166410905119861,0.779782126971009,0
21.004405020231083,88373,-0.07150857146497039,0.9537132424995313,1.981167275849982,0
33.24206737693994,47830,0.6167768567167277,0.25093716136642713,-0.06739837507516042,0
207.49071645898442,48555,-1.6772824410774534,1.0871268635933296,1.0173797075391466,0
105.21120231921057,95384,-1.7566462344073102,0.9143112589735903,0.7894054146952793,0
95.00178362980373,101245,0.8212399425329262,1.663535054538378,1.5786536407891947,0
2.1612010537657214,130270,-1.5007614857675047,-1.3802468808506574,-2.0876336273996565,0
12.468418462675821,29123,-0.5220601020484592,0.10146933115652357,-0.9666778246135412,0
19.872062313914796,42517,1.4921190952280756,2.238448459753234,2.73281287930219,0
50.74695023554635,130291,0.6396273271013776,-0.3136411811772535,0.15938423353131345,0
18.05449967116563,146712,0.18038606712878336,0.13729427779891706,0.24387098171497093,0
81.66454243528729,53662,0.6268554363546917,-0.010177901679912968,-1.3048297149261696,0
35.11527572175646,88047,0.8068584976064087,-0.9782121280492877,-1.1938726822160162,0
14.568604922108326,11845,-0.397280701251242,0.07964527214276118,-0.7936540192145872,0
483.3593416856212,33043,-1.2977566209894953,-1.3044017003491892,1.3550580440474824,0
87.06587244646903,161874,0.3274728522515789,-1.6851513327244438,0.21324616710355285,0
16.300485624054833,40478,-0.9409317501432217,0.7713393323309425,0.6534040919344671,0
121.89842562622552,136433,-0.2661204638983249,-2.149432749813073,2.2149453937434584,0
11.083367827886516,152412,-0.4185772305187838,0.5510525047406623,1.488908638287779,0
9.447773036260463,27608,-1.0010259032616509,-2.2389978346443327,0.13379012936491935,0
13.774368703959409,20905,0.06025098556364223,-2.105642525655036,-0.011671512299474612,0
30.26049769721106,146086,-0.9333610487377788,-0.5809654083818407,1.265317823622273,0
18.30744060189589,126800,-0.4353040378776534,0.4641270800684235,-1.5672212826887377,0
12.466555136883496,88484,-2.0764024642238916,-1.3370731573998667,-0.9531382932374785,0
54.78584755011347,156535,0.1192126409746784,-1.1981696256432384,-0.7414029824245616,0
8.682864671445909,56625,0.24904529661064945,-0.40513177238423,0.5418049068175405,0
187.683282746666,73158,-1.077818365150872,1.0456624972868687,0.8309168325935239,0
14.789365016986078,171811,0.8605077043339792,-0.3153148017499665,0.4641403274621935,0
46.23703773933479,52082,-0.1010467210328308,1.1294268806115135,1.0140301156440894,0
32.43442171072604,144856,-0.10734096659751288,0.5198703810419352,-1.2677429402771105,0
1230.4336846172735,77564,-1.2017323197401044,-1.0004129501884442,-0.7743822884705532,0
5.620293167070122,161957,-1.81359852946401,1.3532208080260224,1.0866374786321487,0
371.5479004911222,131241,-0.17806425011790378,0.29337146187943086,0.6361298891280671,0
197.27490078610916,133932,-0.5732675845681501,-0.27096896149204214,-0.3007737324171179,0
48.82932850799182,3364,0.24129669833042966,1.660175987300752,0.8243586631555703,0
84.1913348569388,125041,-0.32681834293981765,-1.0137842080356356,-0.525134945372464,0
81.7520112456222,35561,0.31344976330411195,-0.09341819615007474,0.42109428803300475,0
1.9437881972957847,134729,-1.1324217495253281,0.22237431641152774,0.07991017803373676,0
9.674190614401946,139799,-1.2532165733101892,0.40091070740949347,-1.1450571615120564,0
7.0776005416545855,165498,0.6186298630672076,-0.6442821460905273,-0.13559113582802323,0
19.25807211264657,167570,0.12781853712859367,-0.442875960169273,-0.8516458589406993,0
161.8607812199904,68201,1.044151323948315,0.005587802136770516,2.031410363155176,0
352.53235918815903,90935,0.8834061839765727,0.9097209875910124,1.2375878416523676,0
13.329453049646018,169640,1.2625341384985065,-0.18529683012456175,-0.03540571238269059,0
16.388501474016525,92971,0.7055444674621592,0.7705961503827252,-1.4024614936331439,0
2.945304096839002,154142,-0.6728439031152648,0.360886234540007,-0.6194336960402944,0
35.612146017835016,62110,-1.890448456803006,-1.2776057745081753,1.557705422736499,0
1.0553841192697457,38570,0.509483294160168,0.4199538350487223,1.4364273814199602,0
672.9955046284505,51033,-0.3073601456495614,-0.4246770076907647,0.29931772481236385,0
2540.5269710296416,128145,0.19303807467498793,-0.7456816900506652,-0.9902074422375289,0
61.74378573789135,54515,-0.4123937886733336,0.3826913444435357,0.1783982882274931,0
548.341285917296,140967,-0.8414972028397323,0.1947604810800561,0.5990495035849546,0
163.85143216643866,113849,-0.8949377622103658,-0.49857824830113406,0.7355235202350239,0
7.532747392981807,56543,-0.13613300422842234,1.3063720085072013,0.8037258290302607,0
8.106589250248113,5622,0.4383042424142693,-0.7984702113490654,-0.6262196150087963,0
12.164059767482307,116382,-1.9511725673025777,-0.3693827164251063,0.16990317081378853,0
106.1128547990885,6073,0.1070505298533285,1.7197616396026094,-0.982523886526356,0
20.974071003357974,24204,-0.479005278208335,0.6810268255964108,-0.8265031814897419,0
115.4276266196668,120405,-1.2307934007896677,0.5468989959336376,0.6448475425850045,0
117.96897856033867,66421,1.4770293638857295,-0.12495660328456049,0.45202543146739765,0
151.84150315934093,114064,0.33350804675597356,-1.1489295910028097,1.3732558756367446,0
20.353403971392076,146293,-0.27991051839954706,-0.19579399662718228,0.2630154849889473,0
69.54328149021421,41994,-0.6281231478838902,0.695706127171801,0.35977038008270606,0
314.4047542197922,108182,-1.0741036837021656,1.0238526834371675,1.4457210134935838,0
77.68816654439017,37165,1.6438172505699824,-1.8065161772688902,-1.3138099976095206,0
5.19666774371764,56655,1.209987870277443,-0.16188567472351276,0.7034930561818011,0
285.03352150827305,95402,0.7443743691670887,-0.9666263050195328,-1.1713662260496396,0
13.10800935362961,51069,-0.5275544279771364,-2.1278805914995917,-1.8726913128901241,0
415.7900608388751,172193,0.3804892279058148,0.552517714624084,1.08092006780014,0
3.2398428644202317,80653,1.2073523727744992,-1.5585344191447292,0.34885391201589216,0
160.71569159099886,90266,-1.6057265206065336,1.024867328516612,0.7244543829406356,0
15.012223923281573,128379,0.27167484963851035,1.0628937685328324,-0.23060064922584894,0
499.6054694031988,29756,0.0005341612428217648,0.5546354835824365,-2.047892567903145,0
122.5028124711698,132223,-0.29631200652147316,-1.697408142142011,-1.1726335416147682,0
77.1743867100161,31001,-0.3387128840027246,-0.5110261268485873,0.8480311716296837,0
3.208132215880939,20115,-1.179561927312526,-0.8573454679420445,-0.8633063759532532,0
45.63023583960815,20523,-1.0836980470369917,-1.2226543309154567,0.6898757116587692,0
25.74264198999558,155092,-0.8175938278465102,-0.723149546176332,0.8696733105166254,0
202.08451326834773,126866,0.37062376612547643,-0.5909302678872095,1.2360256394965354,0
34.627685189542916,27429,0.14620225876121962,-0.8234779944245643,-0.7976289936135198,0
13.648781955192515,82990,0.1351214858359175,-1.2391927658539938,-0.4482443560944089,0
27.281274484661584,89767,-1.240384179936834,-1.9270560040265727,0.49794967476512286,0
18.12559085150467,15688,-0.8362931307319059,1.1948149510469743,-0.10291598287621868,0
186.77186128949197,24425,-0.16204782120130004,0.5632192696743304,0.45035799398532583,0
167.32148920971537,144218,0.4665178525219784,0.5818099560386113,-1.2321951619040128,0
170.07554556322583,19674,0.7115968031001441,-0.5703998735513339,-1.3473531322638417,0
3.436005568581527,10352,1.5650442145473944,-0.455243254264854,-0.5597996611183018,0
188.7187753931469,124045,-0.14030815427690907,-0.07114325548243981,-0.564271444095199,0
20.454433243190444,149519,-0.8998348102336825,0.8317526603952652,1.6889791676615433,0
143.85928443848968,88623,-0.5691150272481904,0.12202460439146165,2.0388622488411556,0
71.6748508015845,23266,-0.6793705326265526,-1.5045170856375296,-0.48503229557504723,0
871.2731163088412,166851,1.4500836507245265,2.7382528630380043,0.22177285564956764,0
127.37868181845802,17798,0.25542529420608123,0.3975385586362518,1.928923156553352,0
37.52210507976339,42692,-0.02714119699010209,-2.3415713782271568,-1.5435810360583675,0
46.475815121828894,168324,-0.7016119133764543,-0.6130746216539115,-0.6736659236236985,0
40.42591878359867,63058,-0.6697747756685017,0.11158621691055945,1.5034330904694457,0
112.10522950281566,86700,-0.8010928266363759,1.4176727203658663,0.2056766616156419,0
68.17883160850987,84403,1.065694145203539,0.45971395299212653,0.08310270835420938,0
11.881413723335038,40626,-1.4375647167621368,-0.6351166376187121,-0.691668658147918,0
237.19666719900465,150678,1.39447065475768,-0.031699801520592534,2.6169986990813654,0
77.33463825885906,71473,-0.9573983109138376,-1.8467826551649853,-0.12346521959624024,0
41.24554246643312,111545,-0.06221690213559999,-0.16482843917446316,0.14856097792054856,0
237.87006360718678,132959,-0.8007028341690946,-1.8185810424297966,-0.20719349020002145,0
58.495007228451996,17414,1.0805260629338365,-1.9838573648956344,-0.8653274661930402,0
47.56346031900468,96550,0.10871526871946373,-0.8970842857953986,-0.5175174814925364,0
421.23825734013724,69396,1.4342056856543408,-0.11509944006524814,-1.8792793986243541,0
6.789177398150989,153816,0.6068394756266543,0.8228776395233725,1.2487241025052525,0
27.98096745929594,24440,1.998278353999209,0.8448818737635992,1.9835416151565881,0
371.538479284436,69098,0.10125117779778817,1.253680558272221,-1.1022203444398442,0
7.949615807914795,33937,-0.45452015463420314,-2.982157659730702,1.802191608160547,0
6.967814922787537,77656,0.8626472844452608,1.941891901137956,-0.2520041694825013,0
63.22627381221339,38652,0.3331353418183397,-0.35344079347441754,0.6536415787332035,0
482.93931067504667,167655,-0.3035630758667168,2.2988556153589412,0.25617719085642143,0
74.74058760405639,153686,-0.06773368941316762,0.23519376760599553,-1.2371461165330726,0
54.45794593011575,42380,-1.6106782122127568,-0.6012215108001066,-0.17417187114640967,0
99.48431647962651,26998,-0.03448169620325773,0.926078024555291,0.013491117395601892,0
11.486469230737416,125468,0.7030116098695269,-1.1997802346688409,0.2160227575196683,0
33.30694885938841,136248,-0.6766100535533898,1.5740312404088808,0.33498382143050176,0
10.915836108988522,134285,-1.5353877181982234,0.6851095081058707,0.5010042993131529,0
69.75858756774183,111561,0.5469949335156379,0.5054929846639359,0.033885907715074944,0
389.73347933153286,96242,1.9550077258971714,-0.7075902634358393,0.9365181493320304,0
13.584650171433566,160802,0.3360938035855367,-1.0252618455038014,-1.291522671616973,0
378.4703128756687,72417,-1.151307777750659,-0.11703838947414143,0.8825789478290944,0
207.20957841359805,98053,-1.3769333702893887,0.5319778360346834,0.05023663552453889,0
5.608254077654642,125756,0.351162007814965,-1.8295859488618422,0.7725774110902954,0
56.12759431022475,102478,-2.1201221962915757,-0.8570202514391074,0.12951352015245596,0
349.82205368434506,147927,-3.1539900554317044,-0.2936815276473801,-0.0233368977941826,0
425.01268933303646,156594,0.455202183635917,0.3826933836855419,1.2407550894159598,0
402.9559301488498,25094,-1.245622297709307,0.32441526628723605,0.43025928902654237,0
368.36419199886296,10327,0.3693256164464783,-0.2783183205984979,2.329487340419225,0
3775.6605994025044,19703,0.0807626173421847,-0.3298195529513496,1.8073350560831023,0
64.81020850377807,101349,0.7167367532549571,1.175441898999517,0.0417616215951712,0
15.328648841587599,168501,1.2172409175324648,0.47099639182209607,-1.3092690721132112,0
128.85749678468443,14099,-0.3073628840396752,2.9782075505216783,0.35214563470022064,0
128.01594259574395,140707,0.9290147248610162,-0.507443904622412,-2.0204516363368152,0
73.46984140642789,22068,-1.3937298228634234,0.49515211710953594,-0.8735739314481641,0
8.943852662006694,38930,-0.6270325277584217,-0.7035441791934018,-1.9904551060523639,0
42.9252348711851,120019,-0.1482675222853841,0.7618106748108618,-0.5861967334156813,0
12.056560583976236,94022,-1.1380724193376075,-0.3482862288805052,0.7272854558814774,0
49.749180243484794,100290,0.30754244986083173,1.393702915217479,-0.2113465634594198,0
170.66129400383778,125811,-0.41570419822714527,-0.38942196272535645,-0.14137873531096432,0
158.71590914974152,45812,0.15674622656739062,-0.6954754259867951,-1.2809508235982485,0
30.500246702528855,144212,-3.4198151794120912,-0.4937140530495051,0.5334965730804051,0
14.056408847540713,133866,-0.09424621011312337,0.4232605981057256,0.9203924994713675,0
52.636097527117236,8577,0.5847721243364211,-0.48859644671120117,-1.6716823163961612,0
236.70352491454105,157003,1.023512404302722,0.10473116154970644,-0.05679886843686622,0
874.3092468478125,48216,-0.7310568910186132,0.047606256240413335,-1.1939372154016645,0
23.225495230606885,90051,0.7132333141794197,0.751666543386738,0.17932084616203486,0
1.0982074010107141,88444,-0.7397023235293195,0.4725925799207679,-1.012967304318194,0
46.30286394057478,7076,-1.1819273961654921,-0.14646048233575654,0.5943753905115022,0
1.2970517048598171,111686,-0.6785041737754263,1.9855139533601682,-0.20221344913047007,0
345.95605894776764,51901,-0.9933228056134707,-0.1545672284863518,-0.6696198066322645,0
45.02331920580154,113993,-0.8777758682019124,0.43975851295733587,-0.28779690155222293,0
6.74133109126581,89006,-0.40763095622907325,0.4809893524520816,-0.8202702409122603,0
138.20407422013227,169668,-0.16558750147603638,1.8139671249546272,0.470102867345665,0
30.674108735904117,91551,-0.2696785442185508,-1.6141931449709168,0.4293413900142779,0
282.78979582513847,124221,0.47039827551170843,-2.868322483207175,-1.750863763376664,0
21.118573309599487,3996,0.15747589673972406,0.9220587135013625,1.465938415440314,0
159.0260528646171,144868,1.1079225475169239,0.3259147590042747,0.0602408192956986,0
11.893676273080146,19887,-2.326262868176129,1.2757831098216876,-0.34767765444934373,0
39.54065170372163,51055,-0.2319591994434941,1.5902895285863041,0.9639153001676158,0
2586.3243484699087,84010,1.8917398330071553,-1.1626224550994648,-0.17810878964688506,0
18.962857857755374,26245,0.4771058285851509,0.19162913640595156,0.23663171164765495,0
8.21404370613498,142511,1.069370539258184,2.176062892176098,-0.3717520177315005,0
2.553328232491252,36214,2.3656757112713724,-2.4117975090434602,1.3854293365313688,0
25.721409788185532,149080,-1.9654747341855676,-0.27919700393914804,1.925947960318987,0
2197.0331669166208,87208,0.718753662890496,-1.8544245083095057,0.9311054220342062,0
73.04933167961968,5380,0.30183599049436005,1.606465448284585,0.9334408130237234,0
7.510582791917369,77614,-0.047061194071171035,-1.689653832635793,-0.4573269597217521,0
139.11329849958975,1125,-0.45576727717307464,1.1299205795802203,-0.65948774282282,0
101.40996803363026,165625,-2.022372367030088,-1.1935858703668845,-0.2253911510886173,0
102.12500832847546,56973,-1.43813767897184,-0.7798622058494569,-2.168026214332863,0
390.54381836598833,29652,1.2073136416157249,0.44416370783959697,0.25874862249778013,0
78.6501214734262,22300,1.5169432051679046,-0.7232227579790567,0.12011456669418051,0
53.9377280880774,66445,-1.56753492869704,0.5429922822839099,-2.104991321387684,0
38.63352420321699,7882,0.47934279253732354,-0.8913530315296293,0.1505584082260673,0
245.36264026370657,118301,-0.41412167001532324,-1.40137918764538,-2.026733910812894,0
4553.455334733627,141376,-0.1861587042653708,-1.025067466210276,0.8415392060864427,0
58.50538682339785,122766,-0.0664590502411126,0.44877312796171465,1.0104266952456935,0
23.98903396040211,70410,0.7969499888402547,1.4106904311396704,-1.403113680878647,0
2316.11322480333,125664,-1.5415075949166677,0.5005783705261672,-0.22404094349654285,0
59.90889726084997,65124,0.7695445225143432,-0.8226929320487866,-1.4209602285368341,0
62.59918256787681,98162,0.2181505053693199,0.9354164707103335,-0.318462773324143,0
14.62313876028031,90728,-0.07001443880691198,-0.2321273691887487,1.4387343908638976,0
324.6979074846425,70509,2.1308123916173325,0.555074443737218,-0.8017919285392571,0
37.54411691893738,86911,-0.20486729699039533,0.8846036539355306,0.6647486767677044,0
15.829641155992078,142228,0.5625518868304623,1.1533247547677352,0.4346922641998817,0
68.41748069649424,102207,1.9257349101260617,0.46656542472958745,0.7681043711325563,0
70.3144307386094,8434,0.29066238390731713,-0.09621917981367681,-0.499209541029642,0
184.80351475402185,15210,1.1108746048730815,0.28848865640192856,-2.0512581176263502,0
33.66703929172674,114679,2.664673659972791,-0.5952806633290677,0.46635322840659227,0
593.4026116007169,137845,0.20702445576401451,-0.23662807063620325,-0.7210590157571916,0
24.619619193728923,12363,0.09780001929482655,-0.4022957587038902,-0.7731916524035428,0
77.58614726949196,155387,0.4435235958651863,-0.513943659233624,-1.7313240863508605,0
72.88591264041482,71622,0.6702018609200677,-0.21327119708945388,0.47978502136907586,0
44.494552884216496,171571,0.6537583054429441,0.13826152511739356,0.8828920279027319,0
71.10983672708434,76340,1.9999508143787392,-0.5239631093427547,0.9496674589156379,0
258.3859346889681,142952,1.651895460480749,-1.4272808889021287,-0.29225052559896003,0
198.29391360714524,78996,0.16326348561792034,-0.3360840141292273,0.42584024105012486,0
140.33619688232767,126681,1.2305601282923093,-0.2860254255095849,-0.06815689111405844,0
441.3207286244464,87340,-0.9443551412333039,0.5378217374067987,-2.4889744253242543,0
101.04590466095794,21545,-0.6651067691301011,-0.6953120109888842,0.8167589447038212,0
60.61584964309853,106485,-0.02017170948505388,1.830740058184793,0.005211094360745727,0
295.34736633707485,121298,0.07893634527352629,-0.06900140206615203,-1.2837054562103964,0
15.444725480341202,156857,0.28253134709449573,-0.3472266278700316,0.34713549642060304,0
12.355053441588268,1076,0.15113738166363597,0.9308068716544594,-0.36516747863694005,0
252.75917213517997,95956,-1.0334857739130627,0.8443318548724524,0.7694341289755225,0
64.25371599910368,29404,-2.5602168076606837,0.30567714572898175,-0.8106130994736667,0
97.82971501440841,39883,0.11389183219701661,-2.7355282071953138,0.9405524098056034,0
15.83245676696778,14017,1.27309781423776,-1.249830391851189,-0.5853321952214547,0
88.25953915526787,44088,-0.986676270607882,0.21994744187991622,-0.7417417593015999,0
8.440300776786346,97556,0.1280477986005914,-0.5082984960016936,1.2688355967053764,0
41.41182620857334,11218,0.2936624613351568,0.8149213376717684,0.9563121952390764,0
59.022505994958,101639,-0.36373858126993985,-0.7398964663195894,1.4516974387959678,0
6.466632706018046,139784,-0.2382448778240337,-0.6147333885815247,0.21192622628056298,0
37.074586191893985,138024,-0.0901462888877925,0.9036671871139519,-0.351710127924419,0
148.50196776422908,32894,0.5127649097682754,-1.6643899756152392,0.7694510608790844,0
22.945431069564652,3841,-1.4102517977062508,0.8533514504194651,1.5464867785909815,0
12.654052184372555,111115,0.20964899916102075,-0.17946876673343878,0.1032239323862945,0
265.2580373448464,145314,-0.3148573162398638,-0.8580541932846821,-0.7032812022037391,0
172.35955222842708,73424,-2.0046506640352586,0.3751923249072533,1.0689306465023833,0
5.582126581797512,112046,1.45601178759858,-1.1378290069987944,0.21318289763670414,0
293.9945789005019,30755,2.381968135893579,-1.1915915347156811,-1.0787688150852262,0
203.1755104078191,93137,0.912490926546721,-0.6873568271356801,0.05168649188311803,0
27.571962794423,36069,0.4383096155919301,-1.0252977293670125,0.9418305300289156,0
31.36553274536176,16080,-0.17438261846260636,-0.36961025097255035,-0.37081142750073715,0
23.659443143326424,97435,-0.5449862566274507,-0.31327020695777663,-0.08588226417681216,0
211.27000656421362,78513,-0.01458273328842209,0.8508041913715807,-0.792967625208929,0
310.63267271333973,2205,-1.6817997978411705,0.38150976510157675,0.24312543078924942,0
102.5553644350678,165130,0.9663054493908605,-1.0969065945869199,1.6893289030379068,0
25.403934785860123,72944,0.6139843787390781,1.1411131802117742,0.5944407402696705,0
11.651741345403822,95204,-0.5827551380045656,-0.448515448408766,0.25056921139788635,0
86.45951714001802,91432,-1.0619179318477394,1.6366388855781866,-1.630892794708432,0
74.88867652141914,133206,0.31786964517599453,0.508777282306536,-0.8396274031788196,0
72.9715163402874,12626,-0.19081857375244712,-0.11309959306037343,-0.22531834932301928,0
90.65265467441695,22036,-0.6352085265418018,0.30402559589886746,-0.9407592975325263,0
16.21487074453314,166967,-0.25118308551084306,-0.3375564148477778,-0.12396104539455756,0
3.914536575426554,126662,1.396201814703551,-0.7366402143487735,0.6381340866731755,0
117.08645105465855,116632,0.7580317870254484,0.8829233325461918,-1.1851272235372918,0
111.00302167513449,78930,0.1514159078711915,-0.42200837618837067,-0.3492793145037313,0
16.54201972054604,98123,0.4109312444289278,-0.16149026846553827,-1.6788100359455234,0
78.61064187496177,116853,-1.3029770432900507,0.25145167624068954,1.190884083863206,0
17.170615997963527,40149,1.1972539842394674,-0.25377835085298267,-0.5020606194914791,0
29.65622738513805,60089,-0.6940444430149357,1.3428993159148421,1.5231332209486315,0
17.15589873282373,123307,0.688233341849421,1.0964578329683752,0.3169270249781071,0
110.7331590467914,113104,-1.4483559282207301,-0.3898516872579983,0.5344716214601785,0
22.908858506181254,59092,-0.26400377155395416,-1.0513660181044713,0.5793341365293726,0
40.09454179130452,45692,-1.6216246543760406,1.4017649922700155,-0.15122512906348962,0
62.08663461006463,31000,-1.7584259426478055,0.017114101530129752,0.42848654707681966,0
4.951018649784479,103578,-1.0898296309822826,-0.9873837932667994,0.7422915047445583,0
823.8261499670044,132141,-0.7577399157445576,-1.7098827332061741,-0.8264714749217511,0
76.74922514482299,39440,-0.3002952610161609,0.5080183216253652,1.8959238782384664,0
98.80334674151193,25402,1.2625801891613782,1.566604590944259,-2.04883362020475,0
14.966829023780406,120270,1.7874210522016525,1.3760557128860396,1.8861250341867113,0
155.13714733632654,34062,1.0700197647838483,-0.14986906934280758,0.6612923869185233,0
20.601258367433143,141583,-0.9249415882099906,0.9720905628945955,1.68980011265603,0
44.862905372072646,46647,-1.985726747975648,0.4402168646936417,0.3644838602558593,0
53.85317932222455,102255,0.4853740148282616,-0.5618848575277575,-1.154812820385828,0
106.53961210284602,21694,-0.9585665461345578,-0.891369841162474,-1.0636141918257942,0
7.321354395484078,78588,-0.33915733344991433,0.4565779961722817,0.13656384667632862,0
66.2762606146972,134206,0.9538914937658454,-0.4492388222189551,-0.08282733709123782,0
16.77923084968192,102677,0.3994989862464177,0.07762317299121037,0.7619493416364923,0
10.299027376787615,102342,-2.446986316355763,-0.3454072545510254,-0.322650407257596,0
136.66250690155195,30609,0.9115069486070524,-1.087441976832741,0.42679872569366867,0
157.45164113756107,67394,0.7444256906670998,-0.3883227344860435,-1.419449227833157,0
13.483182056448943,54478,-0.3395138597016066,-0.8024466729570395,2.2116074285168827,0
38.02004490209907,9684,-0.06436564950264752,-0.5113142463714898,2.10681178009268,0
46.84505304073521,120763,0.13025478314455968,-0.1571919976776417,-0.06467404994853045,0
12.051721571180911,149479,1.2226965215115309,1.4585292610669347,0.20964364379865824,0
72.01158110742726,71633,0.4369964782401853,0.07485422645790535,2.5532147079803194,0
165.66072621094418,20296,-0.03611596610543044,0.33221737512218863,0.5510386717281303,1
68.51855413853451,19760,0.6898322710184597,-1.9853496513622506,0.07968728986435235,0
27.29182118310867,49592,0.24712239910551378,0.0160156218156753,1.2227726578343472,0
233.77369654620136,117182,0.17131982015783542,-0.8604583681778454,0.5046879193553835,0
53.81237008828104,68237,-0.9975674005060426,-0.906976236408575,0.4695114006971195,0
141.15209051376468,34819,-1.0357094241512432,-0.372072326448371,-0.25526489308375644,0
74.6323613886225,117616,-1.0920282333363716,1.1147921949604673,-2.0782366198050606,0
26.134842331207967,158287,-0.10117105228341815,-0.4612704703931923,0.23280811319976188,0
226.37986926644808,34563,-0.6018827103416117,-0.4061744423996257,0.5615940015387415,0
38.72085925314866,116412,-0.8423492510594893,0.0015948763396895242,0.4728440522601085,0
3.969123284836253,132047,-2.7306308837942357,-0.8189981065606377,-0.8316190929274501,0
26.48370514289994,55041,0.6526277560328521,0.326590790551031,-0.8348787826563209,0
77.54028839281642,40694,0.7477794793130997,1.3938797248553736,0.0566135282056177,0
61.73254164146896,64873,-1.8927802776914266,0.2835663474275689,-1.071208135811265,0
188.59558790481566,100513,2.0526543364177265,-1.3414793698625478,-0.6084004063560319,0
10.43275202361333,5443,-0.08572700786977829,-1.3950793740092207,2.2961448075338673,0
19.261329754093456,162397,0.3327304910905369,0.39326041709355675,-1.5658683964896751,0
198.77127432783738,74658,-2.040341434338791,0.5943584357925803,-0.6335656324012982,0
108.41002940617976,109446,-1.0525866736804532,0.6521900940570398,0.4700237426406544,0
41.73583333828756,78579,-0.10260768692392448,0.4328308013614106,-0.2954651214487262,0
34.755730212431914,148659,-0.1838257115710036,-1.012422807354008,0.043796408170980704,0
58.13941782387862,73198,-0.012060264633447428,-1.0006305759932923,-0.052715829517828106,0
79.39331631480475,150957,-0.3009910619144704,1.1413862467264013,-0.7844082192375195,0
80.3023154502507,96429,-1.6557700604523522,-0.8280796596250305,0.12277092288756976,0
390.71391143368135,96537,2.411438914040574,0.17141413168341224,-0.16139493550337203,0
90.95719432191699,14523,2.461242182094616,-1.860994045804261,2.557670217728095,1
54.3224895770407,132720,0.35403562721038834,-0.6020211168875875,-0.734450199210234,0
61.152121750524046,35402,-0.5301876924740055,0.16684011284993913,-0.45463868589815337,0
11.843654081780162,68743,0.47871732811669176,0.8920891876171446,-0.6536985526260397,0
84.69641062174583,38624,-0.5825332215282527,1.4705941364446997,-0.2710988765958883,0
28.372522641746077,157795,0.7580767319598234,-0.6160350725136987,0.7229884352747075,0
4.844650984683698,18782,-0.16120065410123624,-0.4572236756141977,-0.7657626746393921,0
9.96674912185839,151182,1.2610089907918465,1.1140399354988402,0.7064810624641843,0
429.0859033348333,150441,-0.9532435217031926,-1.9205681549594957,-0.16149221830020272,0
43.55737253962425,51372,0.9929381874825534,1.0218439668060253,-1.2134895236856127,0
86.57563501034191,5597,0.70302326770738,-1.954280873945147,-0.6951872339719523,0
22.185112608294652,11377,0.6117495829319375,-0.03126445103704211,1.191611441868575,0
27.664719192241776,16489,-0.25241504518908564,-0.9154937427327631,-0.6821968891950257,0
353.94013502934064,145320,0.12503287162949525,-1.6837978164353384,0.517251191056677,0
5.438146507102787,77702,-0.20869817108075522,0.8952410772976246,0.06679973716629148,0
4.099988103004572,43026,-0.05885143945415528,-0.7480055117004242,1.163424581850198,0
68.03828283647174,21637,-2.3994077443947788,0.03331729785012406,-0.8907966384706564,0
594.1314265126049,26207,0.04942263293370116,-0.26916372775168357,-1.2753294556623025,0
194.85609640926734,53095,0.8101946061243469,0.7650139501598675,-0.9893146819272315,0
21.6182417685344,171481,3.13466533142463,0.011056552200817317,1.2741603913535307,0
67.48367455160057,8041,0.23132609434321005,1.7078756149070666,0.7808664169402806,0
106.29494781744395,69468,0.0005169397811825995,0.569826453793183,0.29116044110284506,0
178.32095258542822,32191,0.23617997185794204,-0.5393719627317577,-0.3527168653632215,0
301.9017911870547,75204,1.3924933539360522,-1.9620380188044135,-0.04892229287716464,0
45.39016024982423,171792,-1.067970427798443,0.5592964081390205,0.7581911667754967,0
144.24782209572956,157511,-0.14324901630412007,-0.32643026510535444,0.48880551416881296,0
43.21349078095774,124703,1.0723887923273803,-1.265123014377462,1.5766325931597431,0
32.8904827165323,43050,1.7935025095316364,-0.043746962019359584,-1.3000139457238313,0
124.86436448604674,103313,-0.43509409440551916,-0.6276774936941314,0.6247481354098444,0
263.03995782025015,89860,-0.34601879087502047,0.22812961632781434,0.4387439061410878,0
65.03123988275027,128975,-0.1561228144469625,-0.9853785695637516,0.29873502232680565,0
4.51642118319563,124264,-0.47753768863612,-0.18185519737319128,-0.6172739610368173,0
44.367050007080636,11683,0.7246492300794078,0.004784719911770596,-1.3943116805262625,0
10.096645686041086,123793,0.4205760771130736,-0.23572140920813092,-0.38886666626921507,0
14.111795752444767,6586,0.3863760308251943,-1.8086729468152583,1.4844142003318928,0
34.69501136347127,96538,-0.03509722220273701,0.9523006172624059,0.137298039483744,0
26.434177475685082,38692,-0.37646886810880725,0.419468666218272,1.4690056619119927,0
11.548942980405926,105094,0.057700881976499654,0.7115884109066664,1.76665451155907,0
12.58418458121914,11945,-0.4452045068770011,-0.476475023505905,1.0943292402560905,0
151.88205035288445,161897,0.29794047116560884,0.6323248245259746,1.602565092664914,0
20.27762965125094,93177,-0.6835656869173884,1.6566640438798748,-0.7700243528192435,0
342.33297612698124,138896,1.121839172114631,1.4547950069433815,-0.4613520624616799,0
35.45062504998374,108406,-1.0456979033395466,0.17964518550821112,-0.06340599993878523,0
29.60220172779894,18,0.26589204296329355,1.096183695433429,-1.8869461941588264,0
7.9375235323572575,128840,-1.0498150511319018,-0.7209215513353895,0.5917383069255335,0
134.0877602108369,47457,1.0113502617531425,0.08568731355869362,-0.18164069427257376,0
83.69103726309739,148351,0.4458410295374525,0.5503405953704218,-0.12827045435429021,0
34.92489129337145,112010,-0.23556081095405124,0.4251600904341986,-0.30553796833673735,0
383.74607022509736,69073,0.45556326543500025,0.3913501364965944,0.25873167415198567,0
60.99519872298646,45258,0.19221393281104154,-0.8709043959888985,-0.1967717115799066,0
13.87116368945361,1420,-0.469439232324967,-0.591914674652592,-0.0544130337477277,0
8.895437207514245,33539,1.2188208522739332,-0.010586898859148207,1.3102769570853696,0
9.169494512461695,85490,0.6438519192181824,-0.5603462148226406,0.29976592839270966,0
137.3341433092713,133823,-0.3918221523807928,-1.0757565587517897,-1.304397016220665,0
191.6147281709181,76167,-0.00812624750717833,1.3036654827902476,-2.0256050467837605,0
119.2395125154666,105257,0.8655456335324518,0.1397887546838029,-1.1883725737268465,0
146.63520871222534,8911,0.7020290206872111,0.43332064764223704,0.4674061900160676,0
20.367513764468153,136362,0.5578395020187228,-0.8903502247478582,1.0292109864841137,0
512.5657185612955,169271,-1.472089067485092,0.28083177668355847,0.6217313256159386,0
37.07664274361364,117704,0.38261434983886744,0.5736641806541833,0.09131677010842282,0
56.21521126067315,107276,-0.916065383234988,0.5646574480018691,-0.664042279550575,0
4406.804659065696,67891,-3.6885342252187074,0.2778486591984347,-0.12146283814801964,0
23.81618221489647,37471,0.3128046999883243,-1.096159904671,-0.581761727737867,0
11.990356121084373,31854,0.12487765845756654,0.34958136558630265,0.7731568772003998,0
98.36489946881323,94191,1.0577932250374489,0.6258367527964169,0.07990951754327062,0
40.831013615742016,60384,-0.9200969721941274,0.12006330059120149,-1.0301200743532615,0
30.746440011925937,10011,-0.37990989893518035,-0.02425897505839822,0.8349317957463405,0
50.46310106307126,13910,-0.34336272203483004,1.8473298798193094,-1.4197600302105933,0
69.43584870745747,34253,1.5055318501914647,0.6772764325338811,-1.420247177261042,0
49.68282001743567,156714,0.529686969569229,-1.2459336249064492,-0.42118288693372213,0
10.187124680078457,17660,-0.6931781932631417,-0.4854420607844867,-0.9936963968242701,0
6.312823447671926,11352,-0.13902812071358622,0.37150422422945933,-2.2689607130351543,0
64.86236967338668,60734,1.1299114214843222,-1.5409195025184332,1.2503042641320241,0
197.44563990620384,124826,-0.1554658986134471,-3.0911404126506357,-0.001050114225652101,0
242.92469488940557,1207,0.11471785936995442,-0.2755166676753221,0.21017456286919778,0
12.617308051084143,7288,-1.3490804513893226,-0.10017700433563956,-1.0190638024555394,0
61.43334620155805,57320,0.03988109710291,-0.2861529633383543,2.246510379575572,0
35.43733602204282,2991,0.07101576044968302,0.08072108210740644,-1.013217519955651,0
28.42098283241196,117436,-0.94861986775502,0.29896331115662605,0.6054942035329098,0
8.52929208207385,40429,2.0729414973259197,0.22921560790319517,-0.6532175053116018,0
3.128785999923999,133293,-0.27592781665416066,0.38587770874421795,-0.27393403703182956,0
88.12548508507484,157908,-0.4382827221244085,-0.38852908162586597,-0.2864500260991844,0
8.237311929056258,141180,-1.189548326646359,0.4292494745510674,2.0856761487145383,0
240.22424583397284,26385,1.983425947471936,-1.492986999850874,1.1160485267407225,1
10.86371371651941,29968,0.8411202150511431,1.538708664754111,0.6591710685702954,0
294.45934047110933,35241,1.6584753181874854,-0.22168685004000194,-1.0636882462142685,0
75.27443858815926,49875,0.3026841857908549,-0.19175896314644333,-0.8167229674153624,0
25.130124979187517,140940,-0.8788883367739376,0.4921535772989723,1.2948424515970334,0
2002.9482348959737,116677,-0.6527770573112078,0.27255467896691865,1.606884909070334,0
98.67878491773223,85151,0.9227396595546894,-1.7814834848233991,1.8172048463446209,0
85.35459513684913,111045,-0.5328197030414654,1.001053816829086,1.147881475849398,0
28.828560881883213,166746,0.3057620107799515,-1.066012232592495,-2.0630751633546667,0
113.40413512404524,7004,0.15225902275777226,0.6250858065957134,-1.8765857065544547,0
19.913733583216402,170838,0.23969979472733427,-1.604682564304003,-0.5572819527783155,0
7.41824349195498,826,0.8963093554151859,-0.5539169901541134,-0.29593261274395666,0
34.9506085706188,69550,-0.46785977419361974,0.3179242360565201,1.088765706295778,0
357.7016421641899,172420,1.989357420612601,0.9656815335132793,-1.9063892745640802,0
5.455595696181196,169173,-0.1157796114311449,-0.7918178000487301,0.5840500251403595,0
118.19376974085324,168859,1.4346437569674118,-1.1800991226571473,0.387875047901314,0
352.5204715131885,145271,0.8271002185708735,0.3448193613922993,0.13292152291222345,0
623.2109317938683,88589,0.29569987838427225,-0.684044928257951,-0.05775725883444252,0
78.0876903651349,57172,-1.1002817713472386,0.5796806430443829,-1.215550300477453,0
117.27535319166499,123763,-1.0077910540877386,-0.86652790074693,1.2467983972973036,0
1.9970097052792668,142412,-0.336120598002291,-1.3284518417238824,-0.3409651188067696,0
33.630602691600345,128259,0.12669582202891708,1.9809007478327134,-0.7675880530399555,0
20.233108612054465,982,0.24203604044455257,0.5605000191063105,0.5086177279671764,0
22.90405194061786,11320,-0.34673924119512634,-0.08701584314885635,-1.1838737628167353,0
136.53846334321005,23807,-0.01918748728040011,-1.117701338033325,1.0987087697416487,0
15.340954758518224,88918,-1.0529074124690432,0.14171872836231802,1.1594450445140216,0
197.3751301944907,11683,1.0683674652917106,-0.8107986868730284,0.6005513386585011,0
15.080465564677464,83944,0.7593271903819645,-0.4279288924893382,-1.742447991490222,0
25.78268839722956,1132,1.0158448669839886,1.5844397434011452,0.4192621095342707,0
10.966803546957076,36894,1.3144120899610041,-1.3640711962016525,0.5225616367828146,0
11.199091357545722,98698,1.4783977370508414,-1.9561231288262613,-0.428906249117353,0
16.30888377529502,46546,0.176516307789078,0.6489631024284039,0.7085389661293949,0
10.148981399432088,87091,-1.3797520012154274,-1.495827693591609,-0.4337431280211243,0
45.15952090452471,47285,-0.2695058308588485,-0.9709552421001595,1.381282414403875,0
835.7652717995138,144126,-0.5193433735857252,-1.3467355886267751,-1.5432168625083487,0
91.84156440083339,118222,-0.293258546795674,0.03285019291590827,1.0938157455552115,0
269.9670258777613,78728,0.28226429997293634,0.45354208221610737,0.24206276999197096,1
9.679414318698864,151074,-0.7671119880685074,0.30811398824304875,0.0635115564475764,0
150.62016658381748,16515,-1.4217369414503513,2.109499886308207,-0.7175881606516786,0
186.45062628799295,27410,-0.9862467205712259,-0.6236051116288274,0.34199430914293,0
81.32272434684448,133808,-1.1908167133830003,-1.6486755850994093,0.677175253551075,0
108.59045528698516,32206,-0.4380787314849832,-1.015778450196929,-0.22686974131832857,0
6173.894405165991,78647,1.200665440810028,-0.7118617836763036,0.512276491710753,0
8.538402536462383,87507,-1.0453787830787904,-1.0984184760624418,0.15459656873443772,0
286.96129277663005,149295,0.09876865182869957,-0.5032558597927953,-1.1562468363408278,0
15.710564594516756,51632,0.756512920286388,-0.7881402096096431,-0.4359826021336563,0
53.617021246329344,66704,-0.7119029279398492,-2.5520402649879963,-0.23679649697165256,0
64.52539729167538,128574,1.4071663054830381,-0.24475345605070398,1.0870788370591657,0
312.1205203075761,98906,-0.07216012762566264,-1.1370218871975823,-1.1107634394703678,0
11.23997220143412,94311,-1.9596457271507892,-0.20637693500690923,-1.1492620041303565,0
54.781219931790545,32976,1.6578590338964756,0.06168534756039756,-0.5320949496669284,0
15.497964038974668,131496,-0.20439461381491617,-0.2280294943096174,0.5670869768182999,0
40.91343743889386,123208,-0.2672705771963545,-1.670797123856262,1.2268188948777903,0
85.10619762804643,6371,0.9957869698281434,-0.02655267784080616,1.0334316021028844,0
223.17585185010967,121559,0.41835446348931826,-0.16620246394509763,0.6731441853017134,0
28.60283102085947,74189,-0.3763283737554219,-0.4641396164458757,-0.6119472060529183,0
14.681271295135952,19514,0.508581034300786,-0.3033173453674697,0.4885388306686665,0
26.016084084738427,60359,-1.164311669235852,-1.2137725930244565,1.7648110995064124,0
86.63489277844859,131895,0.8369074694646996,-1.1973398528005825,-0.43208516830565924,0
22.72347509100383,168560,-0.0820136416776171,-0.6281228462207872,0.48914921365542813,0
35.49300882948292,54524,-0.22591200887759133,0.504677360680569,-0.6710638402347365,0
43.93372098862481,40566,-0.8206235032895639,0.1732062208295014,-1.1983001028094307,0
67.72002353221691,43835,-0.04129386130447428,1.1060091937816618,-0.7178015296967489,0
50.0941284351639,123671,0.2182426448606589,-1.4536646106563444,0.2317011463115817,0
252.76313394925575,142609,1.677565785243285,0.7309754363185561,0.5338186695379535,0
8.716080517252262,15091,-0.33841234440653767,0.670891895904928,1.1275317291363527,0
36.42253210695523,45167,0.5199379551695549,0.7272157441891315,-0.8936854435074334,0
9.632734813166493,95406,-1.0226342596315035,-0.7140503144980717,0.5449579539642039,0
165.23287561546366,13091,0.6764105247761434,1.0246268124054345,-0.22683846496076865,0
196.6849090243945,138449,1.0620435153188557,0.81427303630128,-2.811629892143023,0
179.80997061442199,41182,0.2906680062219036,-0.5124683696804051,-0.9082968765775561,0
239.50995781918854,83406,-0.4056916336563577,-0.6388097530058368,0.07700284569919344,0
161.42041540460934,3668,0.9008800702912746,-1.061435868102502,-0.050175266562986445,0
80.32329348330887,40849,0.30387396106972064,-1.6851152052458205,0.013176074346491283,0
97.53514562834032,139018,-0.7576249162197798,1.8893303991860388,-1.499629273364982,0
16.40808362331289,87972,0.7652427875460576,0.355142864272947,-0.35429620892246844,0
92.38320045964777,132166,1.598149104031678,1.8575854273221604,-3.360901728784043e-05,0
91.9363260842638,34120,-0.6455948356897664,1.3815750365172108,-1.661031522327887,0
15.221212745913556,34173,0.7840781895926717,0.08615337914324711,0.945963425713319,0
4.019639699968925,133479,1.6121954704075174,1.0709754793516464,-1.4613762368138408,0
169.0384510637981,907,-1.222217696406972,0.8055025795698685,0.8030395548929213,0
142.6964565630371,100171,0.5835759154856965,-1.1273667736654525,0.40817622013247046,0
6.287273734468139,72964,0.052158897540048835,0.6471498591389149,0.9044733016517724,0
215.5306607214589,156646,-1.991442724427748,-2.413283371122146,0.057762585516720456,0
121.72427825226187,170185,-0.23357804502210652,0.5899315142713324,0.4517777617628445,0
5.221558094833746,24967,-1.621170337303497,0.11380574183063787,0.6412760898715009,0
506.8504825621882,158578,0.3679837126570526,-0.8270941544625277,1.5922381996508885,0
70.08716562895734,32827,-0.09406471522818036,2.155553833410782,-0.16814201474531354,0
194.93113128925955,166083,0.4103300865455941,0.49349455797182795,-0.2399331348870761,0
5.94074362082732,59701,2.196421699448859,-0.15776265320109464,-0.8242969684529372,0
11.773027997479135,75561,-1.5878325140338636,0.47375911402487836,-0.3022414555354242,0
16.86296945789016,96946,0.29693954520150534,0.18857206678463265,1.1305920594026617,0
17.706035842340672,51661,1.9178264913026555,-0.5265631289844966,-1.6833676204053896,0
65.12984839528391,73673,0.9818849845440805,-0.012252980018089017,0.46635331903267563,0
339.31834192325147,14332,1.4900877548479785,0.9465630273300456,0.09187370717463467,0
203.21280913247674,114163,-2.289355121537986,1.4204333844191517,-1.7626208803004477,0
65.88012178999288,150348,1.0576353199916007,0.7827357839668391,1.249340080564395,0
322.5909034867283,167437,0.508512340643914,-2.6525166350437375,0.7522143378569391,0
325.64064765651125,92185,-1.3405224891715453,-0.7740244812224795,1.2516029969434441,0
3.454232956261338,11465,1.0075571825189649,-0.7503155427526803,0.27504446789121206,0
2.5671932904254455,118168,-0.9676894007946114,1.6437233793383912,-0.7681913151764732,0
6.934776787119438,76028,-0.6476838428608372,0.6199208546813539,0.9534299291971681,0
19.509965073467484,103488,-0.14020651869153955,0.16942835498365993,-1.3970414430710676,0
109.25946169180591,19477,-0.4118076865863304,0.6425873801021073,0.8289190892672283,0
518.2262450971242,148893,-1.4224614073217372,-0.23538063984864863,0.2656227803353575,0
70.43016503167593,158635,-0.9064786275309948,1.3114659296317654,0.3547729436545307,0
26.662023815917532,70904,-0.3947002163270649,0.025697120761836924,-0.07707366192514237,0
1359.0083819657832,150002,-2.5155471255965667,0.35715229072896015,-0.7176079430153409,0
186.87642354787852,171503,-2.5493818801058503,0.9233638798072252,-1.1962849738443408,0
83.35047563784269,63571,-0.48459576514477076,-0.07620963581009493,-1.0942286076008845,0
96.2615908797241,2192,1.0514829612327208,-0.3651255134570575,0.4396970271988037,0
35.12979316310797,112626,-0.8144266312431278,-0.5802869661590286,-0.042271990989943616,0
111.40208278692829,63518,-0.791736906140464,0.018375437403298462,0.9641242319694512,0
36.59902153920196,16444,-1.2013919388265564,1.2816643036901374,-0.7826675413522994,0
97.31723144867698,9586,2.344068050981456,0.9878523331198218,0.33013481293503316,0
144.50626873429468,1872,1.4247853289886303,-0.04261432799743604,0.33417196420160655,0
154.60675827546257,147378,0.8032321026246783,-0.47337816224862944,-0.9660499968151365,0
28.909346077310072,154624,0.07048622343657632,-0.6698839387922054,-1.1992661003299145,0
63.065960163881954,36163,-1.1002837666026692,0.2649107950312437,0.43466114799835426,0
25.811579541395233,48544,0.7688580060979814,0.30460239029287345,-0.11190702383841683,0
258.6619179695987,8332,1.3429892401101329,-3.2866607649204855,2.3579675345978663,1
461.33395919719794,82819,0.8926124608442958,-0.23244640629481658,-0.6049463308947992,0
44.146164641605075,87420,0.5991927754586999,0.6937755156041088,0.18963983003029036,0
1184.2564815368073,37575,0.21833925483834085,0.4446737620707875,-1.5836585466830888,0
37.76510030796393,85823,-0.06190446743534821,-0.09266929363719373,-0.05013601421297739,0
16.215701039033696,98099,-0.2901730565418038,1.357732424392248,-1.3595225577039547,0
61.38568120670439,32822,0.6824516954183844,-0.14460926827736928,0.6899232339838417,0
51.68228322173661,49339,0.5928848305272745,1.2714747160857989,-0.3719037730287021,0
103.06899294314715,107507,1.5286713849534401,-0.3598037811406606,-0.5454110512439202,0
178.85008135164787,136087,0.32611322893978895,1.1201575758884315,1.0249837220386329,0
368.16464763445464,28071,-0.809623117625247,0.6506739599330049,-1.0730734748401025,0
84.24889973972769,156259,0.004859687543608257,-0.11788749044934267,2.1444982276779063,0
18.182334788509124,89527,2.7124859466953093,-1.0822329692354855,-1.0503806833183948,0
34.80659289204492,39899,0.3961238048485289,-1.5803756104738442,1.7737886171916712,0
61.52212053046269,139490,-0.8105375611126893,-0.3713708820175137,0.2938239930450171,0
23.094565743533913,17637,-0.7218017124223504,2.3310531101385155,0.15441167030663364,0
864.994729699103,22612,1.6248853462699306,0.09931733753056096,0.639725164947583,0
540.8390747970559,118217,-1.437146723619142,0.36080827220555356,-0.7181925368946079,0
43.63311848353719,45984,0.7323252427629862,-0.0345360589576055,0.24562759357799716,0
13.747591548336805,76945,1.0365045175635086,0.16755807774570194,-0.8189424529405489,0
78.66612381722183,97654,-0.7898686555310777,0.11031796856418428,0.6442309494815042,0
73.52241132782886,167035,1.6370045055023816,-0.12329704381236894,-1.4669373262716003,0
4.25582779108259,110760,-2.8580055598514438,-1.084260824532684,0.11746707971617228,0
67.7036335814213,21485,0.5711772570159097,-1.8966973629086297,-1.6585614397948507,0
218.41680989810342,46904,-0.7058820395815816,-0.6708626532872827,-0.7459285339508164,0
10.386402917821133,137719,0.28547846799415194,-1.9919835374098678,-0.3479419926478056,0
5.939545687352285,150267,1.0864916776796774,1.715725553054765,1.6665310298145533,0
328.8994368173717,128928,0.3478422289683692,-0.13866807700507847,-1.6104255994710395,0
57.795259293524495,93396,-0.39938532602654736,-1.49696260704241,-1.164702105637571,0
367.72399474633147,69902,0.5294719880893956,-0.756891234138721,-0.15416523256057643,0
577.4358277287123,109928,0.2662599624659535,0.4223445859556993,-1.3118256042470706,0
8.009549761071952,51337,-0.9358388726584004,-0.7707409259384977,0.4496867933795975,0
15.218423077604305,77125,-1.0826689602373538,-1.3644216088502206,0.9325769187871541,0
114.2044462389019,37269,-2.749824872916261,-1.017629575647363,-0.6660112061350244,0
41.5188083753734,89606,1.2274452091146126,1.213727025766142,0.5617953522723252,0
7.715997331801776,105137,-0.629511990687511,0.305621898631195,1.0152375798038487,0
21.219643926966338,10002,0.8041438950753599,0.335032539274195,0.06719045707095106,0
323.792192959591,152285,-0.7580522808837997,-0.14483044742963744,0.029691006459867143,0
26.92422444276112,77760,0.00831510522813468,-0.727502932911065,0.9534581242250244,0
175.8252841703401,1865,0.876333562288382,-1.0559506912060748,-0.2133368875199955,0
37.731567497263775,158596,0.5131215741323824,-0.053915286601058515,-1.1284539285304154,0
21.97596943270365,165600,1.1892602561779086,-0.49086195495850504,-0.36548842333516096,0
72.65698415492697,65064,-0.9979664096429217,0.4104250107810383,-0.07625624734670776,0
18.239062520570826,168376,2.695378139261392,1.5172063598722831,1.497386297147411,0
9.471910915846392,102592,0.416379469499937,-1.115633270105207,-0.17423230287147912,0
36.97713648653558,98415,0.9426910313571608,-0.6717822375837462,0.9379118123996819,0
18.780267336974223,12043,-0.387710579751621,-0.6850731808539795,1.0611450469987436,0
10.293460549484422,141696,0.38168374127538207,-1.2426719238813575,1.649508640759889,0
6.65030059335535,109660,1.0654929744875785,-0.43939224162999474,0.14520514883499874,0
60.543323500383345,105317,-1.9274312547738157,0.5178079681139361,1.3131328911313596,0
204.8872105779039,63576,-0.19768049272527757,0.56645166114748,-0.1559613249087818,0
15.00035245772173,125662,0.0264897512785753,0.14008051421581588,-0.22611908384353777,0
31.770899198715824,34094,-1.030286402586011,0.02197596373242144,-0.6940415514785975,0
81.77259220709846,155791,-0.6025601774470817,-0.00847348609080002,-0.592528443706528,0
201.2220209218849,157876,-0.01562835735053659,0.35774675259289584,-1.522954471501387,0
1551.4576995505518,757,-0.8649637836017287,-0.6977101468925228,-0.4941788322147601,0
738.0013875500865,118105,-1.140108860190293,-0.6317061390817941,-1.6809871411101105,0
43.042735086157975,122448,1.3133308847368192,0.4548898433697707,-0.21943501697100326,0
157.9779981004437,144177,-0.282448501560195,0.3703652360310856,-0.7006535730334728,0
4.782322011842054,24459,-0.2776320514085376,0.8967746804031869,-0.26814500657960266,0
1168.076970030467,104014,1.2146047661582162,-0.8362099366988904,0.10961075601371914,0
24.44187391396442,55313,2.1357227571923354,0.6288510872755013,0.9949347305887213,0
134.20470880235592,69360,1.3891039981039754,-0.6081164249854466,1.7506676943767738,0
4.001492678150526,83213,-0.7974858717312995,-1.3198665381876749,-0.2154731461934309,0
41.11933930269201,166759,1.0762335295357706,1.054496032143825,0.4954113142365271,0
57.29868250676732,131067,-0.1899106580187796,-1.451999223232802,0.3785769094583046,0
130.18249183273554,27315,-0.6135656119478741,-1.4059968453846605,0.4423795732597483,0
2.1317677180472887,93518,-1.5580513904418336,-1.3918443698929386,0.010783324745670078,0
922.3082164939387,50094,-0.3696436503451275,0.044470206613573045,-2.1191980862573088,0
43.98587969617042,94948,-1.4701262428519872,0.15274739331367418,0.08702401314644452,0
15.529404270409291,145075,-1.243908509762105,1.106917018501489,0.7345048673360812,0
38.117222403853326,99354,-0.6453250013435032,-2.0516986583313392,0.8056694543461744,0
40.22502742767115,27597,0.6424954589795935,-0.09984437413467964,0.3703879960761916,0
314.1254738477889,130745,-1.0113844897202995,0.08446109129787976,1.014292285918456,0
230.8193751896363,22812,3.4365549287086448,-1.3759858891609345,0.7047328324192198,1
34.68458910417224,141779,-0.1776162077733514,0.48751165243913797,1.2183433091187033,0
44.92118724227502,155761,-0.6504995329525819,-0.37081847280848734,0.8989524588946717,0
47.44379355852078,138426,-1.0882700594733754,0.271720790967718,-1.193608562589816,0
4.312827633835638,5293,1.5429159370851064,0.16417662874009795,0.4631856507849322,0
7.033626922629158,56938,0.9588827977810098,1.2551416586168176,0.5231883634206589,0
45.09071364510925,62714,0.6926275091454464,-0.4355459812026333,-1.7922083481737645,0
358.8931351266422,67824,0.2650771949017668,-1.051568065830898,0.7327550243351981,0
97.00400677784354,7734,0.4578250557951102,-0.016258850490092066,-0.19188434995901685,0
26.62215638773958,22144,0.695903219490632,-0.6858427112486257,1.4619866736130236,0
15.410552978363237,87236,1.2452861033576965,-1.5286676820910434,0.38199761390965714,0
166.955330804877,138161,0.7812913955303626,1.4199473864256327,-0.19229067785011764,0
26.29018349079673,141630,-0.2850136251807453,-0.3872994098016877,-0.4412815317907125,0
185.90866730974972,156007,1.5530262767892917,-0.9037068331075307,0.2754893732389986,0
91.2095001052234,164340,1.0627808400980425,0.9625514112344729,-0.4062980883753709,0
6.194167746830084,18640,-1.1371319509454654,-0.8954003273574486,-1.8519197537782854,0
108.6890445034908,41603,1.0736414873768128,0.5066200608702647,0.7502896424015294,0
272.97887787242064,155673,0.5879916590523898,1.064415189847801,-1.8053499321564097,0
79.49858919427126,116585,0.7989568430525581,-0.33817865790166524,1.6607331589085825,0
47.31387672713772,119097,0.10705794010061266,-0.38773428876618343,1.0830924999677984,0
367.4539442425758,107716,-1.0382329179597716,0.42918051243365635,0.40919763847961177,0
25.47734697771106,145832,0.4277999092532292,0.5044396374726711,-1.1832610691848267,0
89.44824305023613,18458,-0.7943704998710341,-0.2086051642115319,-0.6236658096006352,0
259.2801413024356,114824,-0.4505998366548686,0.47609048536924353,-0.8587043913651022,0
73.58360333895077,104448,-0.8251981321533275,1.1592156772725801,0.6084533591728336,0
155.12821922062486,117296,0.01676627742101143,1.0322935607419477,-0.486094354021082,0
14.739287528436007,125056,0.16834041446699483,0.6794278195491296,1.2592053794584397,0
2872.7293955652017,127870,-0.6953112555650752,-0.7084435442539643,0.589327392037044,0
5.492254056243776,130374,-0.3714339586299144,-0.47226452219075915,0.5147671743992582,0
33.45092130710287,50764,0.17302086514130235,-0.5970521869260542,-0.6049259856363891,0
6.728257512673323,101494,0.44984914638560036,0.3682612785216382,1.1269613337699802,0
141.08996359994157,167862,0.4228251387263031,0.5528647079227058,1.069255183316835,0
24.16413128478778,85058,0.5270986425595382,-0.9596943005910923,-0.33177854887560004,0
135.9002757891531,95660,-1.2090205238536111,-1.5936968213563618,-0.9867724562500126,0
312.2675968062682,27774,-0.2651810195821017,0.9161408368675319,1.2534166313607824,0
141.598245808426,12011,-1.199079187130409,-0.964844208291479,0.7392306236707276,0
74.64458298625914,56414,0.46464061281846064,-1.2324285901981136,1.80732143240094,0
156.37268630825352,72920,-0.26009129092500577,0.689509535904611,0.41404052275404846,0
47.275822254356186,146842,0.5537409205186783,-0.6210200666013457,1.0358855712257866,0
193.38016116865597,10086,0.838392971982411,0.9522344924733325,-1.0358383827042241,0
41.725959369617264,125934,-0.41324530346938976,0.3138495919360631,-0.5136262153634513,0
328.6052730515347,97357,-0.618457526851712,0.9941980040041176,-0.5320676962580139,0
19.32439969203061,138904,1.171204269464791,0.9288961465977631,-0.08592625686346105,0
41.14521984741915,61314,0.5707831547859828,-0.2520852229845824,1.3258986278559977,0
34.52156077264941,31050,-0.9570143299339748,1.7297607434972442,-0.46436711501667244,0
45.97790057612616,23007,-0.3240031890937608,1.0579691172976353,0.34525906885723057,0
39.77762792299827,92303,-1.748961085289554,0.28846892239685906,0.6193501956517038,0
3.488393616879734,143404,-0.07957006809963585,-0.9682174397966041,0.9175235068685329,0
345.49755022376377,57564,1.4297271113944006,-1.028444217423755,-1.4136781073787146,0
79.35749468291309,41876,-0.5526389789676691,-0.23766229445260917,1.407260852030848,0
101.87432483810232,132321,-0.2652700653358303,-1.215628420853773,-2.089831807134158,0
188.81635453459305,46659,2.3820918792357744,-0.26529576871673494,-0.8632644813209689,0
85.05240002099875,158624,0.7391733124484073,-1.3203334148500114,-0.5721285767051579,0
9.892237150383112,6798,-0.5364470389637153,0.7555217992993118,0.5987707079945862,0
204.70978251999205,166343,1.2401801857544885,-0.12796471234219323,-0.16775053926546446,0
39.63905346805861,24099,-0.2373484782054539,-3.617939354303624,-0.4241810846942808,0
2.804009296015595,74492,-0.05819651277981334,-0.8826043110162297,-0.38669757997578674,0
501.1177318106781,50588,1.6236819828626834,0.18843321138644478,1.2295923764508276,0
81.49774888349101,126913,2.034487048286592,-0.3735048634068442,1.4395743844442457,0
17.40573635090458,114576,-0.2686071805272909,0.5656821075340673,0.5342200769447896,0
390.2327846999568,60887,1.6667989647292427,-0.31917389482792075,-1.0254996445868623,0
14.139791659421618,71123,-0.7802680859612484,0.5836419056765884,-0.9983247077960485,0
30.486383455414927,72353,-0.41972837048701556,1.8899519650229806,0.5328549053521161,0
82.2429483349404,87738,-0.34937115940758356,0.511213053973104,0.16620847293592292,0
8.52733385563793,25823,1.3574135917772006,-0.21859930749642167,0.5971635071995072,0
21.94480598071477,164898,-0.7100170331008595,-2.447646945920432,0.9193364811679049,0
38.92979380296136,169985,-1.7838529125165903,-0.6650522337317308,0.8411048025910237,0
514.9482793808528,27256,-0.8792857988646468,-0.5364677499351872,0.3759655493738644,0
873.8539443338257,66130,1.252001912941718,-0.1440121567966938,0.9667369182995084,0
209.61216162806943,85094,-0.7051568730531622,-0.9624193810049976,-0.331884256545649,0
136.14318752955347,110845,0.039879265646784824,-0.312865476928892,0.9394276909644882,0
3.940999444617129,91123,-0.8366075703107866,-0.18850747925901296,0.008177019191027349,0
27.73879332586844,605,1.5442448398525714,0.9186588331977567,0.9646710173405229,0
13.093583616736336,66723,0.7868114989746658,0.3024927112003485,-0.29786520122555127,0
92.81942568025957,155390,-0.6861907080902205,0.9195383813266137,-0.7996603203007366,0
42.51163864677047,85839,-1.558294321992779,0.9379091147253101,-1.5228087341755776,0
86.41850487350642,35862,-0.14761014437612355,0.7971299872174089,-0.48499191536451297,0
15.310656773308091,73285,1.0441917524373119,-1.7075297984335907,-0.723507045554273,0
17.793202797549018,31716,-0.9196895442206983,-0.7573337467527625,0.027734806212715298,0
146.4442433030396,33724,-0.24587638255567731,-0.571464409565701,-1.26195059901231,0
5795.736465160485,2988,1.1930395472034865,-0.09275888749527539,1.0051909109445447,0
105.41120464442336,77355,-1.2698551111863559,-1.2584606140594858,0.01241875115518906,0
456.96997455829563,148455,-0.12983695061300488,1.5473372898193383,1.334614324320558,0
25.95028888668419,60631,0.023254600177561074,0.06692105252984448,0.5346685805112448,0
21.396648922665634,141755,0.6561631906330855,0.3338439215368835,-0.24468407090482663,0
16.288097173761866,104120,-0.2890056580549018,0.667578929626216,-0.5527933983689722,0
1383.5293538202347,67258,1.4024877941075933,1.0329750580865635,0.35505122375489506,0
663.1244851374603,79517,0.18253157241098722,0.4298083909969925,-0.8896886750391026,0
239.742338934017,51408,0.732365306804307,-0.5906291434694269,-1.6992166820009718,0
6.361551398661376,23358,-0.13540493116515,1.444331335236448,-0.9110539648873538,0
79.55324381954858,52191,-0.14156729875758362,0.46407462153763923,-0.0813080454346814,0
313.4018785014002,94426,0.4345626066596231,-0.4720682276564045,-0.5577916684447127,0
5.903369868584523,127081,0.5223241342339628,-1.4540286035203345,0.872571130960704,0
67.51796294031908,19654,0.017310424735394667,-0.9348055197385217,0.7795619550536054,0
74.8693390610138,139906,0.007634139217879483,-0.7303058449062962,0.014163107232822717,0
251.26099013946444,70831,-0.7694293566330509,-0.7342867510527791,-1.0145880224752295,0
3.45521050581768,161549,-0.6491316038326296,-0.6148147817628878,-0.3655760250880635,0
78.62090189429343,115781,-0.2865753069362259,0.013041023877432317,-0.6282924154478743,0
2.1074609326178924,7045,0.0027886960018669617,0.677550271797241,-0.717065378178885,0
20.22716965940974,68008,0.05405749090751393,-0.44012126814503716,-2.3363679613609554,0
272.22277330989704,143463,1.0770895342590667,0.38743948225929203,0.22430865491502786,0
3.271245963525237,51827,-1.5960515623958629,0.5209443853626018,1.6654580547068416,0
11.74843174892841,115594,-1.9229789260053816,1.6159041888236052,0.16101708318106306,0
12.284732329070382,159353,-0.12423424535768846,0.3391399984827043,-0.6772902544840221,0
29.548627286762322,10114,1.8169973476941095,-0.6152180335563949,1.0279380201784787,0
24.808354865077277,161947,-0.24639383581515323,0.45450240245581525,-1.7534243395824503,0
36.25582360832288,27802,1.3350021053210015,1.7791369949680802,-1.6747494554565088,0
36.41832764885197,135121,0.3600528021598523,-1.2805076923950536,1.1711928478253872,0
87.09182398500363,113917,1.0696084937016175,0.8305554196538858,-0.8724002338477594,0
4.028093053409037,57300,1.8100117295495786,-1.1495386191405408,1.2492494416998066,0
85.42832505949113,17752,1.112866277661617,-2.415350889789704,0.323097075199496,0
82.1831482137012,101925,1.3576694810261836,-0.9539048242449031,0.728355243706094,0
18.817646811271185,3972,0.3149269263517133,-0.9161955348470636,-1.368798176232848,0
76.55135961338742,28491,-0.06848528207520913,-0.49448587918875847,0.05541025769547383,0
176.31036141793604,49884,1.5739616566049273,-1.3309008500410733,0.28475400172101634,0
1207.5275515422225,43239,-0.3929920587227893,0.649625806563056,0.5024116326316191,0
231.30896523747896,88198,-0.7105618628043663,-0.05030862809477568,-0.3473197444380075,0
26.27037663252261,2838,1.224222411573981,-0.413106727796822,-2.1850488495187985,0
0.8969902296754777,125179,-1.3461170295170128,-0.7304180846637212,-0.326632533798964,0
87.33036360742899,17423,-0.7203335303278557,-0.13333376678956116,-0.17460265574132885,0
65.94704573232114,70185,-1.5239398393773305,-0.2072859803518066,-1.1461573159975473,0
12.213474836924354,147049,-0.9170790957952362,-1.6424859499449473,0.30342445922207084,0
2.6615404950643136,71762,1.0577683526480681,0.6252941742272753,0.04165909325017532,0
17.747460053328318,77027,0.4231518729795601,0.0683235838604333,-0.2634314910598804,0
169.60950376133835,168939,-0.41340136467281297,-0.5482637636481634,-2.3464031694270555,0
12.599626022993796,55175,-0.9063081375046709,-1.398907662948742,-1.8693230457308199,0
260.194976788164,69579,1.157129790059881,0.0952771685906079,-0.09922292132501287,0
53.663194093206044,77988,-0.8561158374095804,-0.3222041566814455,0.39638182421470414,0
21.206597131581706,153488,-0.02005314066842102,0.2281763387167311,1.072151656011305,0
219.58956540194612,62278,0.8286168989062523,-1.2693506162420019,0.1741095297198662,0
160.39285269916147,137244,-1.4632805995919371,0.9254180119784253,1.2915033983779018,0
9.624626477901781,151409,1.5980732460404525,-0.7175627446442445,-1.0878847323549063,0
16.338533895194033,35607,-0.3433983788460269,-1.0783932159448293,-0.6552319111051588,0
1836.2506458658877,91861,-1.338749741102591,1.0046592571834099,0.24532519941192085,0
23.348982463751376,10731,-0.44543193949312554,0.5406627054692663,-0.09901703047396995,0
18.624460107116285,108798,0.20374877815296438,0.7800584262763718,-0.05851940244933509,0
298.6305067304837,111342,0.9803213466917043,0.6270410817392483,1.6987448001453163,0
58.35460035184616,6125,0.08017001106904707,-0.6722063813947964,0.27589003986808447,0
28.356425234015074,47361,0.4140123797845865,-0.3837915479234253,-0.13243549100002538,0
56.0598504413046,84079,0.3117865539176472,-0.06585086396046053,0.9711580973858116,0
124.7766813524288,117139,0.14815946373779823,0.9052691278166822,-0.7237091943310618,0
5.17206212857611,88018,0.6915398138249488,0.744313644093036,-0.13913685467889564,0
93.45843262742052,128422,-1.7714596261398783,-1.1723283570367422,1.3103850520057503,0
49.13956767039452,121792,0.9788274927933576,1.7687479431181,0.2764674687347321,0
0.15204171158983484,154782,0.23625086414341456,1.3031139488525691,-0.01012331758892368,0
55.814421850410945,35297,-1.5531539996829093,-1.044561902500876,1.1410803291137817,0
41.43886299772308,83967,0.48579794022446204,-0.03919381146656329,0.16419460000292754,0
7.932755396898565,48093,1.0256915408079332,0.3592627030950062,0.863803011181261,0
77.41496548386768,156778,-0.2552571259524586,1.2627577791397344,1.27519656258833,0
15.620392700116815,167469,0.7371468089592711,-0.9792559633141952,-1.3095621991799464,0
3.8784662029258303,86706,0.46210166145346804,-0.7995043827045157,-2.0643800020033582,0
322.46066660926505,80096,1.417632754555721,-1.230587786791759,-1.1539864695698114,0
36.400934539968816,121359,0.1567148628542664,1.4615652516813775,0.5581174553214828,0
31.850779754914303,159828,0.5033527484822561,-1.9312999282436818,0.6006314864085219,0
18.151247694236808,149332,1.3548683776052308,-0.24555858501609373,0.7556600333333534,0
115.7434126778779,46668,-0.5020194919384566,0.9131234177205484,-0.7746580667498248,0
47.231663048097765,146821,1.4295557130065113,-0.42521093466121307,1.650180104740509,0
4.731726442995831,172296,-1.0406724728699026,0.3802818048025051,-0.5602190482543596,0
11.390574429376148,143624,-1.522912138477295,0.25582396983592964,-0.4254352971664254,0
8.616711586007682,27358,0.6704048633735574,-0.6067435316077276,-0.924444523635144,0
1225.524267170664,9864,-0.6693720916452528,1.2529842799288673,0.6872700806295015,0
29.36496386170905,23674,-0.4335476869323657,0.1842713866438831,1.1272876480661447,0
3.2390325447380777,40972,-0.05171129946267147,0.8357229453426728,1.1751080449881812,0
193.5932414684291,28205,-0.08564528364546055,-1.005732601888577,1.1511249387622366,0
59.7605243417381,133524,2.3679747918918186,-0.7859107460975012,1.4763854620062622,0
145.92689027879968,124007,-0.09082671021090924,-0.19027181236881108,0.2346428564112877,0
69.20920250683155,111033,0.4801822967083555,-0.23207553389808014,-0.21783875640711253,0
15.600660358640356,25960,-0.1179414691092398,-0.38543647413516785,0.21853590960630942,0
134.94553476637032,132508,0.41900460041790044,0.3134475998096564,-0.7012717917900407,0
48.2274067462075,146488,-0.7080174418244946,0.35557178727635735,-0.30908739224399434,0
42.96463145844161,61800,-0.2764146010895311,-0.330708592615762,0.8933077389766115,0
4.1119907708117385,4554,-3.203939302152463,0.5103969014152333,-0.9509497232172825,0
46.95954184275234,137112,-0.3022300368019311,-0.17350779126072266,2.1129035676039165,0
34.34855593693954,97475,-1.1338480326378217,-0.9525058781081258,0.5566961035334991,0
66.78274547280043,155958,-0.5421749228749163,-0.6981130350676297,-0.008461726449671922,0
179.89703704564778,133154,1.0958806595897326,0.5680856684497262,0.01666089922134758,0
21.468670055598697,9993,-0.8232400382582036,-0.4618964377476527,-0.3918348379912212,0
9.171962737804375,164689,1.0033649605839023,-1.3674558281217917,-0.07556555004052573,0
122.89898746419199,30580,0.01444576870664823,-0.8495732626710506,-1.9586233505304151,0
79.7018088562807,134599,1.4782209111534883,1.5431685473522363,-0.47779314480150953,0
19.11739754978722,138560,0.32687234903119905,0.27663821941263406,0.36390736502083104,0
37.58253760353249,52195,-0.055808203435770164,0.4076215953617776,0.0813920968331803,0
426.5818314749078,32357,0.12440945825765641,1.0156110771028761,-0.30894822212073486,0
138.99195386889602,7322,-0.015046004039790487,-0.4637385091916217,-0.10489328943624729,0
228.76916469915233,28174,-1.7135813252489926,0.24642662629792905,0.8819166430537375,0
15.763633195210044,15628,0.15059696661528926,-0.7275528745865854,1.3559145196046194,0
24.0560992340496,103101,-0.9742113286020722,-0.23193699396895617,-1.0075695700963614,0
39.1905758026342,161781,0.17104885207594267,-1.296354456105722,0.02950026516281836,0
87.23165801858727,125143,1.787638904716993,1.6198837970566529,0.0007872671238253268,0
21.171022982513325,167353,-0.737014861542254,-1.855204279507229,-0.05286201490195048,0
73.48836843803412,25063,-0.702554941805118,0.8995363198291986,1.4808461869797849,0
19.069031730083168,72852,-0.5658507788323738,-0.7556282504820209,-0.8162812117428051,0
39.5748376421534,171066,0.5445302119230152,-0.49636005136897676,-1.1487213622091046,0
27.647779535473486,61134,-0.842261237667405,1.764657983962993,-0.17613897398482076,0
128.8790247900617,38062,-0.20655692255874594,0.34228092559180795,-0.7689205477467435,0
22.98046521380026,72795,-1.8308771931221914,0.5420033623718434,-0.38724419052928205,0
65.97440445319556,138822,-0.35857669309468587,-1.0538395952252244,1.293670602096512,0
45.53939507127532,83452,-1.167525128905808,-0.34150279093556807,1.2718692109598497,0
63.99735021889921,66968,0.587381858287929,0.9504151778651354,-0.21807681549240893,0
38.644286161274024,95029,-0.4334852827732233,0.7657585381556523,2.1202433072968976,0
180.2797893971715,148610,1.4066059098829744,-0.8956495903474672,-0.127662446191289,0
37.683936880584504,45588,1.055501912232549,-0.2090988810798072,0.5301672532915216,0
5821.803087338926,111841,-1.639327917338103,0.935513120404542,-1.457508314423828,0
32.471417504728144,78363,-0.18409543708741957,1.1219169354962266,-1.601672430805689,0
7.011330208530404,15063,1.599378530031584,0.7874465253519192,-1.4590778462845748,0
16.04944281162884,105481,-0.7015157145452872,-1.8157904316291362,-2.560118084628318,0
111.37333175811031,130117,1.5592611117267683,0.001097911059503054,-0.19033867495303766,0
62.01015658660144,10736,0.19928691012148733,1.1367944608445149,-0.8115636761735571,0
180.37768282969256,108744,0.3925505845152466,-1.5716199265449984,-1.1598130887603642,0
192.04623717923252,143973,-0.08887916371822298,-1.03981193179034,0.006686847518041905,0
70.31477925539592,40733,-0.6428214143192982,0.30780548452053047,-0.20854887970205943,0
22.716088183660776,54431,-0.11336869425312872,0.6524362725542272,-0.6817254521004061,0
12.81518146878544,113927,0.4955705230414336,0.36174951090706214,0.21977993130471235,0
35.07066859807448,973,1.4845175038019136,-0.46895282794356347,0.8290935935284265,0
78.73971494108521,165127,-1.8077708115407969,-0.1727301061072541,1.0280946253620136,0
10.0729014832655,48423,-0.25348895535359495,-1.6982696505130168,1.7145089566847584,0
45.90286697375105,169695,0.8283619575238471,-1.6506052913203348,-0.6595680047008534,0
51.031027137468705,75593,-0.09443836736565442,-1.0423998549076685,0.6741682969121902,0
63.21326370119464,60021,0.07115560888047104,-0.42421191501714567,0.09949255086932693,0
2.159582313450387,116481,1.3274299567492625,0.7423400129554855,0.7369733802667714,0
184.01933944390626,47284,-0.9119455888551005,1.5641369436399815,0.6495645879092657,0
2.7928240030552223,44221,0.27830405077078463,1.4849637563962599,-0.012515354185160124,0
360.116858074297,82045,0.2948378808137682,-0.22586856415808362,-0.15543767596133437,0
114.10500655144328,5391,0.3434493659671464,-0.26934005131363525,-0.19604554085730486,0
16.673883305477624,102148,0.014882903040931142,0.6340988152714213,-0.011550296863607066,0
55.65895411488831,105912,0.7473710730767994,-0.9935445542289278,-1.249841081728764,0
72.13453164558341,172777,-1.3221282360503226,0.5493596682597502,0.6756187024766337,0
134.7889409151038,168274,0.5593806763702074,0.3957114833676459,2.215867404355218,0
2.8721655096724428,110249,-1.288706885286059,-1.8132006321064158,-0.7312318936042911,0
82.68483395982854,150992,-0.6060610349286599,1.0688917849822097,0.1817309449149812,0
95.05572402277167,3642,-1.4635902602047355,-1.0486402580997034,-0.2115614666054676,0
91.81105487462571,145306,-0.342522737317049,-0.33793656744306133,-0.1371334898367504,0
14.39254627741177,168892,-0.9087579045541305,0.6459415395652387,-0.9497372594605423,0
39.10645937808479,83220,0.22625294014945024,0.14777525820741252,-2.4498186912308326,0
9.441593288099247,35706,0.2682366952504248,0.5169546855253825,0.40269248604170044,0
62.05227741311163,112196,-0.7478184969187219,-0.06519386992343464,1.4273164445826767,0
102.70605445662773,112451,-0.02355451107246191,-0.11938852334935117,-1.326113200770561,0
12.68470058205496,41581,-0.41267782211685394,-0.8191314728780049,-0.7616200269639936,0
35.70433723848395,61276,0.011222763673291555,-0.8713951975967541,0.8947996199133414,0
484.5166159905968,113570,-0.3653035709041884,-0.9444140137578059,1.8422393063354148,0
357.384093844702,73191,0.7253385712512255,0.021480723043673385,-0.07032444271216744,0
71.36401527676897,55277,0.6987023932035675,-0.8242692531062602,0.5189451318667452,0
51.37186517597577,112168,0.5727294870003308,0.9236052494279954,0.4380203839196938,0
161.1777988069275,91269,0.5527616773544124,0.33777764585210346,1.0060690599783573,0
5.447757000537841,104249,-0.5367177416975604,-0.43168893937298713,0.9599608985644453,0
66.35355499050277,4234,1.508887245015856,-1.472363614529737,0.23184660236551405,0
326.7197429199205,77148,0.6916387050378682,-1.0044734724188404,-0.5160914674066935,0
45.73652484884455,142173,0.2501230629059395,1.051081570631893,1.488966269272065,0
58.72012082304108,150424,-1.0093705181793275,0.905767524325533,-1.5843878988891462,0
187.37093092791932,28525,-0.12120206737492922,-0.429597538820943,0.8760118451937036,0
20.54232345732565,147222,0.9608241735891331,0.8627497112242974,0.6517746164813515,0
256.9769198761421,108115,1.3022656329419728,-0.8910005771689316,0.8055640937074249,0
209.09523751046217,63805,-0.6251287227931619,-0.6842628776089325,0.9035799954641509,0
100.39787365246039,57210,0.06573092361009397,-2.886499556002489,-0.4234246612341523,0
3.663479572941501,108408,-0.4605021187842727,-0.20991261029498753,0.7175883833013804,0
117.59533461574816,162883,1.0285119083349092,0.5159686010450868,0.9685848884345197,0
19.334715331802073,126518,-0.441965463321697,0.7077909727390315,-0.5847206623824834,0
26.39190021661823,140931,0.9344176088715022,0.5229436500869794,-0.8258079199143732,0
177.01237130860852,54716,1.396359944381337,1.3629252325597927,1.240857257825971,0
2.3419071138969096,144413,0.6505518153968043,0.443987223387584,0.8359732925710353,0
235.97481400600716,58786,0.2111172377208752,0.3301075808212071,0.39634208785412767,0
287.8024263521634,43025,-0.4023828466777919,0.3961612257280407,1.0363872347190037,0
326.3103758592449,14909,0.4273201871002504,-1.6299128320991687,-0.644880834744924,0
107.42995182041645,127310,1.4725755301909893,-2.1288105059996845,-1.2783806574623238,0
20.468486824193057,53520,0.08735406861591012,-0.47556807098984855,0.036110735942720545,0
36.28429398655983,62146,0.5261335607146493,-0.3737070926540295,1.3572455758562907,0
15.848612948407235,154898,0.3065823167243937,-0.8387818544638909,-1.933201624068124,0
41.957369115921864,21414,-0.5627771900269007,-1.1016594700082434,-0.14733559419851755,0
186.08446621125944,82158,-2.3085778893287237,-0.062333980454010805,-0.12991964027654818,0
40.703826024534585,66520,1.5975925755972211,0.47871649155999085,0.3312397343503641,0
19.68708658744187,168990,-1.3453163810344513,0.14447201815739116,-1.9245992849383844,0
100.94017510154794,15963,-0.6561836309267947,0.7399811995966004,-1.5648988076947283,0
25.843242539519967,144699,-0.29765075437574556,-0.067756126227519,0.7687633279147138,0
6.617895941068875,112491,-0.9278065628530685,0.44683730781188435,0.48996466610393413,0
24.603357030746718,124345,0.8603345757088523,0.2760749070739795,-1.545927222288274,0
903.6551018199076,57055,0.6819392136448924,-1.552448711080776,0.9800177933408267,0
5.349871552303056,167942,1.391591608092707,-1.0654292530706024,0.5554561526158251,0
77.44472277020404,123612,0.1057401925167626,-0.34277218975942003,0.4164997640371762,0
5.197672150297176,83744,0.190292278992119,-0.65793094729279,-0.056916029357289843,0
4.678401135507266,130864,-2.0192665890031045,1.3483814159488157,-0.3591926741859012,0
59.61536697912232,112045,-0.49129347696921577,-0.6689862655954912,1.0555044634315283,0
4.463316405205095,15839,0.7962043972851799,-0.0894580492473222,0.33307832629835016,0
177.33106416248015,166133,-0.652764019860803,2.0261723049075404,-0.9665006230549642,0
39.31871532325102,63253,-0.8474073075538474,-1.080545163088435,-1.747201008321796,0
187.94593567657537,63131,0.7401481335829027,-1.1588320872417115,-0.09183792004078507,0
38.967034805130524,22369,-0.25196966554679046,1.1286968171974194,-0.3407940467683225,0
198.21995709266355,163024,0.29530035073490374,-0.589285740521311,-0.44667538774961696,0
5.951131619473265,72076,0.09413964555729154,1.5322727403006575,-1.1023437504575186,0
66.46523220872135,159009,-0.14946862316988369,1.3175027118486229,1.3386887989530896,0
3.362089876457741,38636,-0.9636724162860003,0.26618841397473764,1.2157014196446054,0
44.21967261035199,9151,0.05244150773411402,0.3944759564514437,-0.7622894491284894,0
40.31449256684226,37780,2.3974557097241314,-0.4208965843081758,-1.5035938599371814,0
42.17965353706095,138463,1.0986245861535997,1.04840341340402,0.14745411261412555,0
123.58594954592759,171802,0.501538408120652,-0.46076163685954635,1.0608422500961738,0
32.01157718396651,75477,1.0247526116601051,1.2564593541874232,-1.8413298444268726,0
38.814178691527665,152352,-0.623271266450153,-1.331756049949477,-0.728592893140903,0
2.8085325589815966,169924,1.6348664354350901,-1.2677369474517657,0.7160427154729136,0
102.5435221030683,48967,-0.3096596786545934,1.2391254600336752,2.606687538738548,0
26.669794319087966,20497,0.4966305587001495,-0.5526246036966742,0.37308730353360714,0
73.28540024864603,2998,-1.0603398250581455,0.9943814327205817,1.1719451246528123,0
13.373330199984315,171050,-0.2992718001808317,-0.782708026169805,-1.5096909504425131,0
10.378066230047773,19416,-0.908673563727255,1.4896743828486279,1.7268562555671063,0
231.85930701561406,42987,-0.6612936987993531,0.9660771194265252,0.13310466985615182,0
18.453376128777823,40273,1.5413027477069643,0.07991810336819229,-1.0918037669154144,0
40.17693876762574,57558,1.3751896228162264,-0.9583786724615113,-1.3129598214767657,0
98.86246794861952,147235,1.2208025977402577,-1.5627460772444186,0.1089336109586337,0
65.10433097029602,89333,2.6619712896660075,0.18975462857514402,-1.7668295327699357,0
103.62633981276949,129688,0.764985041763972,0.010685603031640704,0.24025310530259866,0
51.321538662225365,7017,-0.6251937483130056,0.5507224439993503,1.328440720561965,0
20.858835159912882,57013,2.6371133486800873,1.4350686271026083,0.3899322839280338,0
55.6314663579051,27122,-0.3579478169357602,-2.0373670814463143,-1.293859908089937,0
31.834655478792776,37185,1.785300766083853,0.047422601195848145,0.8701909300716141,0
13.88464594113067,145414,-2.0515684268659005,-0.42594754527711154,1.9037517484069282,0
17.980086510228137,124887,1.2444997498059318,0.12424122894303057,1.9394836389608852,0
22.536290154017856,26649,1.8880235638105962,1.3477501297856114,0.39815550127313093,0
3.3044679953236322,162958,-0.6316099941265841,1.0005601961596922,-0.4634521406967859,0
6.685185208295065,132933,-0.16138189556420862,-0.15179226757983544,1.0289878808706636,0
38.262949231535444,14546,-0.9076454297898571,-1.7535541422439263,-0.7062934082993225,0
118.42352939121211,50998,0.184433349640607,-0.4864123649469951,1.6260871418695262,0
17.071878121997145,84606,2.0379212436682472,0.9960123766421517,-1.4201583074399255,0
109.393586652755,117537,-0.29410063356570076,-1.6397522354483347,-0.7074948212375596,0
1472.8713626438337,130792,1.5630178928594602,-0.941229795968827,-1.088537463690975,0
24.812993997760326,158516,-0.8574295153597971,2.6060239307613444,0.5224159265375045,0
16.879537742538233,134872,-0.2754853216997949,0.5912687883237785,-1.041840007876467,0
163.68326570415636,83404,0.9801541190785293,-0.7870374966501269,1.2867378816025263,0
198.83079501875665,14538,1.4151891788008713,0.12713233222158268,0.1280615530471051,0
8.532309222834044,167487,-0.6132444780893319,0.17952237413944874,-0.24662176933726493,0
301.93005405516425,81451,1.797116601835608,-0.7706504279923224,0.29779000702589886,1
408.38643603842434,2458,0.5231576184117009,0.8053546794804723,1.6039858628395052,0
35.41506605127702,6918,2.4292619588410505,1.7180642865533784,-1.221540990262678,0
225.862738388442,36241,0.6026555009987379,-0.19169515465657458,-0.4947102291338004,0
122.84019865034327,76566,0.603984753898871,-0.000549217579018776,0.08053133370611558,0
18.497699564543996,77831,1.2716138542829174,1.1763065814529643,-0.7258134646573591,0
4.295379208497467,135150,-0.3229438827446037,-0.18775395518813923,-0.05184367083779696,0
258.30252527392236,160624,-1.2630104737701122,-0.503579853061235,0.32231027927962813,0
25.493533869790756,129447,0.1347469061363544,-0.5996236196395102,-0.2377345701509023,0
52.649184490220755,161764,-0.7802275826650147,-1.0170318519914054,-0.35225362029403384,0
22.25003605651423,146932,0.05920684075976358,-0.3442217871305168,-0.061922929754481965,0
256.9028225015305,52077,-1.554612373150055,1.4335345911582906,-1.5461660563332595,0
23.957024690755336,27328,1.4348044152142827,-0.06463333383335876,-0.13479579720247462,0
203.34597114974196,94245,0.9663083532090445,0.28874299226853606,0.5005856395328312,0
199.36870916917442,162254,0.5478451486426231,-0.001350907589342282,-1.245895129031317,0
60.624744055575256,136099,-1.2732472888919533,-0.6412534584210361,0.07619966910083213,0
142.3075062197037,27281,0.12712194506899407,0.8897306195607517,-1.3386896978522083,0
22.003659245359756,49574,0.5615667348732244,1.0880829718794216,-0.32215755042085137,0
21.454849854694075,36992,-1.8980610545810734,0.13673937809451592,0.4397269448177679,0
34.27490702868385,162360,-0.4873129116340207,-0.9477530960008718,-0.8349245574470832,0
834.7171156823222,107387,1.150622868673746,0.6099414366164021,0.18698387917298365,0
53.46569093679075,52919,-0.24490140387629927,0.1532135338734674,0.6226818009083327,0
242.60830762055255,44344,-1.4662330306465494,-1.9345903316039437,1.6631581950951313,0
116.32710833142839,149200,0.6908394509286927,1.1147417865161178,-1.812290622896033,0
18.72057141968186,128969,0.7977093017275929,-0.06040894946571144,-0.7293170556534493,0
51.48466310585247,167452,-0.3922687623092839,-0.21356891585930501,0.3881423717251211,0
11.037470938817139,34723,0.29032729767776694,1.6355730590957467,-0.9344900441412913,0
139.48785004717092,118792,0.9413732926459609,0.17974255593820426,-0.14489550308781798,0
68.1447324101511,25261,0.17096082321513476,0.07216690669048786,-1.5193597949205746,0
59.20923310078255,138708,0.6543209927013732,0.023416147075667575,-1.1456678512078315,0
474.33315506819446,104755,-0.08225316407208333,-2.203413549306812,-0.50540059992523,0
15.55473042217506,68951,-1.742299067056425,0.20920373992821073,1.2941852201904658,0
22.31776254406305,142423,-0.08561913092212121,-1.4144082259293043,-2.0869803168558922,0
613.6760946992939,123476,0.5705474441176215,-1.733292659762654,-0.4184944390008406,0
11.901065459534514,135738,0.0876248258057606,-0.48100398153269197,-0.5743739373110527,0
49.25687396991034,107535,-0.40687235982995595,0.717183265039012,1.075556683200387,0
229.59244180129232,163727,0.8154341778013496,0.6065249527841493,-1.1447447846857766,0
59.067808485471296,131197,-1.072551216929792,-0.4992570685513429,2.0312172881429893,0
0.7543189465688142,23306,0.5757713840147617,-0.9617144710842319,0.6192419292024124,0
18.120516578887127,88672,0.8668157461306383,-1.1334874250179707,0.8687525863757637,0
19.755401455479234,21740,-0.1708359443402795,1.365899494064378,1.60451679951841,0
72.77453458057956,95977,0.7222907278251492,-0.6429430179299356,-1.1098848939957775,0
10.061898369295493,38634,-1.4268806683253585,0.59463744616417,0.25304049010717944,0
30.855534782798415,141677,2.1145976194557816,1.5294670298267645,-1.1134263665515254,0
27.744724207931416,150821,-0.5655209152802733,0.13867135253287807,0.058300763826104954,0
349.24413345130506,9322,-0.8693225800425791,0.36172858964182886,0.058715385986942634,0
25.093144280383207,167157,1.7316657079744748,-2.8559902267243644,-0.5319249160550382,0
18.239780308565724,25688,0.40834463074401994,0.939224204568622,-0.009146419592680177,0
537.5156601413707,38541,-1.4942145675341003,0.6965029968325369,-2.8159474752571696,0
29.175388119268156,52034,1.854802265656627,0.4621296105866397,0.6955737040721128,0
93.71387674883489,42591,-0.5022220995748643,0.9370717382317573,0.4345012380099816,0
12.959541545461398,56435,0.026381148868043245,1.6904833412118652,-0.48880521411467903,0
51.840622707117824,62909,0.08081318460761375,-0.015239920348846645,1.2428766757381478,0
52.543349398022116,123273,-0.367375731668729,-0.8770759388388046,0.39610532111824126,0
38.621950160171174,61760,1.4419128992311314,-2.5364785489971164,-1.942956215204917,0
14.355695811471223,50756,-1.0939263595537794,-1.0994755161835705,0.34320920964833745,0
13.814408294156026,139763,-0.6942641978886837,1.5612512754752772,0.11495112899770649,0
22.851746465478747,41430,2.0584437972256118,-0.9522813137394532,-0.9685828569890931,0
195.12749513379123,32326,-0.20400815090390817,-0.5943189820822171,-0.8273074554174238,0
135.40502562783865,318,1.1524468757818376,-0.3351186789664986,-0.6627375854908414,0
180.72253185308855,59026,1.2197949947918638,0.9070793875477887,-0.18913050696150888,0
42.2845322748195,53203,1.223709993212651,0.8843156469498858,-0.1681655119620244,0
288.98266889757076,57148,0.23950338008209798,0.8548991993227968,1.2569769662285426,0
67.21979519899818,52204,-0.2508425489059847,1.001277427292885,0.39666673057353613,0
404.784846729975,108747,0.4337382166859885,0.36770777024277634,-0.4636739934999245,0
5.049139816852242,92816,-0.9605852323148353,1.4631292512726568,0.6956368543692609,0
14.013584523574535,39935,0.773300922721351,-0.8918743620422506,1.4100338375094532,0
7.627462324804565,47266,1.743767676241614,-0.10173839053257477,-0.5278207568053549,0
10.163964004234442,90121,0.7632601591316476,1.8829871329132095,0.8133764925541249,0
71.18138290751708,49849,-0.06079314046862492,-0.5045932711069295,-1.507799543297161,0
17.83364443948761,43441,-1.000068347455666,0.04296090495125924,-0.6849646801335283,0
19.88099128934052,3405,0.45248522226196325,-0.1091565750991657,0.11959794251465074,0
212.42232683012475,145969,1.5489727094935932,0.02185237120269086,0.46736176724615425,0
79.37444133549482,154405,-0.3752772269376711,0.28818189308019937,0.07204002603454128,0
256.20802505258786,80908,0.4248662744437865,-0.7067162053294938,0.23933470275413596,0
31.700694459889267,131642,-0.7822925716786785,0.2099078659173481,-1.1451801955271246,0
87.75400324264889,163599,-0.3854110127267372,0.22678337959228462,0.8197803289277587,0
20.035029324082714,94200,0.0029006248807657196,0.529686557415371,-0.49057198085778053,0
210.13865123475838,43408,-0.9146986059719833,-0.45428401871134005,1.972748959647701,0
186.71988934021874,123811,-2.0605774872056317,1.5734361726228194,-1.6742657777585197,0
21.719094933373835,13882,-2.5232849262050348,1.458413033969296,0.5646410795082623,0
307.65288629540214,2594,0.8146908272812151,-0.6292519186039773,-2.022918337344186,0
224.84171469833174,147065,-0.4932438652999887,0.4156527493521286,0.8397233058917385,0
1.8237993110754516,109002,-0.6718580067723425,-0.5201769471032401,-0.1821103475231378,0
79.02443967888487,48990,-0.9693618100472887,0.2339307508117245,-0.4731721845529032,0
277.0052837265788,54777,-1.2634602560741597,-0.3389186321762657,-0.0684819973843176,0
11.474659809907235,16447,0.48975622636257904,0.19707727478188444,-0.31243747242967645,0
24.10379157791841,155397,0.21562392072086545,0.038877909388835244,1.2834108078444884,0
10.78768287330623,140289,-1.87495239887418,-0.23369685646177268,0.366517870310795,0
153.57840452731008,16570,1.3078566731030299,-1.5532523360768875,0.8062529807317219,1
40.70912233299435,60047,-0.3069371295695631,0.9185864540335844,0.24955754753317827,0
21.938962399210993,75997,-1.3114260675580587,0.2868571736420365,0.7361334504098266,0
33.695723965625604,82331,-0.5272450190504626,1.2376154518267226,-0.981795049359453,0
76.31780405641669,98972,0.9490826237475269,0.020002250551003655,1.324552487337703,0
186.8892170141126,13601,-1.593673125089101,-0.24131684898064212,0.6829735322419719,0
70.69547581944201,26049,0.1775200649524931,-0.02342794314521471,-0.5360991447712408,0
30.398306285864155,27546,0.634616742533975,0.9735089984364842,-0.6577407320270912,0
21.0032338051934,3532,0.3645111355373338,1.6483647386700362,-0.42910083004852945,0
361.86610944541167,33314,-1.1659731300066782,-0.5696645773630433,0.67177709800485,0
5.883905581450559,106255,0.47774254285496665,1.6210914320976442,-0.8528460569151832,0
59.35802747468182,24406,-1.1696431961339824,0.07857553586018486,0.14955258206247377,0
15.678129060068175,9756,-1.00645588790235,-0.2783751930330876,-0.7617134089629131,0
93.75289219354615,159941,0.084927687342873,0.13982188857416672,0.011819886113140837,0
202.19359403770136,36189,-2.06984822335211,-0.38236944028374337,-1.2736793719532196,0
19.98190670441613,50368,0.49285762471584593,0.6849990530157839,3.1147536194854544,0
50.55926672671628,43953,-0.25806270374288465,0.2964719331020487,0.7348077074457546,0
117.47060508431238,78283,0.6266157992318782,0.32070688137622094,-1.1638871222969642,0
106.92391550867535,168774,-0.08483731937924992,1.0758913500411766,-0.5814607927747751,0
70.25206543209285,151881,1.3478720646926463,0.7841513519060503,-0.014155755681348147,0
4.896440239288262,128658,-0.16667504810669073,-1.084955208520124,1.2583311981583614,0
393.88405021629853,8799,3.154725307619687,-2.2648957925811244,2.910496169608024,1
17.29297506570012,10856,-0.4214483237681777,0.061412033879163906,-0.9291333027904676,0
293.7669554124746,168534,-0.7495462387472462,-0.08224919025492138,0.04749743733610696,0
42.62236657636223,68737,0.1747107166567036,-0.28201638703946535,-0.04262367753026688,0
7.81328119970048,157320,1.174689302656037,-0.607524707101585,1.6660892099357147,0
78.62464404567501,68759,0.3758911709487992,0.6447099895701983,-0.5901550688519948,0
38.36283433430749,85054,0.5762792825388318,-0.21338572616783993,0.9615030211130807,0
338.91108310091585,80570,-0.01785977980955919,-1.0979989376572235,0.8699006263944566,0
103.78063282915073,51188,0.3360568910516321,0.060795187888185706,0.48863274982169824,0
2.9887969430387407,142675,-1.2276205721786706,1.7990172450833355,-0.3021562580455371,0
22.065803584965813,134308,-0.3482481947750123,-0.7405374155735407,-0.7374786171870548,0
9.644990270774494,67696,-1.15373247699038,-0.36463400546106767,0.05923707040571216,0
2692.5240739691035,66036,0.4332835953075614,-0.3489028325462582,-0.19205052494428285,0
17.277391841739593,44390,0.061304013614819935,-0.9761165282276552,1.6150600489407043,0
3598.647292919516,3816,-0.02008952681572024,-1.1989484967327289,-1.0314837361406686,0
21.794222205862894,32799,-0.3511227413735612,0.4838644440365355,0.9752335510639791,0
962.0170764880074,157579,0.05858158133794685,0.19984438428956386,0.5903765299127586,0
348.52760222675676,116565,-1.4053365191622977,-0.4849955008061935,1.0372753539592152,0
292.61781630100296,71494,0.999470201598114,0.07850146413114717,-0.2940107867344365,0
5.750490619245746,87893,-0.23542885163879962,-0.71283266440507,1.8587802173290866,0
49.44204017933454,29602,-0.5907385535844295,-0.6310030089103168,-2.3961493315378735,0
12.286085987704574,97464,1.1203230601972243,-0.3110680311455579,0.07408774187053767,0
1273.5743609830106,54471,-0.10986940392877398,0.011798647041959048,3.301832932295419,0
54.4016366355531,76433,0.7943336930664122,-0.28697457806067367,-0.18008895911316583,0
19.67323196688701,147763,-2.6637760176460703,-0.13023359015176453,-0.14670749968489488,0
8.720333395916358,52906,-0.6137313630535267,1.245337422663117,-2.2805241951333484,0
41.92149503726915,85558,2.3532430486070344,1.1862344682006223,0.9259504251037823,0
208.92404844767802,93120,-1.3890927041506131,-1.1234556172375165,1.326650659872167,0
50.8205664698522,108248,-0.43415766785777626,-0.4018596783257507,-0.303666935934724,0
5.915812452901959,39288,-0.964177376040175,-0.17814854541727837,0.15764884921032668,0
79.61562865067286,16568,-1.8728678948339816,-1.1260710631751318,-0.45744091077644944,0
25.7224572841039,102420,0.8965997431875667,-1.5243987799903318,-0.6530801500032015,0
2.1584797173170784,8614,-1.379336038795565,0.09120499419143302,1.3617219558215519,0
3101.218866598153,87804,-0.11112525305893863,-1.404598881077731,0.7976309621437689,0
202.04148953383873,72131,-0.3434084434108057,1.2595287009335996,-0.14284801004703535,0
132.3742438702853,150695,-0.7955838667230621,-0.3713282027879265,-3.0992858974483157,0
22.50578703877142,47083,0.285817634348835,0.5946222193431624,-0.2522302618986046,0
41.42072156371635,136123,0.4701629887731125,-0.7645501293334813,-0.28818973676166204,0
8.826784536697875,55541,0.7816546679606226,0.14453119597114805,1.1306120587751267,0
21.750105148913423,41482,-0.21645383069223195,1.4370858444382466,-0.7197606488364814,0
8.508897729687424,81163,-0.6890421243338245,0.4383235853740242,1.3898945389066508,0
166.81402976854423,165468,0.8596781801050425,-1.5815908406063708,0.19980322216639645,0
112.62140899620888,106458,-0.3425200711339619,0.9094592754520125,0.4860911403267643,0
68.54468773228805,70030,2.31817397793312,1.1830289287583782,1.4128951887165724,0
264.7592615460468,111902,-0.8525078652326233,0.8848188887310166,-0.14484623497281734,0
665.6980353358344,143431,-0.9097516737141205,-2.0648375636023264,-0.7258468790207666,0
168.52442336205803,46149,0.8900289869564233,-0.4749428941734716,0.6759388810205467,0
421.93170426254494,68446,-0.4292968784622097,-0.03608385868334767,-0.897285972311744,0
85.27154677973941,59269,-0.31870524443025894,-0.9099677361957482,1.0729289363439527,0
19719.367619277695,28223,-0.31070639872851974,0.05904912906245184,-1.1647398774182633,0
9.02100177480826,23636,-0.4384916879174412,-1.030829078283849,-0.5989626262648562,0
12.806427123712268,94835,-0.17453359107316319,0.10649769023773768,-0.46781731647555985,0
61.67740356283693,119625,-0.26058475381619634,1.0213383307003603,-0.6316751185139012,0
118.53851142871424,45854,-0.9991898895699217,-0.22014316565601905,-1.0493571476124965,0
269.3230211582686,45201,-0.187064966672466,0.43781704835689156,-2.404259699916529,0
196.3203884503631,21031,-0.04823179866834304,0.796873144893465,-0.9646369194128909,0
128.04862386475503,70173,-1.394122904748622,-0.6003756097446047,-0.332555721128159,0
264.6257950618622,9319,-0.2502457029878814,2.4770428281211943,-2.252862734797237,0
8.88850247543124,170759,0.5302377104492557,-0.6250311309873979,-0.37157219386788076,0
90.41560135527514,11282,0.32828082645487294,-1.1566191820865006,1.9742136285233112,0
44.1398794154274,5351,-1.0022536426165276,-2.030347915135861,0.9591576779686337,0
43.95744443292711,109591,0.49712765735620673,1.2639529118362711,1.1265846814090248,0
871.3650357073825,11023,-0.04239216624396913,0.04480030049429682,-0.48873210372488674,0
1113.548239481811,64874,-0.3564660026003816,-1.1780526365604012,1.1522571798254049,0
53.13302287882354,69400,0.36411011047410347,-0.32869268906083704,-0.8785831026597093,0
28.479650238910043,142189,1.2794217795968468,1.1456634030301507,-1.4793872844474591,0
53.1028339038619,13317,-0.19534380432962645,-0.4085095988697258,1.0354427489909075,0
278.78205420901895,15926,1.7884042809237988,-1.0869287495496844,1.4008041608146633,1
64.4783542363368,135282,-0.21094664263030768,1.0586223910152577,-1.0260295752532673,0
62.59511881596624,43093,0.8183429103447353,0.8453887815146233,-0.6484435152249781,0
116.5133340092175,109735,0.509663968579376,-1.2920261592389115,0.800865603555927,0
17.415479618457095,4163,-0.9731121873260894,-0.28158956700155785,0.03155277163393343,0
67.53023141713737,65958,0.56105300351862,-0.8530256046318093,1.0432415254116265,0
123.89400132481802,29605,-1.2421519690415188,0.4799454801969306,-1.666547292110108,0
10.158380002488732,28401,0.44532209360601877,-1.1541565362111184,-1.7408060075344405,0
75.76098734396983,6121,0.4585390541615003,1.0952588412456297,1.4377551972091924,0
208.05790946786922,118684,-0.055791591111509775,0.30726686406129494,0.2523094527474988,0
327.6311165298367,148044,-0.803015439116779,0.06409265004721179,-0.23416915738456473,0
1005.6288961887809,166849,0.2809088264360596,0.09762616587759038,-0.02177015502591057,0
50.537498597389416,54911,-0.509407310840888,-0.9936364773143213,1.7669779158516261,0
12.212033782651028,63925,0.5601127440441658,2.2467843900099758,-0.25945484339740227,0
12.863085379571439,162504,-0.27043631372518484,-0.137492773920614,1.0799492159304176,0
71.79045624918547,3825,1.2091439440651113,-0.9889974028789404,-0.23455996167531448,0
10.954182775716648,123981,0.5261593904510004,1.1461193043380251,0.6706725826785392,0
51.59729862490888,30571,-1.3844711057218169,-0.5565799597640445,0.29239379002372595,0
121.26876712259921,169559,-0.2636809457963251,1.929309911621408,1.5110335626605924,0
61.31671379398517,160886,0.44218362140268774,-0.5213523857665076,0.5774208937907005,0
31.976149562371535,131432,1.0058805023236606,2.0866545373165364,0.9330663667564169,0
18.541578563343254,48604,-0.29337211938951474,-1.4084903005646816,1.2767326510012222,0
2008.4596778753992,86366,0.438455878592935,1.0575567159078683,0.28192802865466593,0
12.038772187012372,26866,1.1091282838962613,-0.875610104326715,1.094715803954684,0
469.0687086283209,127083,1.3059938474833759,0.37166729462472425,0.5440427886847012,0
60.067780057020244,1119,-1.447901309608269,0.3593581382852552,-0.22172425558941863,0
65.0243671394051,140716,0.7045882699440977,0.34422006427321894,-0.5557947218222493,0
6.917516141402613,7590,0.1533713253881379,0.7718606131434369,1.1152800101890588,0
57.316831298436156,126616,0.3646309539637984,-1.3324864905269982,0.05569016171567303,0
336.88789088589857,78644,1.6124009277603994,-0.9637991896437467,2.5989710509935717,1
27.372527273233867,96816,-0.20981413504933114,1.14071934227951,0.4440487599824481,0
10.266953351377326,88304,1.0879084936474215,-0.05633222827901879,0.8369079610577332,0
128.49879101266916,14694,0.041138538762297845,1.0318174731730514,0.6538050275378865,0
410.641852987029,166812,1.2197268006472364,-0.3253005367469114,1.1107274800612326,0
15.430576914343748,133838,0.5154726283228059,-2.472742508826008,0.09191352704185395,0
0.9464642586311298,28285,1.494317608659276,0.04230588530879479,1.600190408181939,0
11.43791119733945,150995,0.897430105438885,1.2971372532114787,-0.40837963693921076,0
62.71277578820163,23581,0.5058186806913838,-0.6166386424781258,-0.2192246852048955,0
184.23239341714296,8977,2.095987290468793,-1.2573953091110328,-0.18459678525945444,0
2.8051919268839343,63829,1.8837427725801008,-1.0440872323450239,1.0203908923783191,0
13.687363109675678,120478,-1.7553992665286173,1.9610269801364548,0.5494996527956717,0
91.66322588241552,12869,0.30918489139594413,-0.8613130757928148,1.4556309385683956,0
12.176440924958152,122609,1.0685019867776278,-0.7532613786733953,0.268236194686986,0
5.806298694234823,1611,-0.1401612655487335,0.006354507470147873,0.7811880416799785,0
96.96814912891662,16923,0.8302558222845172,0.39175683435360353,1.656615916667103,0
1551.9203313640878,6088,-0.06356558473395592,-0.4064445402590231,1.5289467592953114,0
20.344798278971318,49993,1.3707737239243805,-1.3431737691407963,-0.939173636896586,0
21.809515461958735,172263,0.25199951016018773,-0.2700979213098503,-0.16154779605360847,0
34.66297568921663,159860,1.6033386552647926,-0.06632872392251116,1.1869972005925085,0
11.915746494207765,15817,1.247410912638388,0.9688867874193281,-1.9495544024641025,0
84.55020627505779,12402,0.16353370610282156,0.055636252368606996,-0.47338976950481354,0
89.8482550307186,26250,1.194682943364601,-1.5168184110872172,-0.32859707930984133,0
55.3226641177714,76859,0.8253692885319996,2.184491802122032,0.32548694558484237,0
105.09237299671835,5776,0.6757075185084804,-0.10874025748649097,-1.3984301488232032,0
137.42127751951423,11226,-1.5709135756469907,0.5994012242127051,1.6568213711385094,0
170.45201680291984,108745,-1.381078202718446,0.39105996752121525,-0.885519017245201,0
25.146775440874766,162008,0.5726361064806182,-0.24136517577910577,0.008107697379998585,0
293.69262099101195,129471,1.3099869995451503,-2.030016357246657,-0.36851928348372337,0
53.94910154149554,21677,-0.2696799617245212,0.1299025796103535,-0.11384131548776842,0
82.34079161471992,102305,-0.8615333768296236,-0.35472341238569155,0.20676980062599107,0
49.586754815872006,71445,1.2226392519289684,-1.0183882180921904,-1.7201205460619677,0
79.24051442327064,60896,-2.193930445557453,0.3554793580453164,2.6194367964541545,0
75.24227126494291,107532,-0.20922288381771445,0.5932430028163533,1.1281148389114122,0
411.3064817556362,161961,-0.7382935496387839,-1.746764926428344,0.33486833237869684,0
1.3084128815999125,79091,0.7455832022277797,-0.24385182121447455,0.5544819842828449,0
89.93426318335673,110224,0.45318821613321647,1.0312392435988207,-2.9453055149997756,0
80.49175105969859,170790,-0.1705389004188832,1.4864158474261473,0.2943677941500651,0
64.48185617162325,5837,-0.6601570524040813,2.3303153723658663,-0.1867929341577048,0
711.9875505146248,95373,0.9334043045215495,0.15831150860667115,-1.6591255931090374,0
9.753293929431326,124773,1.8205839068434124,0.5764367257778134,-0.1925446237947753,0
39.50781670830073,50790,0.16977807026938657,-1.854901623199719,-1.6981704620380096,0
59.9491692759176,143075,0.3955958391860224,0.8531179317702787,0.4598999747025436,0
27.687049512267546,76593,0.6341670422732915,-0.3079862795015764,0.4338487537436409,0
14.629296384629013,65623,-1.625963763662908,-0.06341086833398336,1.23318600643289,0
455.39518748598385,141628,1.427044300004192,1.1268465748070369,0.4473026826360902,0
154.35000995607157,72940,-0.21679230315069192,0.08427547083367695,0.7784115988425827,0
69.17518215653054,147036,0.1767728147367302,-0.09833737621496985,1.2515637025235757,0
73.20198933677878,12685,-1.0292507031229927,0.15662211445473664,0.6665244445725548,0
23.89160864800597,163715,-0.6573355157012702,-2.245809818111099,-0.45009477059388125,0
170.82198386348838,145804,0.1211780256124466,0.770749735224655,0.06579808711493092,0
196.7212674104503,54781,-0.46939815919580397,0.9596271295071594,0.7588840259554429,0
14.890712964895501,28704,0.5902652548027322,-1.4962022139275506,1.2967912071044374,0
23.600177835629136,93079,-1.2556346288630187,0.09658691133613242,1.3862401964271254,0
75.13125104691835,97681,-0.8380889962038949,1.9512331027632774,1.4904661452314578,0
111.4557875164391,113353,-0.7315278645456227,-0.34006603771067584,-0.09199992992597113,0
293.60896111248917,134940,-2.3474739524394406,-0.6233742876315617,-0.2987145301873619,0
722.8723472227052,3665,0.814546023932042,-0.3236353696312287,1.186375536523749,0
169.53965270756262,37921,1.0175517381656227,0.9413807607480428,-0.664989421268081,0
19.28434010726858,7386,-0.7998844764813346,-0.2873535870138531,-0.38146664534589425,0
96.14859785271145,119947,-0.8591698608152197,-0.3695808548805753,-0.5201172597653781,0
1252.0807635046488,30783,-0.695902240914546,-0.5422088994136636,0.4718520304820431,0
315.8596798296198,87826,0.6121487543660803,-0.5239575511518932,1.4586686808171339,0
562.7287967865354,6116,-1.3601032381215123,2.1771148743215667,-0.3891018304797765,0
190.52228072335342,150309,0.006248682722424675,-0.9255108001473843,0.6948246685991727,0
9.660529804499166,126473,-0.7962557106469978,-0.21962281074714082,0.3437399662699479,0
7.175706089957533,157260,1.9555843270270872,-0.30632636544207115,-0.5669473958298711,0
2.4188259316071026,70639,-0.2977091462199684,-0.0759492617107855,0.744911567312934,0
70.79379734757573,73947,-0.3589419453062857,0.8414723450820331,0.9553062883363411,0
132.7935226964461,153481,0.7961604226379327,0.0037332543103327843,0.8430380100543898,0
5.727536856451225,94472,1.1196516753018575,-0.4349147346330652,-0.9340866438843229,0
22.95873798134026,69915,-1.0571633195991963,0.6317427392267546,-0.18387848992698436,0
520.6769243758789,129752,0.17257494779578342,-0.1095347157329711,-0.05976725364660664,0
40.79650035148287,169164,0.6309184348097328,-1.7810139175820676,-0.7071393974172575,0
258.7266524609829,57942,-0.8205789798649884,-1.1272488376084637,1.0585274842899515,0
83.96783269988788,79876,1.125614152071383,-0.06166062577284957,0.7705988441650036,0
204.70877064513962,74089,-0.959204482989536,1.9359976488868889,1.3204961113348415,0
52.99457484763872,26809,0.10058882740866514,-0.6709442323471383,0.4215713881335219,0
26.76480033586779,1667,2.9608049296124594,-1.2715150983526875,0.40898936342686787,1
93.07634060794408,91049,-0.050270436272097756,1.1782420172258996,0.15293255649147283,0
202.1957983119005,157182,-1.6166864064114945,-0.8458321540863305,0.7457155859237439,0
13.567402613140475,115037,-0.05796619493476984,-2.1523055081870743,-0.415774565281635,0
41.588612679469676,109023,0.2605316145415667,-0.1875080969718365,1.3033186303331332,0
192.66738791160233,135513,0.8442420101059572,0.6377959840492426,-0.7201626395760505,0
190.0762256372232,12636,-0.017384146528721015,0.01907379095685252,-0.7828980678597364,0
50.12809174477879,115900,-0.5489557791513199,0.09827542495218733,1.5780121542190824,0
18.13575093250869,112848,0.35505657592047163,0.5772221460298275,1.713270983278588,0
106.98923065309823,46921,0.20768584881707702,-1.2229019496856244,0.8937867949752035,0
199.1646536578082,46939,0.5159523818096696,-0.5195214625203645,1.4974945222496705,0
441.5016650067618,57965,-0.4270081213053452,1.5335584016140327,1.4560521044179444,0
12.108626164186976,111055,0.18002715579708112,0.01483100484842722,0.12479190835692798,0
12.259202847695583,131930,0.13911132052009756,-1.3099204056040836,-1.5273426567173911,0
33.873862807771026,119522,0.15819972231534524,-0.7036267835141454,-0.6475925111211006,0
34.874986967726336,121854,0.5514796621906507,0.48107952002802445,-0.6861642441440542,0
53.503879371668866,66714,0.7379727520802429,0.0450063621582059,-1.629856725144767,0
960.456892177491,131108,-0.7080884837305316,0.5205303747103976,0.09224805986074701,0
21.99629987406075,101213,0.666864199363169,0.3552932947460156,-1.3390938448655085,0
10.654539478277261,164097,-0.7601379641019713,2.5765396733016934,0.09838433568883424,0
88.03914166173027,112448,0.8890743906700119,-0.4151600642793165,-0.3909066892651723,0
89.93981441916053,81096,0.20124078358533803,2.612816457986214,0.5878894871233928,0
687.9962590405629,142405,-0.20605857806252822,0.171694148960637,0.17459607228380614,0
19.754524312228998,132639,-0.16700138035515225,0.2054641976698058,0.5791544070281577,0
29.385556166937302,78277,-0.14272120590753745,-0.9211629755546449,0.1635872996064033,0
166.71536502917644,148541,0.7867714406709029,-0.9298472243114716,2.326672342987998,0
8.375154209497618,145051,-1.5383676852984691,-0.12187250410047548,-0.6404893239149874,0
32.54179480209587,107018,1.011459004607758,-0.28921014834401976,0.6843586601306294,0
76.60346300503224,152625,0.5104343327693658,-1.2277788674759815,-0.6390453087521625,0
88.17178432100124,163310,0.045823116017654236,1.1560800203508335,1.996057674888514,0
15.915249813889531,53214,0.5373905621860725,0.8846306698277604,1.971029664279037,0
142.5730408455493,114688,1.7729522309509902,1.0088959230218386,-0.1656077037539745,0
111.56922497840658,44294,-0.4144643921898409,0.7417418600655904,0.5660775238389318,0
20.114879255205626,112271,1.2730129989007062,0.7261398851436156,1.0870928617386344,0
62.070447776695424,122140,-0.17265743528811267,0.319286084838807,0.16419359132141947,0
82.76768380084279,158727,1.2421001150408553,0.6698519696580272,1.0417976407578464,0
34.7039821058786,62546,-0.0861861110033916,0.8435783594798207,0.35701569756419965,0
355.821200160955,156571,-0.2125802399907283,-0.40969126672784084,-0.497192057389582,0
16.544346449847854,120973,-0.21949034958019703,-0.0025039839457901406,0.10887533127618021,0
4.867833450170451,107904,-0.9054170547503619,1.818824418650184,-1.2005345252494832,0
615.3358313887322,114773,1.9884564785060925,1.0021356525754814,0.9057286243280883,0
9.74553223091136,96590,0.8338719914296715,-0.9167092497226811,-0.7424456679274329,0
105.89985106994094,27488,0.8534011285587061,0.2777680891253911,0.09459943173611897,0
122.11694226635126,57300,0.5944363424228408,-0.29438575397346767,1.2364905919973446,0
250.0235460249982,120384,0.3734189047945258,-2.064404175715822,-1.3776246489090913,0
84.4657043574433,161341,-1.421764836391158,-1.0455874236881828,0.04438301037218159,0
110.93668625592989,119645,-0.006356636963331875,1.4870869723799391,-1.7950405567804102,0
25.679599155580437,104082,-0.2828778686099834,1.6377333985223745,0.02849029687732834,0
1.5395742834179753,107809,-0.42337266481207947,0.552637185534246,0.05175668444437775,0
114.48940334024056,159500,1.0580968406787352,0.0338795928345062,0.2725574267721395,0
35.41730877101877,31171,2.0145938297676977,-0.6492777896355524,-0.03747836163453753,0
14.259099104459798,115310,-1.2944464294089564,-1.0393663082144804,-1.0239451381488789,0
269.9034785922502,108039,0.6715113507233292,0.3864958545865518,-0.3521592345221898,0
9.25692321387632,61852,0.9376772648709945,0.06592392767069506,-1.378307058139771,0
6.610983668019523,41150,0.30873894736952723,2.1831838580356195,-0.42144908182557056,0
30.5252817778308,85621,-0.08717456660362717,0.2917771675305805,0.9627391054856039,0
210.0907021608078,4696,1.0492894182985102,1.381006336703175,0.5884749765406383,0
18.827461303056772,61377,1.396135305778577,1.8921313778012319,-1.4805454506517015,0
14.342277755837669,25407,-0.46642954175766177,-0.19864321536778384,-0.3333348646109124,0
81.71815393761852,47995,0.855460696245715,-0.4340054760350902,0.522340575246019,0
12.204060155427767,49185,1.289935733070701,0.34323982111051693,0.5416813143939245,0
26.733197986253625,10004,1.7637346231037556,1.5856666151882686,0.11182918071673721,0
139.0885398131428,116664,-0.7678698060022716,1.0003495559022264,0.7472316581491332,0
120.97135517721436,113944,-0.9451603553528692,0.3712449830302148,-0.5436716526383174,0
96.02554877621435,45955,1.600963154975481,0.3035550702910693,0.1043980100289055,0
7.391110448096537,24448,-0.09911502316868055,-0.7406878469992598,-1.7151690288092136,0
13.686154799415919,163471,-0.0666920205051646,2.472348974227823,-1.3787287560398465,0
14.110548926349313,133054,1.7057323290852113,-0.48296568326610523,1.7209052849079922,0
3.3568225016795337,100368,0.9206859718886631,0.4426629658227311,-0.42938554601360995,0
2982.0248644828544,163277,-1.1381746241512685,0.45058007655703924,0.410625659548188,0
172.2798892913788,96355,0.9623208584650491,-0.4876605127950759,0.9792767933792316,0
93.79707123298333,162434,1.0356325040931416,-1.299700954581986,-0.9562000927146843,0
80.39596367132826,29030,0.2756585083853015,-0.16969727860526648,-1.6413396040709682,0
81.77399506658098,61156,0.013562387193219538,0.9345585757043416,-0.4502874125809776,0
12.136360578016806,108592,0.6123248741988896,1.9943362928848605,0.3070612519411113,0
259.9908242293667,103381,0.15865661132826148,1.542426127921368,-1.3486192636233185,0
8.701997922549712,152377,-0.6242980697453806,-0.5694449249574914,-0.001242643702716887,0
3238.508689673929,114988,-0.10856240627592322,0.5042014599015671,1.1853290530143943,0
94.62383221766373,56035,0.20530743654002992,-0.9398919837446674,-0.69261439948105,0
11.299843664208364,21157,-0.6098367206722215,-0.8094034728695928,0.46202206254654543,0
23.42683251034596,22791,-0.6941060813003287,-1.225314760409151,0.9647539316596697,0
39.762476070846596,17171,0.5093932324839803,-0.46957515401410976,-0.08611080874060631,0
61.743161271608166,123189,-2.324854679084149,1.3387141001198721,-0.17398791536759245,0
50.119395196858115,75888,1.1449389017228533,0.1343211552546796,1.9424185045481293,0
150.9295209678101,89067,-2.4217357782550697,1.6269331725320926,-1.3980461803609983,0
19.54621839796272,118296,0.13794236774494226,-0.3468102089366077,-0.18193485620754446,0
11.259128391318123,133496,-0.019389538479447774,0.8446027552574428,-0.06909307465423715,0
21.456464116730295,24260,1.6428157967900199,-1.3968934089374718,-0.2140882142160113,0
53.013325241899544,139291,-1.2845652339710558,0.6052253401267543,-0.8054793037827405,0
4.370348314072478,128863,-0.1605852789587953,-0.7205180872262799,1.2054401589564192,0
125.017022311054,54021,0.09895276614402672,-0.32378173214562816,0.300465781641859,0
135.96116418961338,141906,0.8408724096995623,1.6246803613853789,-0.5124725781001697,0
36.716554807817275,9127,0.7856062406612739,0.35962779420008556,2.112519707563797,0
75.18415929243044,103083,-1.8898677620421511,0.5711768879734347,-0.5772731938768811,0
24.576339342223264,28557,1.0182358008276973,0.3948893588287026,0.07464293817009517,0
3.1205110744341167,144839,1.2119007738552743,0.5802196488617136,1.6676872959630242,0
256.2004672352333,85842,1.978713271698449,-0.9087671998383119,0.398530297197062,1
8.311299695290147,150468,0.49133396678316094,-1.7820313963821102,-0.39187694730917727,0
14.14151038434777,72370,-0.8642716719010296,0.14670645960912362,0.6385453027159871,0
605.7750196673485,42568,1.2250406433846874,-0.0920953260417894,0.8944738370049368,0
44.29317431353476,145743,-1.5290060726965147,0.10627146054430035,-0.22282807351006198,0
9.039220140230393,50502,0.9761672568516453,-0.7180006324604803,0.6575086247658349,0
4.179945492432334,66758,-0.7187683641710777,1.1745082550108545,0.61655637010805,0
27.54493741408603,14656,-0.5991263995410497,0.41067366737559596,0.04670013127233614,0
8.700640898391626,7139,0.8853414834392396,0.4093009806715408,-1.182711417177592,0
117.20716211394581,49649,-1.688400582335439,0.12569196015900566,-0.004372320010707338,0
5.439150036261121,34307,-0.4464686139428064,1.2326695097170544,-0.06610823175414411,0
12.554907661040065,86923,2.1545815688196877,0.27048432800345973,-0.44087512018528957,0
77.7940224318094,7202,0.49795639705276634,0.34811762978160715,-0.301543434404869,0
162.51281972946057,72372,-1.315498039829754,-0.29199525234225,0.5917741838703777,0
209.00660075799647,93787,0.25609841978533415,-1.1212401826084957,-1.8657286832848887,0
162.42089278433548,114183,-0.38361496940356116,1.3044715844946186,-1.6280712653068408,0
82.47567879868866,171566,-1.0652320763570464,-0.5149398770433262,0.10634365408225643,0
1083.6117503273947,86854,1.433102775143964,-0.13398141134455133,0.20179434894263384,0
881.0715608670304,64042,-0.07639113769770904,1.7043981210482326,-1.6886256831781337,0
143.38067117898086,87941,2.2563678591478635,-0.0663508971807858,0.06043644465526615,0
22.011756354861014,48245,-0.8365849938711457,1.1841294749599731,-0.041264041072232596,0
20.87033159717208,58414,1.7606679093652005,-0.194774119533032,-1.2967939167843396,0
1357.5074474143532,70648,-0.1336472016022378,0.5873587641573387,1.2782709637128526,0
40.266869896022286,70162,0.41037433354779074,-1.0245353870423353,-0.8799356468710275,0
108.9834314276167,108400,-0.3861965958794229,1.1694091874339718,-0.2780852938711966,0
3.7844539295640214,163798,0.7033826186034501,-0.8080314359852435,-1.6232755945919302,0
31.739369041825714,158491,-0.6415977173902092,-1.3718048711278332,0.14400811759915813,0
18.149627136266393,52448,-0.9801387150125465,-1.331616965943297,0.6025881570731539,0
38.63710415200732,157642,-0.02766986495941711,-0.9461670688572201,0.784058373364029,0
64.87177684047299,43915,0.5206249716711131,-0.7758597883877678,1.4061371308882566,0
42.67601370423614,137104,-0.47785108584478203,-0.7976372778674694,-1.1186920129852944,0
5.81089923538689,15689,-1.3808682116916553,-0.12005451891451523,0.839624492480453,0
59.73140238430779,82946,0.8210504002028359,-1.14020548851952,-1.540361080475988,0
10.435604074811236,135921,1.5467678976272308,-0.768435309010814,-0.3662818309618978,0
196.2050945074561,99992,0.04046299362322666,1.2294527012471155,-0.8303570346841621,0
76.80300857946192,20948,0.31642978798698645,1.8021655169112236,-0.9203853076829519,0
6.808672548189518,30384,0.5795059819423658,1.0517703089952792,-0.5689673517760733,0
628.7599506369224,91671,2.494369707553231,-1.2791899136094556,-0.24813278858553892,0
14.287442025064498,111539,-0.06798972767216127,0.2807261621747118,1.404013802859822,0
250.34283982840168,161057,1.3669120915703137,-0.7847559647449165,0.1851312769244571,0
276.71198886331786,28087,-0.8318515637849228,-0.4547337972663057,1.9424824147667588,0
64.17669144564697,96589,-0.38470051233610336,0.8841067727249096,0.5183322701795198,0
794.0628059230859,123409,-1.2315136500324815,-1.5348551575420828,0.5984165911270166,0
1360.919882107247,124225,-1.4054227726535937,-0.025600997202717447,0.23839871221776368,0
65.9121556160055,102491,1.1164246752943185,1.027667291120919,-0.04948279306663941,0
42.67004667981097,65377,-1.8406372046872632,0.43683767740032814,-1.4804334015387421,0
27.59978337425596,44791,0.28043211006144775,0.5110856481800045,1.5472523706004173,0
229.5124402445903,40213,-2.137402461645714,0.2755275901720607,-0.6523078009299342,0
27.656999362219963,35655,0.7873383004385003,-1.039401995788547,-0.2491190839828444,0
6.801792424276304,112833,-2.7163095971529234,-0.8376998688418307,1.4185317661106878,0
3.052138040455695,18059,0.5018924500979287,-0.13083731725640724,-1.5360210840465827,0
96.49193913527175,90932,0.9456748479512121,-0.8948028746405586,-0.849492695356481,0
1661.7553245185286,144901,-0.6402354756160041,0.02237543347420215,-0.03256021051276721,0
295.62015678929964,152320,-0.6638714665762409,1.1371728378282469,-0.09006913956281029,0
295.05597378308227,93531,-0.5506728409637668,0.3002278420810057,-2.257521127522382,0
36.14080120046035,154969,0.5140499192485014,-1.6837806198025809,-1.4964146698384984,0
61.65241758508177,10453,-0.12784621033251398,-0.23414137963190051,0.6369849820531548,1
114.92718811843714,108871,-0.7221004670785612,0.033390445180252706,-1.4868711143113802,0
62.82073817372553,165335,0.3342354872768168,-1.517960006531736,-1.2031916005446317,0
130.71767575571587,21179,0.16219156646087737,-0.19949439901317917,0.9043634102307364,0
221.56492000437478,50509,-0.6791625635564947,-0.27613382661741437,-0.6978002513182767,0
20.613381298694726,124809,0.3678905016262423,1.9448889007161272,0.5614144067885987,0
136.88769670638055,16713,-0.7851006498745031,0.7026438059505513,-0.5714648491887862,0
28.678088651267213,40443,-0.42139142007942604,0.39773150391154777,-1.3211109387029376,0
61.77050492272679,60022,0.8017401735048968,0.23504217135257155,-1.419114773335789,0
24.541471405908737,162373,2.522414144304171,-0.9391109164639284,-0.7790843822884206,0
1227.331475026762,103140,0.27718599738141436,-0.4877178198674756,-0.6155159963327727,0
67.30581884603309,68446,1.0249838867982148,0.601309264053901,-1.0230279150298212,0
11.01049711079168,155341,-0.03745698721743875,0.8106662340401183,-0.09819569483008432,0
18.137712958614717,15058,2.1210092202698894,-0.34369286624834366,0.6497460011120247,0
7.228317682779987,76964,-0.9301733137455103,1.0807404450161597,1.08207549149671,0
100.9519028426948,87457,0.9469046950881974,0.9163707898371947,-0.8893368162346941,0
150.31086525678157,163266,-0.812112490322867,-0.5798385332377834,-0.6668629874850477,0
39.369505845139464,89461,0.5844971005179205,-1.83426880345606,-0.21574268212875983,0
1313.4743502154167,82104,1.241449238733912,-2.467291038287482,0.8636219202696672,1
430.9545121559255,73608,-0.8217838970262304,-0.023599226959221484,0.14050697828712738,0
132.42047095809784,86728,0.6336252779231422,0.602204328725248,0.08609799277567105,0
188.49486349667012,111056,1.1870848787786143,-0.1368237186963647,-0.5540986711043333,0
61.05434631540501,78488,-0.4397774743770428,0.6848444797463612,-0.6012989475947165,0
77.81509763760579,15684,0.4741181974772932,-0.006733776113266195,-0.03982288472674765,0
207.35788084787413,66013,1.46361039349854,2.2262218210733864,-1.13968075032234,0
139.8143673542579,49645,-0.22604287685978783,0.8626881403152818,0.6726220651784663,0
23.922682695009875,149985,0.228959630781097,1.0428055839947925,-0.23884442672959633,0
7.166145966117522,171361,-0.5065899725711563,1.2758223335627912,-0.09423022123778556,0
102.6637840610737,124401,-1.2905627733999347,-0.44865110992146445,-1.9775984882140603,0
19.704214022170795,73528,0.10193965078371141,0.10226397880427616,0.5395538368173223,0
69.20549277813912,146004,-0.19470890023512072,-0.16139532796379757,-0.7895251406370952,0
209.04665800950346,26534,0.8847229011577468,-0.15418415237614644,0.2722891265795603,0
1072.846411322054,115164,-1.1998397995944765,1.0087220500753624,0.2924673249341525,0
70.38929810497415,148673,1.2601125467527872,-0.03592422735934994,0.11757865092430864,0
53.223013546725895,87125,0.326021159582603,-0.4584520002782475,-0.551234403165769,0
506.21566445139683,67278,1.9513040162890434,-0.049484035194801865,2.000847062821617,0
29.07731767963652,87862,0.7250040837418095,0.5615099339198617,-0.9734291194844759,0
3.4217100074497804,106566,-0.859704019061751,0.8839858491344721,-0.4237295804531899,0
515.4630439502616,147483,-0.04163754936976887,0.4027322469365152,1.1914912688428103,0
259.84693077371367,121237,-0.736476243069468,-0.5214133890606576,1.8512920507761728,0
29.293028910001848,28517,1.0177677750390415,0.9126583136850289,2.0815433184283547,0
6.993352527635188,166923,-0.033688977945861814,0.2600233141367164,0.8216049077606703,0
13.81173539033439,46545,-0.7822335176443129,-0.92844008152225,0.3690157687099441,0
578.8133994779643,122978,0.8120973097323819,-0.8250709181350288,-1.3383393546460325,0
15.583218788555449,3909,-0.4992213020985358,1.0031036032014258,0.4016812491559838,0
23.813059102446008,44935,-0.6220717244065977,0.7999273389039869,1.7565834597235421,0
231.78696029244253,159740,0.4372854895748453,-0.5557940051406344,-1.408387986660749,0
518.1660145845914,77626,2.83342936585534,-2.149160443258062,2.010739737438061,1
6.356036318988117,78747,-0.11059590936324452,0.19278682878559136,-0.15605180535591365,0
122.07319817278281,122245,0.8665667858544491,-0.8632328859993156,-0.8337011506083677,0
19.77892544798236,110076,0.04690570674182431,-0.7428042465476778,1.1133702428263963,0
129.04629810782353,48105,0.9761956558457631,0.6992437621374368,1.4669941757414195,0
209.28444914861333,101101,-1.245235721500435,-0.17246192052501977,0.5295688954309923,0
146.1787828955494,99969,1.6348119241584238,0.8021037664941206,-1.8163543597283756,0
5.538049915102834,122352,0.893826438950743,-1.3466603891122475,-0.48583857229427646,0
31.48333132141012,36345,0.8159064848693854,-0.7239840490903464,-0.44641599179728453,0
62.12918364785296,124576,0.21334992751313195,0.6744955323473998,0.17018985484427865,0
404.1391300578236,78655,0.5720384470603045,-0.09649268734415682,-0.21964057078985053,0
76.54697334317605,76303,-0.7149540063835553,0.7906166841226675,-0.6061949924112229,0
16.885733878732,29018,-0.5608443671152138,0.4256308362082663,1.1259580159038323,0
25.624603810389164,32640,1.8644496019744716,0.08790608190616135,0.011235032452713864,0
90.57906467226456,148010,0.5175994814165256,0.08235786693581115,-1.0153404576302378,0
104.9327300327679,139628,0.6282037480060738,0.5287742548083371,1.5274473580956036,0
18.430640097996715,1287,-0.82774262070128,-0.12743391977548646,-0.7137478705689162,0
44.70484688425071,24941,0.2595974280715852,0.5855371685409039,-0.46440529320514107,0
19.02269695755181,128623,1.6589685344532725,1.505019526772147,1.4205151353788352,0
227.50538662588815,171140,-0.15664037488899707,0.5476416168376215,-0.2733416373726595,0
628.2406654889021,52330,0.502445494503549,0.40378731652560873,0.8145895876528072,0
10.116648087164497,83817,0.9020871144779922,-0.9994973249201909,-1.6035719340857697,0
17.64044589253101,76280,-0.875827294026199,1.0347758964880944,0.7533091581757978,0
5.479145511070958,94135,0.08828564833814538,-0.5276519080136913,-0.13640606186001814,0
15.77797009052612,117926,-0.4028050545302251,0.4795479335821979,-1.5786294471043336,0
202.70984289303854,106279,-2.199574339488854,-0.6678745087876852,1.1266165053382142,0
425.6604122985701,169252,-0.36013880225789713,-0.48623348078141637,0.35819490197338494,0
158.28531870226072,128227,0.309116324308994,0.5105145933287811,-0.19441608922131817,0
358.7833349801523,126047,-1.2047645803485605,0.471048181951216,-1.5851007856006545,0
94.1296833526398,47367,-1.3314929264724231,-0.14987728739897982,-0.02146061925517725,0
26.24002402951594,74453,1.398325210710112,-1.1451890677775318,-1.102708740699954,0
20.51310665857287,111315,0.9799906627978336,-0.4913626150972239,0.7939608312528652,0
128.18501100046694,56305,-1.2552322034577534,0.8561216072100345,0.25218340903839687,0
175.23203836194043,111411,-0.7647112347977815,-0.9247314872569331,-1.3349708463236105,0
114.20879085675716,88148,-0.513404135704601,0.5376774461318808,1.9244538675012994,0
32.38722013712307,15430,-0.5204879444060165,1.0244686381122505,-1.6632664845715306,0
27.788434760609434,100613,-1.0438884400500221,1.4986929568715317,-0.8850982372856128,0
54.76028840598901,144718,0.7352385494145565,2.0180150520722955,-1.6816095242161428,0
373.3310996436081,65836,-0.7938154439952722,0.5718129037291528,-0.2709616209095633,0
56.2711344667477,161711,1.568523869598947,-0.3771509126604136,0.1669574164546865,0
81.75863085256368,165065,-0.22272516483171967,0.32890567391301295,1.1015618262398144,0
334.47072126597493,125015,0.09886895100129947,-0.8043458009921166,-0.8462228907844015,0
131.1669907095446,107776,-1.1349341006955547,-1.765787371384256,-0.5077590141097692,0
183.76709836622948,130306,-1.143514927248043,-0.531348005056481,0.12952552815700874,0
462.5449455833042,55810,0.5528058032861786,1.0489427229395423,0.6409985532687112,0
38.70287489224573,42290,0.9446317691148147,-0.13156464763465395,-0.040949122469068414,0
1.5972375661835454,117159,-1.8543683495174421,-0.9367436628795277,-1.1268439872692673,0
2.9078874185269066,146624,-0.4451419135785441,-0.7444308640305612,0.44905591821849355,0
573.7958346538677,39585,0.2247659271403471,-2.659802160408149,0.1782787048540807,0
35.41062943590691,25622,-0.7205962111994301,-0.4154335427765484,1.3006725063193822,0
168.3944542235904,121449,1.1952415709469335,0.1513916713684312,-1.309194236504422,0
104.22316703704492,149186,2.003740615336109,1.0253306183553603,0.3408859825080621,0
176.42816620279748,15009,-0.47492534472420594,0.5691996541799784,0.18431523277486533,0
138.83840683007023,74676,-0.10517941679242337,1.1616277792268297,1.0995599735093033,0
292.31293288499074,34374,0.014780941832877236,1.2784533620000964,-1.3385507333346875,0
40.82361821896737,127343,-1.2790165086116014,-1.0917569821090252,-0.7296056508878639,0
307.19980747711276,20100,0.46138444108535265,0.1926696561470825,-0.12939541436092336,0
221.1082291786557,32171,-0.8726960322414474,0.4941643584627436,-2.3841731531423584,0
48.94790802147226,82168,-0.6082920459712207,2.0760029021786175,-0.0009229300342504436,0
21.601425912407247,141043,1.2831097173120483,0.1669331884663953,-0.07384341038639199,0
94.27447214986725,108064,0.7160123205149966,0.6099682827423919,-0.019654427852829028,0
79.74653312992359,16350,-0.5336193226534235,-0.8772859389812214,-0.1574121761842171,0
167.53084057301825,147289,-0.7254148045088507,0.6511502334011381,0.09449556990199362,0
26.262258953647432,91228,1.1814800655839877,-0.007677117988232243,0.43996632182609785,0
29.019406282651815,10300,-0.8115317484700793,1.001042506032863,-0.35730214954370304,0
371.1162043540849,127048,2.66342737747665,0.4018038272375167,-0.3338588168221277,0
19.490496455127026,104191,1.7629683942031154,-0.30938539947972443,1.760925744195773,0
10.174950498404886,11809,-0.29596234850861636,-0.26240224515492666,-0.36517596085596365,0
7.037575818288554,21331,1.3057049102167566,0.2712734528009592,0.6105843262032955,0
16.94919907787955,89928,0.4906455403729832,-0.07976256518710051,-0.2835589707659101,0
17.66079381355358,132475,-1.0154032973835723,1.4693371445618448,1.475153665947269,0
131.1864338602952,154310,0.060461011454031516,-0.9451422554455332,-0.6063715452063064,0
7.261659031035049,35925,-0.7901032189733046,0.7341006245202726,-0.4251964611249101,0
7.310173718283218,23898,1.1396715623360525,-0.023425164015734485,2.2325765026019564,0
365.1713603346375,1223,-1.7206051319147262,-1.322647574165791,0.21866812456770554,0
16.692747685608303,162768,-1.317958428823486,0.06675405592998378,1.4124318354897756,0
93.38035960517065,28807,0.03772645981954329,-1.3123152241818858,-0.6632696532140718,0
163.391012621985,160679,-1.0214319586588732,1.5932520538919863,0.23842734484474312,0
101.71342865568013,99978,-0.014829958409310555,0.772550297949076,1.3309519674593406,0
41.93711697060843,113154,1.7023432306833235,-0.14827385154505765,-1.2122188076823492,0
469.9522523662694,63004,0.246771571458488,-0.050660701586506984,0.7493827732143827,0
793.0481136956123,8689,0.5315543433607874,-0.20844416166258503,0.4512329743857266,0
3.9225486836970003,30496,-1.0561554063147625,-0.8874643157736848,-0.9089279157617877,0
49.360698923232206,25259,-0.48601607539643477,0.6938100948862422,0.6122553836746674,0
84.80350701485354,17833,-1.5573299962417084,-1.5293586749901793,1.5212781130600939,0
24.129276921005744,17829,0.1760499055233748,-0.04007681146424258,1.5100886748089892,0
7.147972466202811,167564,-1.4940844723019466,-0.6390663545002349,1.8381130882671592,0
37.01920312063224,150969,-0.5480834427226999,-0.9355107421250098,-0.0720546020729096,0
187.57413824851812,142727,0.44650609658162493,0.26719251516288967,-0.31726644081301714,0
90.08826841381915,166001,1.1659126217463005,-1.8194530311181092,-1.3495075383289463,0
52.335409171665795,70880,0.4608507263182336,0.9802614700850483,-0.8099946785626324,0
1647.7642007024908,44191,-0.31527154914088995,0.3975553557680451,-1.167157660281598,0
7.777037291725652,140752,-0.3367053208792872,-0.8313857092086653,1.4613556870281814,0
87.28977709680342,109575,1.334722220405176,-1.2226048682770017,1.1846662790137439,0
5.612724071190216,104004,0.11839666187152897,0.6144337461447744,1.1365841456364276,0
806.5912495902697,31368,-0.9729154353663806,1.959318410325425,1.3815856745086927,0
158.97113528479971,29152,0.273916525691986,0.6412401523206893,-1.5444145001113305,0
7.9990008769273375,149202,-0.3559820973274941,-1.0952597705175895,-1.2336466774694839,0
62.126106951352035,22231,1.2447625213365057,-1.2357031097506503,1.1374099067530539,0
111.27975537397258,87150,0.1362829760539378,-0.14066426793907078,2.5846701239927223,0
34.318354958592245,153415,0.15916079508344347,0.015672831838933546,2.372281622786878,0
1189.3219837247914,47165,-0.8885869563620131,-0.043565814850148404,-0.24494282566864783,0
357.5459737046154,130293,-0.23315086310366953,-0.45554911890838484,0.05775155423212355,0
28.016391307829455,76749,-0.8605967491761027,0.5658671576378553,-1.114161042484297,0
43.79400770160111,155337,0.0910743838682278,-0.6420881901908675,0.06285217295949035,0
17.861472748846285,58001,-1.954891344598857,0.7919814937044316,-0.06402744217129142,0
73.59591661050665,51559,-0.2986134794743056,1.3181092703402375,0.627836672877244,0
601.9333772897867,54551,-1.7504537000778286,0.43018836644304775,-0.4873091395980914,0
208.4673680446169,77774,-1.1333272266369716,1.1503645369655373,-0.6793293754230427,0
99.97416919349403,66652,0.44781860970007353,0.4070193547817765,-1.5698303499095319,0
534.594941122447,116214,0.6270658410707851,0.6660841916804898,-1.1765432501162896,0
95.11547434761363,141234,0.4379985914318535,-0.076691348259603,0.23039411349219646,0
398.67564386406616,69678,1.1534562056465654,-0.1136395720051332,0.2818103301624044,0
10.560221165229049,33512,0.9285985210469118,0.8502112864232086,-1.0109085521430217,0
24.10021189810672,50344,0.4896584385895689,-0.3777836067820976,2.12022289558903,0
332.0770704215618,119688,0.8561718363230225,-0.2987222127444201,-0.8654131988540364,0
3.2058739715337135,146498,-0.48984600383313015,-0.013623773317012073,-0.5674372397195919,0
7.0557367495585055,46257,1.0925718886445124,-1.121674238516869,-2.3861111538526063,0
8.658905053103544,151649,-0.986047670343665,-0.04369266217089644,1.9293078230732217,0
107.99785525874427,1135,0.7210654984291114,0.1297690942126442,-0.019577588818570447,0
207.59202706500278,16375,-0.7370685366553974,-1.6809413014657812,0.31367115486410896,0
580.4558332435388,41787,-0.6141310534969643,-0.11342047075190066,1.382392224227242,0
144.7925121492385,103623,-0.021371760265953832,1.5896421669004968,-0.13759212196167195,0
19.89845323819895,101209,0.811237500345412,-0.06567407576144203,-0.20134069066237298,0
53.4765575296592,130538,1.143278402037078,-1.2850863522720604,-1.3008609385920875,0
54.02277101666639,80221,0.8130885072214493,1.2207473491626966,-0.8835894479802998,0
38.01018510578124,44390,1.1659770669319522,0.29976603689096987,1.4223338826920475,0
123.35745042096629,150851,-0.33621915599756125,-0.8801966585579677,2.017957771909191,0
97.75535775293906,165280,0.2604224611240498,1.7974988408256103,-2.122136357489705,0
62.91542419567386,161815,0.32757566213246353,-0.2513881470407573,-0.8045346536330449,0
57.351298965944146,73251,0.6256624033360343,0.46876811175230565,-1.5532084588219628,0
85.82591611438498,164265,-0.5753338188530707,1.765652568891056,1.5960977029843042,0
3.9637955567199112,138145,-0.5864713428813044,0.6204432750596487,1.82545679021779,0
59.228262410120124,76609,2.211811577821275,-0.5831794916966143,0.6257616021216299,1
654.00217009021,8430,-0.28283391640636446,1.1517650836377693,-0.24903657283328312,0
47.581354094086755,78727,0.9020291563425596,-1.1448891185778558,-0.47439900114186817,0
9.53945183888615,33617,1.0023389237220184,0.26706383083360963,-1.6199365387919609,0
57.00376021838052,3034,0.615640716846235,2.027633571653222,-0.123355022052619,0
3.0297833974671224,50374,0.9175612142790555,-1.7999301093690676,-0.003267551453747577,0
51.04259370329383,20150,-0.10802893616853995,0.827738930529472,0.878575906134084,0
203.71848124093154,41633,-0.22200198810580926,-0.03273490659984283,-1.4702773505526314,0
248.70304702170586,33583,-1.6548207042711882,-0.8515761257424254,-0.22822809792660334,0
155.37741140058225,7661,0.5209626031280572,-0.5823024016244244,-1.7803564022148526,0
27.012607965163724,120921,-1.2237373653956554,-1.4471166009209442,-1.4262690131520164,0
4.167140394864516,8048,-1.179913962493304,-1.0946903360788738,-0.5909888469632892,0
8.79405532244238,39177,1.8295398967904533,-0.9518152470226678,-0.9090526188874587,0
200.4933580452607,138572,-0.07508410794654673,-0.27966730067033735,-0.12637466060220018,0
285.6668746751591,38921,-1.0148376261890482,-0.4639557097602664,-0.5468094671319595,0
151.1723356372839,167798,0.4676230044314696,0.9955579188020636,-0.2941439309199941,0
316.58028423092156,145872,0.5761069193999334,-1.753372454328103,-0.8278071807580716,0
303.3970353093187,96875,0.26494959390926565,-1.759161781429039,-0.9895062161393994,0
1.2668889281424478,90177,-0.24399499959201187,-0.47478638143662877,-2.016243807502526,0
169.81889259090642,166857,-0.5454106196833517,0.6563019492115078,0.791593587186139,0
96.12511179608073,168765,0.7058427210252162,0.6781062527803091,-1.568102145682655,0
30.68357519346952,171869,1.7456079383123184,-0.28014535625003917,0.682633852514649,0
20.516051098198208,100804,0.7757722215290748,-0.08783415369620647,1.0010988670023768,0
25.86930756186008,115117,1.1035976353933776,1.5407878072836048,0.7273589704170026,0
13.64200762861293,17111,0.7912055498528333,0.15264733785053497,0.7715091175591708,0
35.24356983628999,15376,-0.0788588565444915,-0.2297960931843597,0.03353347886199428,0
52.03603420014964,128575,-2.731841148232237,-0.7504598175054886,0.5281120483357483,0
22.381717802375423,22623,1.0721658491597048,-1.5309416767127642,-1.1892999556972692,0
286.78981611833433,24630,-0.368127485555317,-0.18512875812660884,0.7881154000729022,0
116.12132537560343,77303,0.12350510714418059,-0.6595609580693483,0.34818864093575547,0
19.171439473654946,70325,0.8423390063444206,-0.7454569407337267,-0.6563660977079215,0
130.10798078501446,46557,-0.7097981993772792,1.749674702357744,-1.955404921010564,0
148.89780465384624,40533,0.07766622294202924,-1.8906221454277272,-1.0061700677258807,0
72.57055430088795,127521,-0.7617032474900233,-1.452119319183696,0.5776903074637489,0
159.50856044345164,158842,0.2645422666434413,-1.4000032073062598,0.13391641119583322,0
39.41954618262722,15921,0.4300471386350267,2.0360034925123323,-0.5658090944617077,0
6.643511410608974,65651,1.5435132013826274,0.2024573058901686,-0.2868394368892231,0
28.535893567024573,51330,0.9079752556195861,0.962521880629353,1.1546133895304498,0
62.518636657253765,18936,-3.3229296066654372,1.1942519246459489,0.05229252461156939,0
20.31665692295539,14770,0.3395615171751751,1.5771369804276374,-1.5649341425220922,0
20.199313600843894,80543,0.11361123772494724,-0.5413560452517512,0.24680921018978233,0
12.509815692853959,147059,-0.5441207236633132,-1.9970307137827237,0.9325183722384751,0
12.69937313627297,81690,1.3102260644947752,1.2997172538080142,-1.311327357303587,0
9.849949505244513,164221,1.180880574847881,0.9715747867666119,-0.5150312614089093,0
21.246279032944237,75692,-1.123459543053787,-0.12712138752466065,-0.3409396971960801,0
112.32114554020657,57899,-0.4248108363469729,1.1270163719398836,0.017367750204853167,0
2.643934644902328,125850,-1.4444137867316358,0.11200131600246163,0.5020842814892837,0
1392.2573920807256,66038,-0.2115669898215995,-0.21840851043493945,0.5437612924515365,0
9.327235781991858,134918,1.0530124064224253,-0.2147489791640541,-0.706172300348542,0
133.5748114628667,93391,1.2346419122167838,-0.07149536674450974,-0.18268189961509695,0
44.74811766240096,83378,1.0076489953713093,-0.18669206176006237,-0.5018349504537304,0
11.687118923543984,32022,-1.070054322405342,1.4501552857378945,0.45917797217542544,0
631.8278424785882,51524,-0.6683282980682599,-0.07598326152577202,0.8797511477078481,0
23.249362260266285,109418,-0.4732447616281216,1.0812779016464296,0.8404314983123796,0
34.94078407127566,126560,0.808106279957503,0.25558606736498224,-0.5943547649202765,0
27.422518931627415,6307,0.23630332373641597,-0.07417741897908432,-0.5236188495137529,0
66.27290957515307,102995,-1.399416599700194,-0.727577383923459,-0.0316266274029469,0
54.61511070918414,113812,1.4418731659552948,-0.16624426827205085,0.5832117676511587,0
197.75349749783257,124147,0.9847321638273208,1.0566263312086235,-1.7781714710126604,0
67.65455215447074,47565,0.946773006633573,-1.5529373485427038,-0.7768057394438337,0
470.8558759666548,30401,-0.21289907894788318,-0.643279511679859,0.6342035095758823,0
9.361523942091695,87273,1.3107767124930878,0.8625012229819693,0.7973881389726103,0
55.750921417366776,120756,-1.4143771256158877,0.08479333390976634,-0.15662582223026866,0
190.51608942880387,136285,-0.5345968355095788,0.2561742373136234,-1.177666825027096,0
53.8564139940257,133021,1.084604361456635,0.5402758058446613,-0.16108740125085338,0
1141.6452172752126,69830,0.5647381167496507,-0.8378659692013617,0.4292787360253839,0
23.178648121884034,13423,0.3361840591660927,-0.1839312890759541,0.5653565489307475,0
109.06108373229587,144336,0.5310795023264077,-0.7252357342852728,0.413505882984342,0
37.898973638278186,170541,0.550362439231904,-0.6860181258783632,-0.08896565074872183,0
11.705534634934248,132448,-0.8357500332683835,-1.0518652904003123,0.09947032481862983,0
1.4836378793372782,42523,0.21421391596832856,0.22679531997677863,0.7294097302041833,0
23.79838300583431,86994,-1.0632148487652016,-0.006159229710130187,-0.5227723796647242,0
659.9771733519754,72317,0.8407804749845017,-0.7745263853837987,-0.11025391450950575,0
110.11608811307731,155182,-1.6715205768675778,-0.7911946012147772,-1.9968705831679898,0
16.519144760037168,67370,-0.7417277435486292,-0.40653384839643075,0.4821340673386991,0
2.6180771326470835,163812,-2.640622585122709,1.0856926229027528,0.050050642077608586,0
67.24105837305054,66250,0.3425693691147585,0.4875078773804399,-0.8161383768210883,0
79.88642553519776,31688,-0.737270588469554,0.8641492077069519,1.4335210421508013,0
18.941206281537617,95833,0.6267777756752217,0.3697439940466691,-0.5679310020358106,0
6.44989770714646,89552,2.5233706176635486,-0.845665725274261,-0.35028361036462774,0
37.85507478295786,41209,1.2992046795392744,-1.0282427241487722,1.855089807871467,0
163.8978917650455,110233,2.0799762567951534,-0.17309343022773174,1.3098740263173212,0
61.551418311735,115070,0.2430091296823373,-0.6345551151488736,-0.6315143362363196,0
17.573327344950226,115427,0.7300360134867561,-0.050397681952971035,0.32814953560240523,0
8.90587973569675,26710,-0.25558214052697026,0.4608568810812074,-0.8262401775173521,0
372.9799044050029,4318,-0.01504648858528787,-1.1808682727327702,-0.6119713574172652,0
64.05492833061348,155117,0.38137465519018965,-0.40410817316015835,0.4534451200532284,0
38.87198657445511,114430,0.2724524468575951,1.1915665665072168,-0.32828675126748097,0
23.45738566265315,163890,1.5029528739919042,0.4889464638334911,3.1099309329286298,0
88.59521421385269,6800,0.8360003915561117,1.0873017077952063,-0.6510502741235736,0
184.98520077256308,139244,-0.18345185387836582,-0.16937668585722454,0.047638839581185026,0
140.3926672811274,128476,-0.10159116005261025,-2.3692617710023476,0.856160263381718,0
214.94387324012794,49314,0.5635093291886106,0.1420602922443133,0.2849571287690822,0
60.46764350509198,153055,-1.8761626207804942,-0.7248358221735677,-0.009474051598320493,0
2.2572706659628787,41716,-0.2461095952676766,0.0785947279968532,-1.1086285705803718,0
78.5005793826598,156102,-1.720889712488988,-1.3250745768081018,-0.28663319021904066,0
31.447617029338193,151944,0.382307341984621,0.7629705340585144,0.3502855008709522,0
226.6075450249339,107089,-1.0724997701070815,-0.9434477793977295,-0.3957351719022009,0
236.89882897712963,127144,-1.4747530064510297,0.48670884743659093,0.0783945668328898,0
164.40233391338174,101390,0.5581028131410657,1.0376386054352855,1.3798892002823222,0
15.62063794923646,115138,-1.6865682064627832,-0.6703994704378485,0.3080547915034051,0
3776.2845672093845,24715,0.003427623449745427,0.32181473707906016,-0.8271079021849316,0
5.538436516072132,79618,-1.1558147055852253,-1.1301395312511517,2.3726005661368483,0
3.4236875686513097,108286,-0.43758619219532746,1.3709578201789472,0.6351771364911828,0
2.0307928742985326,87630,0.12145711088441946,-0.14020229256201283,0.16445959726063475,0
320.5099095955744,143206,-0.5535070778687843,0.8396657440325337,0.1930793021884418,0
50.444177961965,82563,-0.19811823610930832,0.512228654765381,-0.20478059807549004,0
25.568981165851483,21601,1.6245089291422754,-0.3140632901266103,0.052620095950620796,0
27.167850704126533,10372,0.6272063427946521,0.6640083138833451,1.3651554681701679,0
255.6401148871649,108025,2.0551319656319547,2.2000772583754937,-0.04725871952477228,0
247.43946340615292,115136,-0.5295414519392359,-0.6762600357123976,-0.2882329582036472,0
194.44632536198063,161845,0.8882776916553047,-0.48989930260048,0.1479199941977654,0
3.4745338437827957,122474,0.5766942172325557,-0.3966946108853546,-0.16841969481438582,0
49.282580818219614,50382,0.0711707963667153,-1.586334508423844,1.4769536242589072,0
2.8497853619355014,39685,0.11001871504254115,-0.8470255436250407,0.17437150301852503,0
261.3963124492694,58952,-0.5952537535602519,-0.674658759398288,0.7194246319265755,0
19.933840520018876,99490,-0.9819605838894737,2.0086090682698186,-1.1567940631448206,0
28.911796426710406,126628,1.0526913601893417,0.9703115085394879,-1.1751835030023252,0
63.72757339708174,44863,1.1009986448151365,-0.1945876796561199,-0.012466285256874474,0
241.10905908119938,23100,0.8295318964498595,0.8070381432862284,0.9916399057263956,0
26.40990351963575,49545,0.18120717280528487,-0.7467405814094753,-0.3491333273292413,0
51.45292279982049,3569,-1.4742428098305056,0.10325386386123157,-1.0098378685519829,0
124.86265994909193,28038,0.1396973296170067,2.095136541117706,1.086371963498334,0
26.43032549346575,169645,-0.12950722143962495,-1.6734749568499476,-0.3905275763584226,0
228.99590416884524,111972,-0.9770779352848461,-0.8847298011383251,2.2648189904073672,0
276.21266333021964,63411,-0.8614551576732709,-0.5386741603295903,0.09986972498756497,0
40.09892433881319,130704,-1.4553952046958791,0.06237581590254775,0.6616031082146862,0
400.5991263486888,134724,0.23318195098095926,-0.04904046153551333,0.23612121752071671,0
6.667356175158837,153023,0.2816030374179576,-0.48583960312185565,1.0688339884340854,0
59.060311647187746,169461,-0.006488354455653602,0.20385265773179645,-1.2612059601885182,0
97.04575053230197,9185,-0.5038844336216155,0.7775874285593717,0.4634727117638804,0
33.792156357092566,13162,0.6252860366614064,-0.9813046928917716,0.2618217772927942,0
109.89634041949772,52620,1.4934484517388973,1.861327896983963,0.4493413259558263,0
72.27550785541274,90374,-1.6226763423941772,0.95245735825396,0.17841372421299162,0
141.17358593446482,127148,-0.5019170973830267,1.4874268880596422,-0.7882175862211533,0
17.46671032219962,70400,-0.4748551312230755,0.9209896089005541,1.2514421912370943,0
224.02839330093667,5635,-0.8167746402121729,-0.7316521475483931,1.4953466073531951,0
34.40949857291325,18225,0.8218481214131507,-1.4612543253990884,-0.12259252658086339,0
232.93680268375726,57487,0.02845617578148871,-0.6730377327749101,0.8720579480148755,0
40.183899684136,46059,-1.352646314853363,0.6932565817991675,-0.5785400826197314,0
206.74437749096518,134646,1.1884411974349143,-1.846489772742989,-0.016148577970800312,0
386.5464898375336,31334,-1.3559270830949501,-1.2100479842146945,1.329507016602646,0
102.75208296176592,149353,0.594398643021074,-1.1897167959106854,-0.19642693481739223,0
102.36332703632424,142512,0.7058290183247603,-0.4004723542259131,-0.17127385020985023,0
9.331145777122337,150161,-0.2821924346434823,1.2027863957086828,1.7346846097677844,0
5.326698492218597,155579,-0.9945083506839497,1.4215473239009053,0.5625408699247266,0
57.52452109649252,76368,-1.2911995331710342,0.7456787135018662,-0.02862579630142082,0
12.392771254482732,116826,-0.5824565446669256,-1.0407509790688168,-0.18913537150000345,0
58.46017900653313,24914,0.7019800557636997,-0.8246468090377755,-0.1985285111893055,0
36.65900978317119,24881,-0.19127751241290827,1.1516539275052697,0.17043654517373358,0
100.69330070528585,51697,0.07934076276584918,-1.0873095395285957,-0.5302784342327772,0
2.45674388682692,68207,-0.42267314608826023,-0.19251625939784578,0.6915350542087018,0
43.79246912673892,101564,-0.6154142476097608,-0.15132307088425218,-0.11619415314469853,0
20.38213091678664,153330,2.0674448838346406,-0.3409469628291227,0.09146541212610389,0
96.7120084549963,11255,0.43850386948184117,0.2828319675658749,-0.11494934505092498,0
48.92747242396018,66556,-0.10783072971011973,1.5486643594418739,-0.9991568075339061,0
3.8436581040247857,42986,0.6596748476916655,-0.6478194341320332,-0.12183909819043605,0
23.91587033289869,59321,0.1290550439787666,-0.09142926354567289,0.5708733810148677,0
19.54108615463325,153010,0.3924698920944615,-0.08898643162599403,1.1748526190327204,0
417.03251886927916,156904,-2.1556108612584017,-0.8697082406191589,2.304850312243064,0
15.244508177491275,35094,0.16932259486106138,0.004605214708357668,0.33666907984776023,0
39.0920432497904,145384,-0.21077580124689055,0.9321220761059676,0.492151977681085,0
52.80371410966956,81234,-0.5834386486750304,0.015141356624582516,1.716242855493749,0
49.47040482213142,63815,-0.11155967713193052,-1.0915815075869173,-0.8036315744291772,0
162.84160262005958,104720,1.0803472317258855,0.5932981497944897,-1.289032758554915,0
121.02833412604933,84661,1.0689152493633003,-0.2717371187321156,1.3310718953725813,0
11.170150338081228,87798,0.84447107977298,0.24785312846420512,-0.7540228873095115,0
56.16391306745536,88435,2.437166278758976,2.0580376679220223,0.5039613996283628,0
582.4114090137184,161281,-0.46186421816977946,-0.024930836078108108,-0.5173823294744296,0
254.98864506982602,154684,-0.9859588763567569,0.3806062789419393,-0.3247943763471883,0
25.15555386678845,148199,-0.02366254592221098,0.6564713494475523,-0.2121331230005813,0
193.8649075520401,73269,-1.3472004948540728,0.11347507401457993,1.1819098613226438,0
153.02460015403855,51268,0.4591284633732855,-0.07278824913302068,-1.3731909804583984,0
64.72137953443337,35470,0.051707848191756965,-1.3597048029023282,2.074816182676629,0
1574.0226741548436,134940,-0.5129988483445191,0.6692427978926695,-1.9006830084578326,0
93.03793315562044,139701,-0.47143819976514734,0.5208307762329838,1.3254138574797025,0
5.69256688993399,53830,-0.4790734441871695,-0.7961593141532404,0.6542706085969352,0
17.39030439347624,145919,-0.6740208228231163,0.06891916492721675,1.049175711468962,0
581.8309372137493,39612,-0.22710423633347135,0.7201670788192563,-0.9944753352092998,0
8656.574583035886,49966,-1.2913158818855415,-0.5930719790142331,-2.47117359754385,0
20.39039371867626,134789,0.1501111597480186,-1.1588673743892077,0.5754038524127417,0
161.13120735975644,35885,-1.9526174883572964,0.9898096434370127,0.9750007597725473,0
22.040529383089172,41003,-2.3782596208849998,-0.027172407940310644,-0.1492740438653112,0
148.13518004020102,56764,0.3493228145253929,-0.661033566475689,-1.6681221118824694,0
7.878660224010599,97305,-0.8032398782203716,-0.8053392064922977,-0.22849345221564238,0
6.692495012847721,149157,0.6033039051590727,1.610184657969913,0.6770905287930687,0
52.83716780871791,130241,1.9894123825740788,1.2398751089478484,-0.02346936760248991,0
83.24745217403239,72822,-1.1839089639313372,-0.949140984793254,-0.8357838381819449,0
583.3685939891096,18302,0.14812646694701967,-0.9198756157731631,0.2625192063445712,0
81.1281596349771,22555,0.6233887147755419,0.36282889174998895,0.07441526136145606,0
5.39149970821952,14947,0.42932341745426345,-0.6181812047173972,-0.9127439621197645,0
4.344816299962425,98329,-0.9048872740892333,-1.520434017887213,-0.7419568081937208,0
1.681231570719939,64042,-1.198814574909841,0.05480787430395289,2.0485327872843353,0
32.62933031360291,166340,-0.4535677420622574,-0.7704212513467804,1.9876060202638608,0
11.078078550428398,79211,-0.7913565753494521,0.6531223662279594,0.5390298539891845,0
601.3676092375135,77228,0.48738048131483314,0.6420823435439692,-2.0159760430532905,0
29.80056357177327,119195,1.2614264627281928,0.27479580760747496,-1.3979552417284762,0
429.90326573279054,891,2.154917869031592,-0.8134981790319735,0.5359413945807909,0
29.54978130061619,119053,-0.6159704530855945,-0.6078660209292552,1.1588528205078412,0
6.689089343995747,105461,0.5286202222184399,1.1848552818517468,-0.3455298825868268,0
27.853439957504527,166823,0.17561370819880937,0.4364674285350249,0.5044743469188905,0
232.31546870074655,153552,-0.6211049446591714,-1.4488531425563602,1.8747184936945482,0
58.089704694512974,125592,-1.7713318380573875,-1.1456215321803465,-0.9946784906340518,0
82.22966098768784,148039,-0.09885463926676984,-0.921251547151318,-0.36929585149278904,0
303.41368177040204,24225,0.019442581162632942,0.10790434730143915,0.30258642740882635,0
176.80334430661628,13229,-0.18923302850729032,-1.9102123098449004,-0.3163110701165503,0
1058.5558756656287,63830,0.01319719863403305,0.5029482311877597,0.14555948838583918,0
16.821410850658825,111513,-1.4680854195700408,-1.175869764117079,-1.2673647600825328,0
484.07471334564116,123900,1.774195776849566,-0.36297180315070565,-0.5556123068942488,0
53.42728623702003,57268,-1.4000619711077744,-0.6769334489305645,0.2943316954018681,0
207.17330877206246,97739,-0.43836715761097256,0.04270340039202465,2.0533206126020973,0
46.85323320312313,46576,0.684893176990932,1.246351301732032,1.270945625161018,0
16.20248865900178,124001,0.5243628037468203,-0.5053492724557551,0.3525006593183392,0
86.61032218467552,96093,-0.2628139166595011,1.6880730130593795,0.5916210018519447,0
82.76997765541239,101824,-0.46084267894988395,-1.3310566630389111,0.1135790765870003,0
1415.0284022265635,76230,0.6509350032530206,-1.1201326435898262,1.0404522933958027,0
30.746426573869137,32390,-1.0721010405660245,0.7699150544023533,-0.012653514188613763,0
7.634491178420879,50375,0.963405946948549,-0.7456018954336916,0.9699214358561579,0
320.84603575644115,133704,0.9926885081259664,0.5993675955706893,-0.9963636495377182,0
70.6514766399783,164472,-1.4719624210476554,1.3622856030760107,-0.3825380079170563,0
247.38764917292494,170574,-1.1937071718135797,-0.09870945440386183,0.13749513251226564,0
21.117264801248407,10932,-0.10810236534438601,0.6506737352928141,-1.1153469856583313,0
88.41448583895767,132430,-3.2421558673630466,-0.9494938622037695,-0.6861645463241026,0
263.3005651242346,65088,0.34259629507740774,-0.20578777028125456,0.7829017760437347,0
9.135682902247101,145893,0.2270849931749872,0.012637259600556916,1.6856745195534377,0
12.419039136147378,157242,1.1243535401516433,-0.15471867962536584,1.0738356343224706,0
18.099865726108675,157344,-0.710007098043681,-1.194773064938772,-2.483064788801855,0
16.55061902950566,143477,2.4468937794857903,-0.7091439735662007,0.6663451535887508,0
68.83693855016655,35776,0.5255087207345113,-0.5891222988370322,-0.49236094866376295,0
197.49980216311587,168996,-1.95318532006985,0.7267277152068619,0.49349806932527324,0
5.593659713821538,42354,-0.7250044758094781,1.3076500957621426,-0.03566069309668068,0
57.5900097632859,144749,0.9135007116842426,-0.6425441758855515,-0.5349980391953473,0
676.2421494281906,130654,0.3556218548604471,-0.4586932788225566,2.42755520894117,0
41.47326221873537,115729,-1.0960725090912649,1.4001044296191145,0.8544405400185094,0
253.9560367617274,25015,-0.019934110089417485,-0.2426761926671917,0.6643944946480441,0
440.84703245618823,109658,1.1625256409049967,1.9299262795631809,0.14517136176295367,0
327.3939233925717,35765,-0.7921516233273236,1.2706516271671102,1.6865790101411873,0
45.63440214395982,113765,-1.0729081232794484,-0.7117067805121073,-0.03427528529909487,0
27.844554538943026,89399,-0.1588291913865086,2.043223759634041,1.011022664005488,0
76.12202999586476,144776,0.06461107738992654,-0.641034221018324,0.43249665167439033,0
133.79470311644712,19374,-0.6324975461251405,-1.2869632526407315,0.39388745544451015,0
33.24278183831329,123947,0.8474104927245781,-1.5539749457120937,-1.7796921410780564,0
16.102652276004065,91282,0.17546386401781333,-0.17569146907674332,-0.41981023756355523,0
124.75459831686925,11915,1.6523234704399123,-1.2132342133862906,0.7844429464482388,1
48.626489417589674,54288,-0.5094297256533595,-0.16306122354987154,1.1577338904397214,0
28.474652531456783,157400,-1.4030219844521699,-0.10845274677144609,-0.3898276043158531,0
91.16161895109306,146461,0.6245745016663711,-1.6230461122120852,0.9255975446237913,0
28.4282718489075,45047,0.86694067858439,1.0082713160966215,0.5934008572126191,0
60.447986367285345,112363,0.17979195529408185,-0.9443433918145526,0.6487845817680531,0
7.8439188452957485,86290,1.027375261178408,-0.18064446630698078,-0.6938631649000326,0
38.84526928965129,150381,0.06498391087769051,-1.6527900873652497,1.3434220019935106,0
94.77199360316521,98863,0.39616519102818054,-0.6068920088712975,0.7674296813641435,0
37.70954946465633,121410,-1.4658681446065396,1.1019683844235149,-0.36360656647392753,0
68.42318629858164,24104,-0.6238620487009537,1.5032823621787148,0.33035923422161295,0
29.69071778488957,135733,-1.3077425889115033,1.7686307629797282,0.9799813187787214,0
19.940078264563645,137366,-0.021252577947982607,-1.291130963592918,1.2587789338057278,0
849.3151361795667,49262,0.7527431092250917,0.029634500365918328,0.6690176905451589,0
69.9876540898765,13264,1.3426510906457896,-2.989834309810851,0.44552293316248315,1
4.968866761219399,151770,-0.2035614268732913,-2.587023135470629,0.9602845703856756,0
1400.9166970849553,53987,-0.3087620777110572,0.036025272985431595,0.00034198737776617357,0
56.531271778130865,3991,-1.0336602305913585,1.2934750396277086,-0.531713407274208,0
52.4687687234031,75400,1.598643142842041,-0.8372587366005749,-0.4583619270887221,0
256.9340164275776,168168,-0.3299870208156141,0.1596717357053167,0.42797069884997385,0
23.97262701486066,101976,-0.557709314024409,0.3028715951934347,1.7572433666781664,0
35.88644857657534,13156,-0.1162597241265807,2.3240020513709645,0.23771298411709638,0
126.61826714579087,47177,-2.0823657900540864,1.1586375042713903,0.6169901417003629,0
49.07351911511999,165587,-1.0601116053981956,0.4942299410295741,-1.001848971017398,0
636.3937445946317,111027,-2.103193382647173,0.9595316097322999,0.9729947260615556,0
8.803318862034185,159244,0.33358473119732934,-1.1535863038360872,-0.6138184407556799,0
32.26014900607767,160476,-1.418894613875017,-1.3145071866049338,2.704442853289972,0
0.9449838444976956,132919,-0.3998732723643757,-0.21518404991175039,1.2567003013513367,0
27.897000204427982,15616,0.2953418794904732,-2.1672712242688843,-0.4249618790440097,1
1117.0043222196978,34311,0.5955236057954404,0.18850916303078782,1.928798012788229,0
29.358335270876072,135105,0.6746787408336734,-1.14312561657278,1.5356247934397984,0
14.21245144584242,64198,-0.4645127656638094,0.33591378143575845,1.2781025102779993,0
415.55033088205835,136302,-0.6503868298938237,0.6432621789667381,-0.06931254750536729,0
108.92106817917694,32208,-1.1170508676991204,-0.35109191825649305,0.8276396457480983,0
287.91546207496305,11651,-0.17112992979763833,-1.4121955519627005,0.07723916872564014,0
323.9588553644703,82013,-0.5379124754967275,-0.2863714511678394,0.8648697720132177,0
110.83065507277524,94436,-0.05039617354495802,1.6633480689455131,-0.3668433200860671,0
17.92675198490154,28380,-0.2918493717963902,-0.9656869646149058,-0.6055963721206181,0
22.49903268255724,64583,-2.2887923835466513,0.28637782903867165,-0.10048628330084755,0
5.157830856126351,151265,0.6656590640302518,-0.9213006638812495,0.004005131385320607,0
76.0161795512339,40831,0.3753460501424231,0.20666106498582862,0.7356211918368842,0
110.37695650126419,8294,-0.8000406804800874,-0.44541015488873636,-3.9615795679890415,0
26.577042541277315,18540,1.2405269962318763,0.09029918221705094,-0.9251394226432756,0
56.845028019517144,83911,-0.05781031963539261,0.869669429805294,-1.2938715128819924,0
371.4526579539407,144764,-1.0726971569211796,0.035243621131893235,0.007617447884572965,0
131.082190312063,164028,1.1355319053841952,-0.9302665467084117,-1.3043728896671236,0
33.12964724108938,111902,-0.6134501033028217,0.11885863191944519,1.1071764059825369,0
7.437156196813783,11423,-1.270454883105296,-1.0357410550764017,1.1659317939319345,0
1.7223370112890024,52018,-0.6753052143250893,0.15090230922016176,0.5817297687448764,0
3.2522487622128997,82095,0.5588926623816693,1.4405082023163946,-0.12054401430714692,0
6.6851800819091975,152363,0.141318122708073,0.7983069319924925,-0.8698764920481846,0
69.27846284295308,100787,-0.11202993994796062,-0.2263614354644478,0.008420908897058602,0
35.41646964606977,126233,1.4340753978705116,0.013365623526253761,-1.8648095481252904,0
9.939792476782374,165680,-0.3813835072230362,-0.9113880805617209,-0.8862934719115109,0
280.1360019600296,20572,-0.05955580025955538,1.1733476261612472,-0.6593387041584535,0
91.07906379617184,131310,-0.7759481827747975,0.9993200520879085,0.474499960548677,0
89.14667981329796,76693,-1.547472950405885,-0.15157976964972744,-0.023524692251883937,0
34.313039044967816,61282,0.10485134072063199,-0.3226202820439783,-2.266792979556267,0
14.067927561019518,117385,1.0139076142251375,-1.0446613993603684,1.1398797049855691,0
13.346666393928434,24002,0.4824750765752649,-0.5886990183958802,0.707767102695764,0
122.2560974778481,128061,0.08198166331422499,-1.2063175407912772,0.1934075305750501,0
13.690698242745567,16877,0.5710548343397251,-0.5214652828916865,-2.2179846786481314,0
481.25213522283315,144289,0.08276868126473787,-0.2180754549145231,-0.3566803921158972,0
7.2607147478217335,98893,1.0614486666723424,0.11401949652874911,-2.2346619715955938,0
107.14797995533056,5279,1.4006060613377602,-2.2810668550065016,-1.4872634696177605,0
176.45062308838263,143723,-3.2387898203173533,0.0745852325290451,0.7202496106903167,0
12.586409149878214,27003,-0.8687839476805825,-1.225171540788094,-0.43416534216690145,0
147.49644150483738,140605,-0.34425450862696727,-0.5873800938507436,0.9229587865716263,0
341.2812875638224,23115,1.3509947102690507,1.0333660753024545,0.6955132086629631,0
89.67353708886701,95169,0.6185096021483815,1.0321374707354136,-0.007401285181879003,0
44.14311271329595,29060,2.081761185568261,-0.9823019443318649,1.1170811809515027,0
79.59688606965221,46371,1.3003256102431284,-0.16847398477920136,1.1472665404233637,0
47.07453507066353,87777,-1.854844948055274,-1.041392739506705,-0.005168651370178153,0
13.984700165712907,90036,-0.6207493837187198,-1.1580521589666235,-1.0611750803749609,0
192.3280978869259,79766,0.7522414078026203,-0.1261379449098533,-2.026215135657027,0
175.96807416238175,32059,-2.0101277317812185,0.5507376621078983,-0.627162048052608,0
133.38455490536825,43856,-0.4989275502582468,-0.06280422524830503,-0.13752371387533907,0
5.396754353304616,90159,-1.0203008539030132,-0.25679746366523015,-1.1367333810232978,0
28.825862926621177,39355,-0.9540232788407838,-1.1818534954923081,-1.2672023405123252,0
15.60022984116495,118504,0.15916190142315273,0.45740845086893955,-1.1105823723283172,0
24.061987848932326,154443,0.3473457226196433,-2.4243695872953546,-0.14602337970048812,0
3.69335493350175,23997,1.1672561626565265,1.2752152000487267,0.0931242363843586,0
61.375524243159994,96529,-0.8685318941369001,0.058061956379599544,-1.5804333649866835,0
104.43126160651,76400,0.5846025053928089,-0.5608861565377194,1.132489696689671,0
328.7726318139295,82160,-0.11224964920949873,1.1023684615929676,1.1149315969077225,0
71.0483852540309,24696,-1.7126962484372337,1.0603887477596616,1.5950677596434095,0
2312.5883860014574,32143,0.48443819119764264,2.293272291271712,-0.38417121221454875,0
34.76845044929227,129424,0.9673818409974569,1.6795321854666154,-1.5320108517295585,0
10.953524240285686,77179,0.14560636785208508,-0.2830404850114728,0.04000244847398938,0
12.367391748392496,20080,0.8266766012202299,-0.7740082153695463,0.20353046162351976,0
66.61278379758207,71587,0.6490613335582851,-1.0789231733869091,-0.775048451042294,0
612.9791623061404,112296,1.8858287636997786,1.4852548916525212,-1.903473485861237,0
32.0946842661264,76177,0.4804163064846694,-0.8249606488710469,0.4910051995307889,0
334.7939601741516,91374,-1.6749060901902892,-0.2942351371011436,0.7913095577687957,0
188.79714709066818,76438,0.10853667395589868,-1.2071648110754896,-0.21710408187422284,0
4.073920910041879,127899,-0.022813453177754607,-0.6839517633192422,-0.8636865556763288,0
19.57447945626287,127615,-0.2837767650197267,-0.903098157163135,0.11064882273781482,0
945.5682113324306,132532,-0.17732497377395887,-1.1772065893103767,1.9460429627065376,0
675.7348497146779,147511,-1.8039926061165616,0.34815714363988937,1.1580109467954165,0
33.07852080710423,72994,1.6683056636583353,-0.6596300019136642,-0.5846422831394359,0
61.81582228215188,64046,0.8053661016207374,0.426238599231577,-1.2129544962010745,0
40.7229181966248,121097,1.643444108201791,-1.9930178222240869,1.2313052099542452,0
8.727274113597277,62306,0.2082731136555082,0.9070354175489098,-0.024335463435280025,0
6.618844786427927,72582,-0.8904947899409765,1.399803979353253,-0.013626484700508364,0
40.75740656921611,134648,0.2474722724529218,-0.13926834305154748,0.0104851160989523,0
42.22935278024091,42530,0.7758771037406309,0.7732655599173094,0.1760767712724014,0
18.151572586076817,48586,0.9472078938417337,1.63054664501622,0.9854093574099182,0
256.59030318742657,86962,-0.9156611681804827,-1.32634624084351,-0.8733344934109782,0
51.4242733390771,104012,-1.0379467381051113,0.3300838487913284,0.6478615699820455,0
60.58544628914844,153957,-0.5769759436389282,2.2580059451925973,1.6090333276989075,0
174.2230821392537,164230,-0.6536262569246009,-0.8875904376965548,-0.08642285621312253,0
37.60271365059497,35547,-0.9133317525058636,-0.027580429593211706,0.7887377106500234,0
33.54047520955726,170484,0.2734562657964454,0.24605240256283112,-1.5635649488061465,0
209.01093379742676,156484,1.0423377349026393,0.0026749205405791313,2.3001623081316183,0
51.68305338130978,93758,0.6019444278066628,-1.9842769739189223,-0.3640184258655888,0
2.820178414407742,127872,0.13283594287549236,0.9220988765927899,-0.1318398765604579,0
75.6268898879472,68901,1.690482293772696,-0.7919040758483386,-1.1982324993397848,0
325.00471563924145,21483,-0.46735771309772384,0.0011703506451117402,-0.983319784702219,0
113.21370047116662,43815,0.40312955556346564,0.5086404989191038,0.7707460749582197,0
549.3377812564652,98777,-0.03516762622597241,-0.9948390828330362,1.153464957644405,0
3148.0589848500017,145485,0.9288822014772845,0.7681283760106977,-0.06885741916170633,0
5.383556566637437,141615,-0.6871364683532399,0.5445782800855846,-0.19255782559642542,0
156.49835292766966,101751,1.0665280887767885,1.1742130256719054,-0.2718724269257485,0
277.7581567808684,27048,1.8275562992415268,1.7404652391665512,0.6870089915791016,0
3.8917380653148697,77384,0.09042684401375328,-0.49496974724235526,1.173331953646627,0
24.78410373814548,172483,1.3955519164770673,0.8777983207334522,-1.0875844010514633,0
389.4742505541568,54822,-0.13305971498643523,-0.8532506177172815,1.0040391894321459,0
13.41338588943526,13333,0.11909585404849073,0.9154428367124544,-2.3422866802904734,0
45.37602600141616,92480,0.07443897004334536,-0.7767946212709265,-0.1937260124097787,0
71.93419728143687,80123,-0.5667788738139158,-0.7007992263890288,-1.2876486837331977,0
11.094058644665797,144751,-0.3598022147317826,-0.8302387480471334,1.7453325317298087,0
69.90528552161278,158371,0.4053330239987285,-0.37314065051645856,0.8512327010520983,0
75.5673777221985,127390,0.32553420588185894,-0.8180935372257819,0.15774814542790352,0
7.391328345302881,92901,-0.6501811519263848,-0.4747228456839751,1.299972277275062,0
8.880750418809201,26863,0.928924428678931,0.17992989404217724,2.6283342572797714,0
20.76958380616584,56843,0.4993696119380206,1.0753247237592944,-1.3296582131947172,0
85.02283869520491,54039,-0.6279787611187829,0.6586465096452834,1.08692120204551,0
16.988606473005568,127182,1.658699157230904,0.4776326425809135,-0.05462029897390288,0
33.57889475052694,97561,1.4981518918910899,-1.9028902688405278,0.5675507754197523,0
163.1596294562435,62323,0.012843255201171395,-1.4958081047228933,-1.68989589156352,0
263.1172714175198,140723,-1.6261973708698678,0.12856907287485286,-0.45272791870230833,0
79.88670889921148,16283,0.8506585278915793,-0.557500555915326,0.5255182130183386,0
38.05384910045278,111151,0.6589859917785875,0.3319681790686533,-0.1337393541106355,0
27.473651572085465,12460,1.968199132354205,-0.34581135283264913,0.22736087816069153,0
100.12727557214247,124790,-1.024005403938165,0.05109432065722488,0.6611883364338391,0
132.80088627412377,881,-0.19798436940665895,-0.5197809597041991,-0.3581078031908619,0
41.016580970061305,82060,0.07304581748623219,-0.088213122587199,-0.1962885838803449,0
85.01580135588223,79486,0.7609986115216074,0.05857489958438557,1.842510097542719,0
1032.5181280526228,67562,0.9173054947334093,-0.3932217695402007,-0.8775613736482445,0
90.13104130485662,72264,1.0175387312417188,-0.43416101089064746,0.946382052261355,0
48.17513638429388,138742,-1.019663874951752,0.4027681174902642,-0.5693098919236586,0
223.89043035526055,91640,0.7225848110332054,0.4720050465351554,1.1282364306840154,0
16.02847861322433,101276,-1.6311721302154552,0.9488608834688956,0.29877979866838006,0
8.426587046178419,145991,0.012595445930277106,-0.6987271204505382,1.66718338822381,0
772.6048289654027,44078,0.729307645853595,-1.0419931948552046,-0.24683386754135606,0
28.894333403887792,6030,0.5026654551728532,-0.20676226933232422,-1.0349111648942004,0
5.9424448008375395,170002,0.2271104955242303,-0.496872442483,-0.7586139467297933,0
426.3040313865656,111761,0.48895152407280074,-0.7074881773808726,0.5537653355693354,0
21.813943926129497,135786,-0.09187172991522807,-0.6926389778279474,0.42149064420463694,0
23.483542018479984,28896,-1.2465015731030542,0.5234541120679258,-0.4198853900979148,0
31.73481191043307,108093,1.2326509354410673,-0.8555440274433923,0.598333590949914,0
6.2060968418234355,17341,-0.4704375135906024,-1.189598899761993,0.46667498402858154,0
14.422099725623303,165261,0.9175870479419331,0.33938128317190874,0.6421193218300263,0
364.51283421566336,32202,0.7639499073071464,-1.286825629839408,-0.8362143338503366,0
543.7940408999003,158607,1.886128670652059,-0.47184722303361576,-1.5075413691495094,0
2.6308369830256475,87957,-0.37195977351769194,-0.15803550436968883,0.06870594048094593,0
18.689819886214078,89410,-1.6250167996291636,-0.6729257852259585,1.9106355658488072,0
39.49046378023729,104000,-0.5637060877597598,-0.9168200584021414,0.12582964564534319,0
36.57239683706889,45411,-2.0174125395798668,-0.6961447928485286,-0.600389382412104,0
46.16534202140675,96682,-0.07025089576106962,-0.600423389213274,0.46093675993624744,0
57.15201346655072,70793,0.9216332138214193,-1.1916499186824383,0.09551522310273854,0
283.64609425294685,80759,0.9912833333759788,-1.4987771516684567,-0.8163068666986836,0
33.10785543497219,27428,0.10219766868869454,-0.7233861876891049,-0.3178876966416761,0
7.891213264062477,88719,-0.31152901637738206,0.5696373452222887,-1.9039045758015027,0
74.97051112403793,162198,1.6939480823581259,-0.1523119842386,-1.8933305296199325,0
73.40364260119578,47431,0.44190098854701737,-2.1857865916387995,0.11456313071833614,0
24.480208964360127,26440,0.1587155967502687,1.0583299840499887,-0.2019221247300876,0
37.03287034630412,56921,0.8568218514437068,0.333481046503542,1.3299707708225008,0
120.35817478859583,34482,-0.19546436631655667,0.4508149810241483,0.24909086392028337,0
1.9548883441160907,137575,-0.05404181728020902,0.5654564123957477,0.8175793418359089,0
24.694482939536524,60049,-0.8353021555832577,-0.1348236042116038,1.1726177812624776,0
1508.3876216854605,65729,-0.08914911430899343,0.027048827706425155,-1.6059987621363068,0
78.85084236410077,7304,-0.48420287523618016,-0.9885131088186689,1.0076262980867507,0
80.67435637227878,137662,-1.8615428710502402,0.17218990959713998,-1.2945434855935996,0
131.57092082940358,146509,0.3833664695487205,0.2342411664901241,-0.42406939421552575,0
78.84231591002009,79900,-0.2776668406367784,1.6326384520312431,-0.04014537756769336,0
53.4418672982346,153419,1.1236285580930745,0.6629276403772242,-1.1847394470037804,0
227.5396834350799,18101,-0.6754723452489907,0.07985408971229149,-0.20683806541789257,0
135.6768411051519,63620,0.5390867458801801,0.5035539481066557,-0.2970984839716334,0
91.96173421159845,143041,1.6865499974459892,-1.1317457975662528,0.15806957953751674,0
837.8305412150052,85222,1.1554628261860573,0.6522504980654049,0.17355455036308146,0
27.702994751621937,99405,-0.686120624774672,0.013995752701131821,0.6920640141061862,0
45.79807192554292,140005,2.7177939156477264,1.2741823361700186,-0.732515432534122,0
24.251772350361737,1674,0.4482810387022934,0.18415179727974004,-1.048407676314012,0
52.246476168867346,60428,0.8467789975256701,0.20937627265899378,-0.056187931737323255,0
16.554606444144124,135390,-0.7039938123726025,-0.7698780212130669,-0.8382182073063899,0
88.35785414483617,40558,-1.5227789173542445,0.3033006440614515,0.02566250837128882,0
674.9795829084279,7472,-1.067598952935182,-0.9550936495861125,-1.3839473121254504,0
96.42154553933783,98115,-0.02376018688308722,0.9458067723911667,-0.44996786353745855,0
88.45966711271699,115019,1.7593395350618295,-0.10934135414362624,0.15167795641925066,0
68.22573606947925,26111,-0.6215400004140418,0.27715017109248563,-0.373153001289212,0
7.026452478663821,33427,0.7564180506704044,0.4710562708510565,0.22077583118223745,0
23.092479221262792,12693,-0.3810961427315063,-0.6808677612144328,0.05395225141648279,0
18.064165057767827,144199,-0.7146163127410817,1.5983455071099615,0.9506908802801549,0
23.42089568796175,33062,-1.0967268500851892,-1.4901593086731695,-0.09154675901751251,0
40.54270298152788,15833,2.5066938332182263,-1.3618539067580242,1.1589802898768546,1
10.807456670313313,147130,0.7676713698411167,0.9502909347213829,0.14519202928015185,0
14.54225942245248,101261,0.8075443286839435,-1.6055485208721119,-0.37161379366730307,0
14.821362015382975,9849,0.01007188038186634,-0.6391147064849416,-0.6982146748166485,0
102.7583295141349,145895,-0.6150574509437889,0.7472368523849786,-0.33281488577146207,0
27.783649859159183,6775,1.2568723108972806,-0.5386298767263548,-1.0005225134888724,0
168.9807705292863,149714,-1.181878667126249,1.0393006774577034,-0.9923898169699473,0
300.6875381824134,3654,0.8150182206705578,-0.15213856655367233,0.8171462968373018,0
104.06986690879569,105447,0.1866661192452665,-0.6019525396604913,-0.2482911055016251,0
217.60951759347685,162001,-0.4161407580099634,-1.5446811929873505,-0.7117921620818748,0
121.57640003165211,8673,-0.7290446827072657,-0.39025843425815365,-0.9575740877694241,0
104.31836701650765,40888,0.7621196977088863,1.9172478876882615,0.9719495030540832,0
31.234442761562917,72613,0.2509863685807407,0.22245410932824194,-1.1377773558879942,0
8.587846812582885,23107,0.3656775661096029,-1.4409956116920013,-0.7512709007458243,0
26.247985318549702,87646,1.2363874376588089,-0.026493025724631317,0.013380081924069476,0
36.86868569723637,58810,-0.4012122746126317,1.5460318938986337,-1.108175603273969,0
546.8831496852373,160152,0.4981977271944622,0.028365071850061766,-1.5444552813775527,0
167.5562622138896,64546,-1.2837142576759917,-0.12189237583889988,-0.02918653419000745,0
2.288644226450378,64936,-0.3438857497474371,0.5337047652152328,0.2527505548644086,0
245.9920816102393,130819,-0.9686208812600632,-0.012114151211598817,0.009305512912282762,0
377.5883485157598,158466,-0.5832754038785423,1.0375379927319521,0.3599992953136244,0
165.28972943104588,103166,-0.0014749348400341813,0.22533390385979504,-0.0026615933273564318,0
48.313739907905145,148979,-1.123514720446395,2.5295817353592494,0.35697871255374347,0
12.991218479848273,40426,-0.5038476625577832,0.28522876854464696,-0.00843397751050834,0
101.2841059943651,84351,-1.0472119875591044,1.6195369465039253,0.6344722706803256,0
26.043592614430462,72414,2.9154152970933835,-1.6107551705369427,2.6296766987925606,1
268.804926485826,42485,0.8082536586487585,-2.7369444058834076,-0.5157127620541462,0
277.63224162350116,21283,-0.366687541187035,0.8919718896437833,0.03560568000944958,0
15.57804411965041,126187,-0.12280984137070718,-1.8017885293531615,1.2658072005865446,0
41.4277688520775,154075,-1.1949981980952662,-0.31387031487945843,0.10732362584911677,0
32.680449461501446,161503,1.2232092282211284,0.4772751690282135,0.30532509728169216,0
16.322593930422588,107596,0.5960562090461041,-1.4297866490661637,1.6604851739653912,0
2.866798617365587,55120,-1.6518792662636363,0.9433093274277219,0.7197588300267012,0
4.2163214922554415,128070,-0.6675675005360322,0.7309886084503139,-1.339120635026323,0
25.6311136258183,37039,-0.714433116286983,-0.7414471542091191,-1.5327596629028688,0
749.0370553640629,155091,1.0775964526243547,0.10559932419653988,1.0468676778336332,0
124.37805437622916,12420,-0.3503084063566909,-0.4129527938934399,0.19393113515726146,0
20.65983682463246,79712,0.05662996092666792,-0.11991955253220964,0.5329964696550304,0
503.95909481379937,172027,0.5623431336684104,-1.596504072046233,-0.13802554258355187,0
4.481038778796453,32696,0.04878123829776235,-1.8935646970225555,0.4189577067354658,0
49.44353982912823,158691,0.6087951025150664,1.4402296942323272,0.5160651628906785,0
43.244339716591085,137972,-0.051097059407431526,-1.7151323786265613,1.5889997754764267,0
65.91491081689266,50457,-1.1778403199569585,1.4469087331770678,0.2654951510888032,0
102.28590053080657,23536,-0.799102407786221,0.09366898814928305,-0.42591140586993254,0
40.19752178924153,35411,-2.765138573048769,-0.1993499512305412,-1.06432216674897,0
182.6186476875249,35980,0.418230102736629,1.7002239157882595,-0.275196843855299,0
83.89618284322394,53565,0.3236506616307848,-0.4618716043197284,1.4989523093039192,0
595.2639957166733,106657,-0.16210586025741738,1.2578151300641385,1.1291989480722155,0
104.19807223481538,6122,0.7580068368334707,-0.6237355396940002,-0.35607065050072145,0
11.4340142363376,17344,0.38159598326027727,-0.17042073144669959,0.9632284690875561,0
234.78401275943818,70874,-0.16370693074772244,-0.23624924796222493,-0.6382542996865141,0
385.6449224089867,151479,1.276501003867682,-2.491916558939636,1.99350492596571,0
31.896292228953815,23116,-1.40403145180327,-0.3094627152828606,0.9190445405654165,0
63.50931632820402,57600,0.6763130463163348,0.5735682628229803,0.2170399618021429,0
49.03827532221378,131197,0.3459870829080218,-0.24332413645074877,0.051682502496361714,0
6.5759217174406155,159435,0.4424753419199962,-2.494710814994209,0.2591885427972779,0
140.65546723622575,45213,-0.46006388932177367,-0.5649303093565514,-0.2819337730984104,0
218.87813999556616,127978,-1.0749642814207963,-1.513899037226638,-0.24992198488607692,0
26.700580561180473,19734,1.0793529600707414,0.36718891289925293,-1.004795397621403,0
440.18141573885543,139352,1.8579185627659338,-0.8742185070619418,-0.40753843475175144,0
301.66987913403153,50374,-1.0567724678080197,0.5520993150068326,0.9933773857697924,0
43.51431979094472,29550,1.1466690637087826,0.3020819011494707,-0.13763025981014043,0
67.28783389534969,100361,0.5828828464008985,0.3363363791073154,0.22665157144068168,0
50.53853978954863,127987,0.753950762308724,0.6746403325782133,-1.5310475546073414,0
114.20800839915337,136094,-0.7338024048432279,-0.11533720772679583,-0.18218586449971272,0
100.63847152184488,27163,-0.5785818928110454,0.003082237126723803,-0.35703551578224996,0
1270.1737850315992,82790,-1.272661501784727,-0.3584995268313939,0.21135292561846872,0
99.3000075056995,9530,0.08652609134234335,-1.3658781566577929,-0.8591882988283909,0
234.4767477917295,53648,-2.5294996279744737,0.9655943472683959,0.4053431466620823,0
64.73331719452281,4260,-1.2199526844168147,-0.2946577019602317,-0.019467791616724097,0
46.4811467431419,137410,0.6853814391591604,1.0316192629780916,-0.44017264469811923,0
25.405746833433994,8469,2.018619052818852,-0.6718271297493682,-0.4013056815845607,0
104.22109313951071,28436,0.6246333441643661,-0.3149653684307328,1.508034089380347,0
124.2728363104326,60693,-0.5310818020045925,0.2848769576669946,-1.037198553111803,0
53.25796576678105,126026,-0.6101966896717711,-1.049927607437196,-0.5634785037697284,0
13.686097310594665,35183,-0.8173789823885469,-0.3009581166717846,-0.21454980389130218,0
57.041881198659205,131101,0.13834292133272177,0.6360827470767842,0.9104908501190073,0
327.7149883939161,39720,-0.25886915535749766,0.18084204195572193,1.6507576000256585,0
105.18178822617438,149769,-1.5626704447345243,1.5038233947805877,-2.937988397372244,0
39.607430266886006,162308,-0.07004742096099462,-1.033270153286358,1.3340924773009473,0
36.00592886270072,165720,0.7471381877884804,1.149314170605986,0.7104229453870187,0
25.17433535323233,154506,-1.1898008058943277,-0.6574252393779354,-0.6356506072026472,0
387.88702766857597,19763,-0.34616392898374865,-1.7405255388284921,-0.621658386059668,0
74.95781873239568,114506,0.20166584357132158,-0.6677843270733171,-0.04173002954535107,0
43.80376261378092,1378,-0.036624907057959524,2.8727462458562005,1.758736152370455,0
13.012522622691009,36108,0.15414889278571212,0.9993640075398803,-0.599723705232365,0
259.78569239159464,115603,1.0894554122707822,-0.8848582520521343,0.6452892399162327,0
49.54924841520756,103412,-0.79669724648973,0.4807559900422746,-1.2186131639867366,0
31.10400246675335,123141,-0.42432491588344173,1.3265041232502504,-0.29307927013887547,0
16.98850893479358,159087,-1.667424334890555,1.7976401873618153,-1.1536860677604308,0
25.307905177367875,34635,0.4344438068220476,1.231769530805618,-0.30067166590732974,0
114.85925755944348,81451,1.4945181479168874,0.0850523272354416,-0.14091672876292508,0
145.83318155051293,68590,-1.917152941877313,1.2491520647890142,0.5562913739638969,0
133.7670835069932,42320,-0.7576978897437591,0.07484649049139419,0.8133287087102649,0
29.045318277839176,70779,-0.8620970437447922,-0.3764424031056946,-0.5457364747346524,0
11.865355294346559,144064,0.3679857931711586,-0.43039917518229603,-0.6430011082676901,0
17.66818194387792,148404,0.6372816023521565,-1.2180783296113524,2.4328752838139476,0
32.325002732000655,96988,-0.5895869784482418,0.4245873563009042,1.8161598193312485,0
35.61674476091914,40459,1.2911455916520667,-0.2742125010723022,-0.6664801512505448,0
6.759147629198102,123950,2.0085057342887778,-0.06011730845372398,2.258774392469305,0
9.053787343077644,54808,-0.5891401185619713,-0.35668248718606416,1.3630490357428102,0
11.628536116442882,155812,-0.47496789621787755,0.5532095171929836,-0.5099752074624208,0
176.74950143191768,15646,1.3948783413476646,-0.27364641580570787,-1.525376052361933,0
50.989563547848064,41770,0.4928016369224837,-0.3160521849131999,0.8462303254141565,0
269.82077669442236,153191,0.38199517290346824,0.466072397430726,-0.16212859581971276,0
21.756139742018867,87753,0.07515122620801946,2.719718285311593,-1.1766228367405218,0
37.02494242537565,131240,-1.00811053583389,-0.4573388085510761,0.17735096364987332,0
282.62045842739235,164645,2.8546831023388184,0.44062924231564554,0.5958460910940816,0
11.46962152406504,5312,0.942680399243436,0.6106058671342324,-0.7629071788572725,0
15.012846304851294,25594,1.9693237489198274,-0.5205019577355386,-0.4188927893013836,0
671.9358189414947,33756,0.16850245705138828,-0.7076736363194968,-0.09153173077275212,0
228.40666377069377,29350,-0.016818255999815096,-1.7992312408531586,0.11441580839724158,0
51.98513840655202,8933,0.5492750256382672,-1.4172564753411208,0.029944023306374308,0
85.50959578353847,51179,-1.5171562087000081,-0.26962668465958856,-0.17763315131518076,0
20.719053406085322,137740,-0.28924121187421803,-2.7873563616114856,0.37154062774384156,0
29.64950796725732,52105,0.2982702324967477,0.10540125774704616,-0.814839360519053,0
7.825454688577978,20739,0.7234916739393975,0.9688128938490391,-0.6514308182937788,0
85.01205349312151,90380,-1.337311657145513,-0.01912477936928866,0.2642694221766927,0
40.29444665780032,22601,1.1410913292265066,-0.43493832289530576,1.585729105564983,0
156.44970129031967,23091,-0.9089718457811196,0.5949842841591819,0.5691134563080424,0
132.4382505568232,65729,1.5332445512821042,0.5103423785231055,-0.15700060751253042,0
15.469064102083783,5461,-2.269722478808547,0.445856185433396,-0.02542749854558637,0
49.089342597944736,49683,-0.7458599756833896,0.3936188234202215,-0.8472963635254651,0
57.26211208563051,70288,2.0149634105027356,2.190780069502174,-1.2045361777899206,0
233.28875795725526,167186,2.494898079593644,-1.3916403821108612,0.6903381178344232,0
266.1566948160602,96920,-1.2962327029312377,0.3144253326656232,-0.696768328705574,0
50.887592506034174,126355,-0.39136131532324286,1.790428921885757,1.0458733448621826,0
18.69905285215541,10680,1.137161236058344,0.4361244524119554,2.08319681115001,0
119.55435934999802,146481,-0.572860973071444,-0.3047133786693015,-1.1144921909064536,0
116.14606462385764,154147,-0.11945306505982671,1.9143318187759526,-1.2972961904129487,0
23.345590280068333,170785,0.031061747459672547,-1.3863766483589377,-0.012673182718496157,0
40.669369882341144,58915,-1.382850781231949,0.9314034051815542,2.201671070600503,0
15.005630416196594,30736,0.2669245702993408,-0.3415314848377464,-0.4014105403067681,0
19.682694255455356,69152,-0.03137349368479736,0.2548545169034803,1.5812095161274533,0
243.43641178911872,109602,-0.5637871000549762,-0.07316688749104276,1.1533485214746637,0
166.48348928234418,141679,-0.2409202851327593,0.2782752307401729,0.20874191268432046,0
21.95053622416117,159319,-0.9698578627353591,0.357752158472545,0.4769932604619693,0
23.7409334936386,71519,-0.2171487993537415,0.9616146806205521,-1.1431479770459074,0
359.8631518006458,129356,1.869281286987412,0.6108904171581397,0.5838690419569285,0
491.6739311524952,60117,2.312283389160951,1.1756228065795338,-0.37020165026725527,0
665.7307187812837,103558,-0.3997796126154091,0.3553450096076382,-0.6447050605141781,0
22.5586684844206,3321,-0.7730670627094298,-1.1781579972582732,0.1853999729071615,0
7.951968005486237,80919,1.2845525896467918,0.640049785873013,0.5957098785433657,0
144.46898262318567,95894,-0.32141996860288025,1.5577966152974723,1.5131762157362443,0
18.178974960245927,127728,0.9840075133154094,-1.6205332581860714,-0.3436165732222975,0
10.616917142702913,47219,0.6383958175994964,0.0064441893522961995,-0.46085471990714255,0
3184.9486599799825,165756,-0.5414839139113727,0.23710103310765074,0.17771233323291521,0
241.30610431694177,31051,-0.7691531580502472,-0.48120923083439104,1.6582689799979253,0
148.54199622802236,131575,-1.094308532790223,-0.7086346661237128,-0.05653399482992827,0
6.1076760392318405,168361,-0.9660779634638902,0.4122461566421922,-0.6352723452413744,0
623.7985559315107,141923,-0.9316591427992701,-0.6764025259127451,-1.0345897343133934,0
36.26065178527192,5834,-0.7340336316402355,-0.3398154629902164,-1.7266757427434336,0
50.20523615911596,79072,-1.1886839517805003,-0.32120398919165766,-0.21399008379458315,0
401.29288522866307,150915,-0.2624776274776282,0.3103002696798192,0.9333776308860069,0
47.665128724187845,53046,1.6961768885567978,-0.2502282037343171,1.4202940227961163,0
118.0209055543345,47878,-0.24266907490384526,0.09929778021891145,-0.17314999071999707,0
112.96770393232113,129468,0.4871218771837653,2.0154875153090828,0.8477336313367381,0
2.5087137635951096,72246,-0.3704262545521404,1.9335231728678144,-0.32864954088793086,0
204.8752680447934,27064,3.2985512069763754,-0.9486815815195745,1.9736205637809023,1
217.35647759636572,31051,-2.4204276706352323,0.9498774703261631,-1.0656166959994813,0
24.71856127399373,141749,0.5689450184829352,0.16166117003925723,0.13054873867444505,0
22.676086585407948,102756,0.41919130775995556,0.13622722928080405,-0.34141320719939405,0
151.16877609156182,122580,-0.08628315189661873,-0.357363884163839,-1.8180193193601086,0
40.405752863342116,45318,1.0537747135630808,-0.6770818663424529,-0.20610470646157938,0
9.606625015208374,84351,0.6430946388552329,0.5403085147921497,-0.008179333774408387,0
61.26923398890355,124506,-0.26868682417359124,-0.7552502325745405,-1.5046539317126528,0
34.856071543536885,163555,0.052161672512594515,-0.8627955102815008,1.905440246277955,0
15.259975888402659,94961,-1.4330452211028035,1.2782274253434944,1.4406465152315198,0
25.956993702399295,57824,-1.7801301191103274,0.6915722687283479,-1.496816632145647,0
258.7179178708431,80952,0.22195307876885503,-0.5131697069265084,0.2505369877037487,0
64.1982454631373,79944,0.20607999736697646,-1.1263537550369578,0.5481400018553901,0
640.4319954784158,163991,-1.1381133801203684,2.9807768953838956,0.8528000804485812,0
228.29539527682465,166300,-0.017028856066432205,-0.7573384722411148,-0.6877192099690421,0
100.15003522494462,68694,2.368271837995885,-1.9650912372365927,1.8228290886111922,1
57.695215497846284,128088,0.8478904944525848,-0.2375510226253668,0.24626199340670735,0
458.7720286405487,152875,-0.40728215005572777,-1.0113426751559398,0.40000241624032595,0
303.4901233278464,135442,-0.6281157561999581,1.765719394413435,1.370932239360566,0
328.09299256851483,110632,0.4084252077169317,1.4284511823247756,-1.4687625397063626,0
105.91543307014089,105134,-0.8173866211848619,-0.2675489940874135,-0.05055598472715171,0
61.72978180881792,29236,0.09378671567133336,-0.5560406090005937,-0.11458462963857732,0
142.31112896748013,85030,-0.22655791755652624,1.7809908126368628,-0.15902858517102425,0
65.66836498717304,19576,-0.07643562003831544,-2.086492267569676,-0.6805915270547701,0
72.02551698482858,106945,-1.7571240201654452,0.6344604051460561,-1.3845825646433574,0
37.38044747427899,23202,0.7279736386582122,0.0722341408856491,-0.5649154890412266,0
492.656062661816,112692,0.5611852419412074,0.03942482245545234,-0.41956234799308356,0
2125.6492916673915,85923,1.4661634709856999,1.3234002782574974,0.4405909256543652,0
4.906764765478161,38682,0.549344625812299,0.526934519561338,-1.8418236962887384,0
10.502629116914532,3877,0.03957828498697806,1.5159122906261964,1.4292706002873012,0
154.3286057524322,61273,-0.21946225802088676,0.1531625823642788,1.0111539177674145,0
8.56969379728545,134158,-0.9013630370494848,0.6045778151513934,0.4899813817124586,0
218.74853740684782,818,-0.6246631328814589,-0.6589017811379845,-0.5783125971428617,0
31.25605684937818,132844,0.4088620138321296,-1.6008295129730883,0.019156164832356454,0
4.9707483700479065,87200,0.13735753992580815,-1.2926197658116865,0.07691336530765162,0
18.493025666293114,124581,-0.6422334940420632,-0.8842767386758207,-0.769124038895672,0
29.816690247096588,163122,-1.6698354798907853,0.06937795102051894,-1.9759873612751304,0
1070.1522458957209,98550,-0.2581343095488797,-1.964443100347013,0.37525986538636924,0
7.585786321259613,116721,-0.5587846714287098,-0.1698336393501007,-1.0306207261449813,0
26.77803691037553,158404,-0.915865511735582,-0.5248906948740711,0.25816298114611097,0
1.5771214947197374,161641,0.11448615840724041,1.1034361797722194,-2.12775742963247,0
240.2290333452034,109777,-0.42462429705508103,-0.19820225153710408,-0.5055474619816505,0
10.181515293215531,128826,2.056337344431889,0.5983259344474278,-0.5884430981269015,0
107.14148748509567,90016,-0.5159542609195958,-0.9672592109649639,-0.794653175895587,0
19.102491614991084,147215,0.21129385287513572,0.19570010575183688,-1.0706965495665888,0
9.667356712580428,102267,-1.1021051817147836,1.0542373025175407,-1.262143126011142,0
22.310477520273288,155024,-1.07536928159791,-1.707485928332048,-1.0682606497136111,0
280.69264421698205,72468,0.5605248502021203,0.4247303909239515,-0.48469732227287593,0
176.4777846237566,159636,1.350495750613998,-0.9326404231798332,0.06248777184806104,0
10.907678727480741,159018,-2.009559938652127,0.32316288946751787,-1.5862403195355483,0
734.1934129082213,138878,1.526481293843049,-1.3064830566239085,1.297213603377426,0
2.7595857979717637,5151,0.3292944696397996,-0.46497669480366466,-0.4508226172370847,0
186.61728253459682,18069,2.15159005062432,-0.8392889750086144,1.2449199397867752,0
13.510908991203786,168939,-0.40519631645049814,-0.9252787659210997,0.5285015551422535,0
291.56141313086925,151015,-0.5697116506539142,0.0002902927880562039,-1.1380288758205181,0
819.8600678686512,72941,0.87960325306325,-0.42122030627086404,-0.7621696082687568,0
272.40063444654396,143770,-0.7820415654264105,-0.18886121630321273,2.1188437805258142,0
419.3828564435777,29400,-0.13612383018075078,1.7395057627234334,-0.38362696029827126,0
276.6214849866398,11628,0.7754656209996007,-0.34174067686903503,0.6532100170442776,0
27.496191862870862,137661,-1.3453084020868817,-0.664112467303189,-0.594315991445301,0
41.9215386876168,51516,-1.952303991929248,0.8791000055047116,0.5297912698171634,0
48.199162291299146,156597,1.3515520508614631,1.7824067512975943,0.6219351052987714,0
462.6364766701932,30237,-1.713895547702441,-1.0406189022504044,0.1333347530559233,0
6.714858263661788,51714,-1.1055681995177493,-1.95395373465592,1.857436271582575,0
63.368742694107695,105182,-0.4900330155063487,1.029716534818346,1.9924396344710322,0
41.479738202215806,9013,-1.5638304845956987,-0.3355229617786212,0.6768467371100525,0
11.222753921779132,19887,0.7113996495187503,0.6512346075872767,1.6574722045516144,0
121.51514036298231,15213,0.9684744231672682,1.9331918350728867,0.6012252255357851,0
31.117451045446312,140119,0.4660512488705463,-1.0342571888969792,-1.1393282841928452,0
106.67691284252474,125341,0.2725986312366406,0.3061391412331254,-1.4603191427560238,0
13.394004045967272,68326,-1.9509413454293696,-1.6767701763606204,0.9379089827125617,0
83.09237489593728,4838,0.20095995033433628,-0.6557450282516678,-0.16758788908476996,0
46.029440027752464,115774,0.4074474430282631,-0.17229931922634176,-1.8985451110402025,0
4.232684323601734,151834,-0.22670396794487044,0.0034594547755822692,-1.6065242133301176,0
72.0790407617632,78062,-0.1219157596222517,0.37808276979868616,-0.3777450520794398,0
88.1886031677453,46032,-0.5439330475504653,0.7052523053717301,-0.6558074123420939,0
272.38428872251467,79843,-0.6092233455804983,-0.31089237940134623,1.1373636800933355,0
105.6455785843056,63056,-0.16614939435006224,-0.036983853817677256,-0.29732038805325495,0
30.49721657819682,76407,0.659626568163297,-0.07545631945939996,-0.14754543303999523,0
126.6438950426821,141321,0.9979359437029085,-0.0281198900741461,0.31086262892823524,0
183.807302935086,30697,0.5113120415646291,-1.022438971366193,-0.5625354991750995,0
5.585426531847749,5565,1.3338918829804765,0.39960002753845186,0.30836919989281525,0
106.2430232606426,74693,-0.15010670952468677,-0.7910501608367291,0.8355661283839968,0
62.65407522249033,29400,1.5993449127514983,-1.813011582539516,-0.3958215327642139,0
200.9784136384638,148278,0.02093874557692495,-0.6135816889001156,-0.7994797986542213,0
18.315398397973073,91133,0.28514903323826535,1.1796949632732476,0.030251336501888965,0
50.73693897947807,33178,-0.14575098972924375,-1.8849955159909917,0.06023420171054294,0
16.384814163235358,146051,0.8199715899203762,0.29315472311139096,1.7025926880806808,0
807.9831742776263,15535,0.2495930973585801,0.43281345744307326,-0.5524210261047573,0
9.385632414028475,171323,-0.43182428044859483,-0.7697258902396609,-0.518273500716861,0
75.86485288451364,150193,0.5063290722731925,1.0839469016113576,-0.6778130481956043,0
135.6955688891481,59529,0.027458382991206436,-0.12502524136588158,-1.7262098325726938,0
174.0376678732042,56195,-0.5633049376576641,-0.6429829101736922,0.669090910530508,0
3.973536336168958,11955,0.9528754031376457,0.4647134515705161,-1.6378195966907927,0
13.555764454027551,170325,0.4181540432253344,-0.18146029884269108,0.33215066328113724,0
109.19020264065372,109910,0.8337584734166956,-0.9713688003295415,0.4112323414598634,0
1962.4550762016104,82246,1.7807148677893265,1.5188072199085527,-0.8204999662446731,0
156.82965239641493,148250,-0.5989009966364829,0.47329939276236516,0.8682698615598194,0
28.9149995765619,81876,-1.200092888427668,0.05997926040607012,0.3673850912789242,0
272.8201261231229,134346,0.6850316560029786,0.8448209558216849,0.3643996303517378,0
6.244635519990517,110446,0.19462218874509882,-0.22416959328883881,1.545498974525638,0
17.557371357063943,129843,-0.3790697055835647,0.9645437047361736,-0.041081302982540306,0
135.20241008643097,67238,-0.5520833474133564,0.39264947599803274,0.8762568692540397,0
30.763268696152082,156554,-1.4102414529483063,0.97962449450012,1.2830757071887982,0
202.1845960036518,117253,-0.22043766055411942,-3.314625245746451,-0.5069006509583547,0
121.74681837572368,84834,0.10734950518109865,-0.12895632324636877,-0.726651873980205,0
172.63026203543228,66236,-0.9477295779688234,-0.597051714806443,1.868822420190369,0
2.387587668390657,152392,-0.4037057761189581,-0.10505188677812129,1.2408248117396607,0
47.11235254871463,46051,-1.0097831635861132,-1.6020792760384968,-0.8343140926324321,0
223.28616570089508,153146,-1.0545858222537927,1.0779120940158344,0.6616933451222271,0
21.932965644498697,48601,-1.2538267370692728,-0.3271176620574925,1.0795647245200992,0
14.600792767471333,104913,-0.1250947843245039,1.0503466599498703,0.8464626822316829,0
768.522222134678,42154,-0.80193654155599,0.6249350488526197,-0.5767428671698582,0
1157.2598631232809,44619,0.015361801604540922,0.09496087086899303,-0.8544937389591596,0
170.41499753842965,123675,-0.754257369621744,-0.5605230703323703,0.23618129280919947,0
128.77750690272327,75974,-1.0407420243948495,0.9617140193044851,0.16412028165831002,0
12.158493981994736,58396,1.0580289131443559,-0.7811483333807381,-0.8504684250714234,0
36.496049729454995,87905,-0.11235920126738266,-0.6396860751421289,1.9598296668105342,0
14.8517292439499,113307,0.874620944704538,-0.9613877472696379,-0.07188850045460334,0
19.690595872299635,22765,-0.28122835075569724,0.19096578870025135,-0.3448170676520227,0
10.688101268333932,85591,-1.757133968368063,0.14778628067789873,0.3561612580731726,0
73.43490790028748,148079,0.6236086175333879,0.9309616185400249,-0.5625148732527344,0
313.2836567331479,144599,-0.549626853486005,0.41568540582184743,0.3160486836725244,0
43.78497590970332,93928,0.5521604148808551,-1.491406413420342,-1.4159742145526992,0
311.4504264898386,69278,-0.43724079067453575,-0.7163124835486309,-0.8808552295782698,0
169.26016934105905,106446,-1.775502045750634,-0.2047233368204679,-0.5950880700642595,0
30.090425329340498,109786,0.4313883689233175,-1.3880756875260478,1.8341577817905343,0
510.4058957252811,97806,-2.0194848548939768,0.4800655640133912,-1.8304987809508846,0
88.40576709404604,63128,-0.14093850158389237,-0.9602708246122568,-0.5486961910801451,0
17.29592779290719,43352,-1.9735967316199197,-0.06755487354946885,1.2292554905438995,0
3.5550562860604296,75449,-1.724222857104935,-0.7866546669709045,-0.27074240579302106,0
16.50796223806774,171140,2.8458482096890783,-0.1021168010660929,0.5566069100294063,0
241.4800037337093,146388,-0.7668301104949715,0.013009107209873557,0.7587371564300912,0
652.2486816224892,58293,-2.168577998606795,-0.05951175212853359,-0.5668506966962443,0
14.308303585914935,9156,-0.45469145232481467,-1.8220572837292563,-0.06214030824194285,0
125.92751046248819,101776,0.6695658504612834,0.5283226199608932,-1.0835993853550463,0
103.36174264631119,143414,-0.5194885149560845,1.142477923006105,-0.9433559256721011,0
7.366800314529466,65391,1.0437870512435294,0.0008237561021145682,0.03867876578776862,0
118.78657858445976,18405,-0.8862711508822537,0.06071908690267757,1.5076243732119188,0
2.8750252663062486,95381,0.3788148142308543,-1.9980213595381369,-1.8930118832237097,0
245.0761892790543,122217,-0.1357994307138207,0.3179759693964149,0.0745213801477209,0
47.91233135206281,110515,-0.2232849648923942,-1.3781173947526897,-0.7595043366980936,0
293.37467178701354,115855,-0.5315991949272882,0.6763845056077641,1.6683460763326343,0
23.66188250677379,62995,0.22560446090616537,1.5037554381177656,1.8901617450360138,0
90.83400493015479,103507,-0.0662409612223499,-0.9147296157787276,-0.5071968727438675,0
86.66194441346808,60109,0.5730441059896799,2.0092264681390466,0.1620939761740682,0
5.379503678062628,169660,1.1430234362484604,2.280635327142264,-0.03472829005738743,0
1.9530035831777957,123229,-0.2513966704131788,0.6270879344338178,0.30218713757334076,0
98.94364391861116,15213,0.8106499209058893,0.2904534130074188,-0.9753104194733571,0
51.63329132862817,102760,0.16641897275349343,-1.2372860454088423,0.17464570084225112,0
32.819840286152015,55134,-0.234171028396825,0.11210573476822457,-0.5437006752263164,0
104.73103317681525,56327,-0.8896188106491424,-0.550084676428251,-0.7444456479980034,0
18.184083005860206,62778,0.533660806108274,2.2742807947641976,1.4043707385555821,0
54.14176973397869,72972,-1.2286212468256403,-0.16281256724610157,-0.14838454666205908,0
19.520937814662197,105149,0.7885313910581517,-0.06352962081423584,-0.5944955094363834,0
502.3126038874643,23553,0.7246831076296228,0.3900936638835008,1.9728011109612547,0
10.152345665752838,142009,-0.9178534260155604,-0.12021238905667891,0.29061919880565285,0
209.68350930001031,96629,1.0083239030507163,-0.15488945319290381,-1.1552850623061637,0
72.45361922764937,34758,-0.27968768193797067,0.664672677954169,2.0387781324247283,0
741.2585580656138,160585,-0.3962151572777621,-0.33452946055621574,0.5808236344701923,0
183.47651899408663,70647,0.7964685529623833,-0.8587750494072318,-1.4201939314927656,0
145.6998209828804,6125,0.39185605379110267,0.28174201864103454,0.32860859087466526,0
20.85304060120521,17918,1.0475454345859831,1.1501623682595312,-1.0367041794866492,0
9.33597523294881,42707,-0.125225860557783,-0.08730526689676786,1.6435221518906005,0
203.2142614493717,10556,1.2271543248707077,0.14107585193751535,1.0559987333466616,0
25.523133498829754,94330,-0.8977161994982428,-0.1794148920440175,1.3369845794262387,0
19.120425656573342,154712,0.7077306667798655,0.6780939825348146,0.5536249966705407,0
8.97218760551662,38334,-0.20475502332338136,1.839945115980811,-0.2778579748116905,0
22.6714968475886,159397,-1.3521868679980316,-0.8548764433487381,1.1493800174319289,0
21.386247437746796,78807,0.28265778915659506,-1.914385002354761,-0.2111603100377408,0
95.51309638287206,52097,-0.6311026915782643,0.8803693213468874,0.3994226704236083,0
9.436441415641765,122524,2.0593419067045367,-0.2551137758995893,-0.38727545126310564,0
790.525854916643,151170,-0.5766858245748957,0.6532861864942665,-1.62105045769437,0
80.76816644615037,118005,0.028662478824759155,-0.7399379145919254,-1.2061757720369377,0
87.4885584897998,136365,-0.04459429538646311,-0.8464282567480488,0.33632891492165845,0
142.9995072268602,27786,-0.9514826602176913,-1.4482157333510646,0.9898059269328374,0
7.749420185520971,108305,1.8679589720200138,-1.214817458830556,-1.294638118847314,0
173.28767885676484,57987,-0.5681582339386645,-0.3490921035015641,0.4867158259484497,0
21.80982465985507,93,0.19018654344586017,1.04517307065706,0.40663719072805043,0
24.555816246712396,25223,8.022978599526092e-05,0.42315567268230186,0.4879130169246683,0
350.5053638083295,57557,1.2538583195144113,0.4283358190505259,-0.6795752730651807,0
12.701964583116498,39441,-1.8711008027314793,-0.37481519069734576,0.05873060237652675,0
23.74744504601267,109768,-1.9030910398930785,-0.9280665500933204,-0.7368171020074961,0
176.6747731222272,118411,-0.03833347218847708,0.09644142492655179,-0.8759945326721584,0
207.54978762575738,22789,-0.29829279846037,0.19699222799820518,-0.9447811005153748,0
4.340321884091648,104389,-0.06271024174539881,-0.805211127928566,-0.14704964563593895,0
140.6419820387612,97504,0.09153101655331092,-0.3693963605065655,1.1359459240765322,0
262.5306118311729,11290,-1.2114936520799613,-0.19162763634789107,1.2219010219114712,0
33.18847600114167,68495,-0.08044403026000936,0.4411146662999947,1.6184334943711065,0
93.16565852792672,23178,0.27754418226575334,-0.09745494768071655,0.8207083854337788,0
7.114528615360419,46479,-0.6643855336652825,-1.363572363928776,1.472468174997898,0
90.74296748668515,91810,1.4871079379333945,-0.48605159547411636,-1.8502211311146788,0
499.03116387901224,94672,-1.1726958498872477,0.19057256028243627,0.5603574270299474,0
85.0167981756561,45819,0.5836341442633873,0.8480591377990568,1.4294059964615262,0
89.13188679162539,126546,1.328766707877994,1.030270073235074,1.8979099087166376,0
49.61940920201442,93550,0.757700368449407,0.6116741196623768,-0.6058202193201139,0
66.60273982698324,39103,0.7826540513736586,-0.503158170015531,2.6057450324096223,0
89.15630458436793,5833,0.16159531873172508,-1.4915951955360007,-1.079641469965184,0
23.059946913266156,135960,0.1008642140524782,-0.6062615700563467,0.3375207854204496,0
6.2625885544700814,120639,-2.4100217428996786,0.0061884507078010876,2.6182198016883893,0
1190.0758625398782,156350,-0.6248772395028332,1.8150361281416596,-0.5944523251422572,0
47.46154060709557,42136,0.6170599183710792,1.5804621550969151,0.3970404148723653,0
100.54803515954008,170655,0.478598864209579,-1.13125953712907,-0.21613953024914542,0
57.76380041067614,119847,1.0603852656451795,-1.963572249273938,-0.9235802956997545,0
82.1342487144201,8583,-0.5312119633949406,0.6104566909341432,-1.7088872064650025,0
17.39830998310632,37880,-0.8612810888073529,-1.7879900207018544,0.5181960117329202,0
12.72294372855806,40225,0.9303813154467119,-1.3927292061474834,-0.5496666565303666,0
134.4375155531342,10316,1.832464817747529,1.241053443513895,-0.7191091130378798,0
11.859541865524887,29218,0.4814284032964965,1.4803044402171581,0.514099807467637,0
2.9416960088717334,84448,2.320705258044072,-0.42714291436402996,0.2832175415714175,0
5.860338959089146,107576,0.1158408910504626,-0.6027030602452097,0.1084329207979812,0
46.71130247507848,7135,-0.7806756047228908,0.20789145784402321,0.42246660574251627,0
7.467847142035614,88022,-1.331260140259304,0.331244779286203,-0.2997307836946631,0
265.2936507307026,37249,0.777024975577672,0.8100671349680779,-1.4880172189472831,0
30.615029653804694,38297,0.4476436401971237,0.9143916811168896,-1.729783916979402,0
651.9477728763102,106210,-0.9523772437092062,1.299306818682317,0.44425178880141564,0
56.642821422116825,79003,1.231909515564442,1.7832711102661656,0.3458268268307296,0
278.2943836501903,51772,-0.27814992720922044,-0.14071441732695303,-0.1515928905979077,0
152.2241316054448,33799,-1.0722378065151503,-0.7512239351152973,0.655645973500651,0
139.40110037979997,75927,-0.1412575628143003,-1.1185504826059578,-0.6023181603833662,0
3.5045098047533756,70053,-0.9207399664417354,2.6302854098027537,-0.6794140168160862,0
255.74637286817418,102870,-1.867043044626051,0.6745639779997936,-2.014912252094807,0
18.666500901898214,155801,0.616071119126433,0.656673069202103,-0.2630092709504282,0
106.39522645404364,109537,0.2733834335705564,0.5922888518830064,1.830181663674357,0
25.40024398087644,64783,0.8360873667782353,2.118463181372485,-0.3735215907242453,0
176.75062337870062,126559,-0.11000002986258146,0.9042433287489198,-1.3321810687718625,0
7.177811784607287,121265,-0.15191009726067323,-0.6899744080815183,-0.8687254139133718,0
243.8243564301962,50546,-0.16976139111629293,-1.1730239198134458,0.6152320276879101,0
64.10909102212166,22499,0.18952723834068602,0.10646155399758495,0.6176576126354754,0
21.66687968786009,88627,0.863775260991741,0.33409430946837704,1.5554830620793376,0
152.14507739422518,39435,0.20855530208805573,-0.193286452733807,0.34711722155235575,0
45.00096490918959,9200,0.5687498009350694,1.364213704162723,-0.6233866716696217,0
47.26081926772533,84170,0.11471012239712113,-0.10904226322975677,-0.12266027509498646,0
42.98953232606798,3477,0.5160960429629301,1.248331451253457,0.4183878582854092,0
239.39132766494038,88617,-0.4507577454102796,-0.4651733500835159,-0.3955095212480789,0
312.46780958978866,102090,-0.29355404211058006,-2.159410997455012,0.5212069863064653,0
7.192683982970003,172645,-0.11125963443524099,-0.6156190266534447,-0.383293074448739,0
675.5392903573659,24121,0.9986523384450472,-1.5919548424712204,1.4399978524474086,1
37.30295105977145,22507,0.596421747713349,-0.03456921139276427,-1.5487005844842932,0
83.24492249538224,89831,-0.12206953248426315,1.421293127047413,0.10758612090567667,0
74.68507804879656,13891,0.06847717592575406,-0.5535492987062396,0.8649985174582657,0
2055.27855776963,118641,1.8784452153169688,0.5755047821253776,0.49259451782146024,0
2.781438076983465,56820,-1.1306439529022678,-0.07499110135287355,0.1328326238469435,0
31.581481037508926,52142,-1.9104499839817166,-0.5449330798653967,1.1755625492131494,0
59.548795633606034,154161,-0.19111632185232713,-1.2270973873388649,0.5283072578516863,0
61.52043031160102,116190,-0.25295137754210884,-0.044284376075743835,-0.36604900657698236,0
91.78685221747526,114541,-0.014425484684941668,-1.2087959981725072,-1.2720527070800995,0
88.86980123489445,84147,-1.7992359017027062,-0.051758418472826896,-0.09565886355111551,0
1314.8664082511737,106313,-0.3038887470450361,0.027711015619143634,-0.19186841405106334,0
51.024997745614215,88148,-0.8178073793170559,-0.7827811970810179,-0.7348144219520941,0
52.288428678625955,76827,0.9781563646485314,0.5202955205874735,-0.31645605545797995,0
51.95144543244247,7048,0.01601849881294309,-0.20609314824726022,-0.35003737026114484,0
446.9281705501528,122164,-1.0915904112552386,1.5887690257461318,0.024975004095348315,0
20.529577827054283,12935,0.8873515337711706,0.955457425790335,-0.7924051402612096,0
137.6887860270987,19565,-0.07168440097032107,0.6229619716535135,1.7642089432898418,0
28.41083095576228,134035,-2.1034913629228926,-0.20848335618676214,-0.6590606902306375,0
2.0100001361828075,146236,0.773460355682333,0.4051944667236927,-0.44202401622093385,0
63.71220119663807,17540,0.10463330253161734,0.6386546205955633,-0.4041596577237806,0
50.693841587711965,66780,1.2663378568988877,0.31587949292413975,0.3914650999338677,0
503.54996876293814,2288,1.0236947919431236,-2.3513355906670146,1.0168976920740675,1
29.284785915925045,17667,-1.3363569232706896,0.11511398864156527,-0.19393125163646502,0
6.91363776127948,56317,0.8127196611632896,-1.2641676051922945,-0.22679566717414007,0
454.10608271897524,29473,-1.3125350107252374,-2.0847200651082693,-2.0003773444196105,0
189.46650663234763,159846,-0.2781863806833469,0.560203866453753,-1.6148010834452657,0
266.98099808073573,88017,0.4838606002008431,-1.2641557965562789,-1.013893905515625,0
136.2947841827321,64099,1.7026327128968828,0.10980431523367364,-0.11728609243702753,0
58.536753518436264,3239,-1.4156140435920086,0.25910067801455694,-1.5365343045342374,0
541.490476587803,82048,0.46462520567805127,-0.5420381813922083,0.7152739902860011,0
84.00772601990155,106446,-0.010965102760897367,-0.5498537003450233,-0.4992787453607494,0
83.57687365950417,106334,0.8568926496489359,1.0908605949549772,0.5350406767486561,0
53.087254189080625,45805,1.7976137137438053,0.6906832485656128,0.1218868832745574,0
310.40980264949786,157381,0.22496984194556,-1.9060046998993518,0.907414189301852,0
183.47057200760023,57907,-1.7144424755382626,-0.15497463880970816,-1.1977698669348444,0
11.91579587005922,42238,1.2108581094640385,0.8629950519866495,-0.46939483440495855,0
42.0846629423482,52214,-0.10987407900275599,0.24356592663620347,2.449338713242721,0
493.6247768268328,88598,-0.8575932269279354,2.5707805982917558,2.294983957983897,0
93.26632767439129,96742,1.178803712927434,-0.9603323565785452,-0.7885530954773143,0
805.8009851067624,22568,1.1090298945301094,-0.5607022062152238,-1.1634867231085373,0
185.60222692695024,17603,1.2751291979471782,1.3021155373834408,-0.3614913392869136,0
501.2885278204998,83463,0.2161437445537346,-0.8532442286581836,-1.338010601611924,0
24.78323211981666,159266,1.5085788472421322,-2.274868844002767,-0.4137634611034167,0
438.57750410764106,159697,-1.4612500256505339,0.43039289426377597,-0.21151128382765946,0
12.300202511703153,123611,1.7932417139921888,0.17603141437334513,-0.5936282550037448,0
1270.7114403029077,32162,-0.7265523153654709,0.6662863886310953,-0.8053016135401464,0
21.834653414224277,98328,1.693142802697365,-1.2531127957225097,0.603801169723168,0
69.69962427503505,52047,2.3982038194689896,0.0025051986949515856,0.3943258922415929,0
1605.2859206116395,15933,0.11836457029440497,0.9568626765774366,-0.20705016370677135,0
1272.9741356987165,88619,-0.5691948733279913,-0.647915955987301,-1.1134347236159374,0
46.39576744216847,30070,1.2685841062701677,-0.07499451152680782,2.1570509583834925,0
18.599257561583617,135504,-2.1254802084191953,-0.4360368314702353,-0.19190771147811364,0
184.23505400121715,37242,-0.4342252327855724,0.6729653597194395,-0.4974040162125704,0
125.19553936762311,133271,-0.3546454230277709,-0.5352678457961892,0.3430415816929143,0
286.8187939918088,1236,0.38645587974014606,-2.1957867691079342,0.16640062894420055,0
110.50054928716162,104564,0.2315374819878708,0.5237996329588047,-1.0285103537575697,0
99.48380125119424,93766,-0.2616361972827798,0.25946266367478465,-0.6744580902117857,0
11.294812583010913,120567,-1.1467165934839445,0.808779442316801,-0.2999538657479392,0
87.7157791068417,47062,-0.8707744094837409,-0.5010321735910522,0.5682611003926873,0
9.286310017409175,11311,0.002132733797947263,-0.4237543498605905,-0.8352649280425978,0
5.963193644749665,51224,-0.15488978355914898,0.33687083997951073,1.3386336786821418,0
111.064501103706,143363,-0.8621157284245081,1.044941975113295,0.6549128136347261,0
5.373101594811588,166680,-0.8841141751509296,-1.130273317438141,0.49736227977276243,0
40.2895181916779,147308,0.8320978674523802,-1.213456791700426,0.09289694017893227,0
9.472225417418443,108906,-0.6450071364645936,-0.5632386060044114,0.4764003393067847,0
119.36357633387252,2039,-0.09601408517652914,-1.594241294332544,-0.5088410034990154,0
31.042777360042706,62678,-0.2937961900562376,-0.9977972268647359,0.4927206580015832,0
122.14528585018923,155789,-0.7161128984345744,0.08633865907074587,-0.4707633586364122,0
546.8047395268283,160152,-0.3241543372560745,1.4751068686016295,0.2829836705639197,0
149.26465312743764,40888,1.5206300794706045,-0.22890060650699587,-0.4554257710705812,0
34.400039255998195,162013,-0.7777812114585814,-0.31724545232818596,1.8460542151901933,0
99.50962844763605,136225,1.476663084881009,0.13220804815623408,0.8340378798847774,0
366.6544655895216,58990,0.07409040151744717,1.1680730643632697,0.5335670443570569,0
154.3393188595463,9449,-0.1502365074945477,0.17536205816984257,0.09532922565891275,0
1168.2554723546552,142145,-1.2148515534351578,1.4531816057602003,-0.33567201191099805,0
138.65933671306095,65375,-0.28877649394296867,0.9341729076906834,0.4475039127690896,0
129.7498272671593,24085,-1.6826419140052986,2.017067565526015,0.3526861721770429,0
56.36832375083143,81947,0.49892201520014634,-0.343656696495351,-0.7710432991969213,0
125.17637397250304,83682,0.6886766050070139,0.6159729378303971,1.1355651572650636,0
225.92686704734786,114889,0.2665005996003115,1.030844419710301,0.5468911973528828,0
145.07966234041132,74684,1.1993745850804078,-0.3445579115613992,-0.421137612442116,0
155.31131815016917,97547,0.16840091945835717,0.4211461216847171,-0.5628152664992979,0
882.9379904891448,15804,-0.42202439405825487,-0.5527942950569504,1.1464423137155744,0
17.506581512733703,159085,-0.5466702217392996,-0.13133395467530684,0.6335747193779558,0
542.1278431148407,162814,-0.7688270653922703,-0.703541395508808,-0.16105381624684223,0
7.937620132170817,93075,-0.46027222198437534,0.48295286345831373,0.7293379967456114,0
83.11637533539674,4487,1.1804985618607264,0.3659169631753401,-1.1715674491988421,0
27.417168452154712,39768,-1.1641524533622902,-0.573470054924147,-1.0955681071956633,0
21.280355948701878,166821,-0.30107772511501346,0.18165320014901204,1.6322212133450194,0
19.489997917094122,35930,-1.5502255817243777,-0.3856355706564817,0.5748013520137004,0
38.800012847347276,17401,0.41203248674965526,0.8609114830128637,1.2485632686944979,0
10.937684831705832,49047,-1.0665151103307813,0.4034407793656098,-0.14905635013155769,0
208.0026607328511,60874,-1.1002216790256774,1.874636855672312,0.59865067890573,0
89.78981055730054,160135,1.218619344831492,0.41815506345174525,-1.615548105149591,0
6.86063774769835,56196,1.0919364813701427,-1.0257240960920757,-0.9847349924761823,0
716.1298080581212,125437,0.055861681003247454,0.6376120848547591,-0.16080616495121142,0
558.7771521623532,48281,-1.2469866960769342,0.1557914174507902,-0.44916669208337745,0
48.36044624179308,89017,-0.6516811924907709,-0.8014130029461722,-2.1832467369798714,0
368.28431846673254,110848,-0.9461928026595009,-0.013124038760885276,0.8815105603209613,0
64.72736473529366,23138,0.11127043678229842,-0.6226301534785729,-1.9028203319643,0
30.557367852262363,11975,1.0566672219271247,1.2807777083784408,0.4764285282284767,0
48.71921274643704,137041,1.0950249372192826,0.18377609426761482,0.08554505990115462,0
145.50616733969173,113212,-0.5038638912963702,1.7329034395737968,-1.3147190814968708,0
93.65412385617182,76848,-1.7197711179604687,1.2637716019415528,1.3851244795935482,0
42.23422643614337,142223,-1.2654644001411692,0.17469318428072997,1.2753278958460896,0
45.97925112000062,99805,-0.8662862090543062,-0.006933677536312592,-1.0593280732198653,0
4.897183301697513,94048,0.3137461719931565,1.3034266682386955,0.3926487634397925,0
25.6526164339911,24180,-0.195437966280811,-0.9180246206939594,1.6927190359061797,0
74.62561127271559,14332,1.5528706305584339,-0.6319444078760289,0.8077933812381702,0
71.55436976375309,23115,-0.16675971225333458,0.27349360110078536,0.9973277936959564,0
229.30511008265407,118493,-0.28402581052113784,-0.22710512471009356,-1.7777224101961355,0
98.87647377739066,56045,2.1947878568663506,-1.4158183162778268,-0.8877637884767674,0
16.850014235257294,106379,-0.3210783254151562,-1.1005260298048414,-0.5250451482839643,0
15.578733886775002,72799,-1.3233778832913181,-0.3730018036568919,1.4684317263246793,0
9.81989754506333,172576,-2.3863791309548956,-0.7430298212660972,0.8928668806597471,0
12.689287849560053,167517,0.8213720840266565,0.22112676250717148,-0.922451406370925,0
103.15667196660046,76022,0.21191779371540573,0.759365432943543,-0.29828469699655574,0
57.23089061321654,2257,0.002105251373172561,0.6782099835537836,2.0171039632111736,0
13.3430668020513,41410,1.2585168675096168,0.9681403530226117,0.6267800833912519,0
138.18933727919367,144210,-0.18198662788233164,0.8469655603402495,-0.8226554206791417,0
37.57902092899274,19050,0.10124609882397545,1.999745455161685,-0.1803523247135595,0
45.82597757596795,1238,0.20968625938938534,0.6807483427469492,0.3362247628356945,0
530.1291854740323,89179,1.703359361304472,-0.7419067010568169,-1.557877826933507,0
89.00517150780293,25933,1.6469743826292353,0.17861133409015026,1.9471396841121114,0
141.68266306869512,130682,-0.5403391297339872,-0.8022468446954771,-1.580738167321393,0
196.39409674663864,22030,0.7169654772313899,0.7578883912557627,0.3592010647878339,0
1193.7027946260519,89590,0.2349902001773578,2.6300794493482074,0.4342182424174383,0
19.0489592643915,77450,0.774723944975595,0.4413198177521271,-1.5771203357578323,0
439.0644445934004,104122,-0.017786258456975162,-1.0611554600358204,-0.32982701145991483,0
14.022693785682005,153694,-1.2052090042956425,-0.5993845841755243,0.10953028410008757,0
65.83345537678306,67323,-0.6277386437387453,-0.7537739596153363,1.373700590537218,0
12.085752880867352,23877,-1.9564422921225724,-1.4965327806594089,0.39579858611116464,0
2.562931532875916,66686,-0.4939114711368801,-1.1407678283749456,0.2585729360953894,0
208.05334917677968,16531,1.0720494813832906,1.2382902769275979,-0.9477925559451286,0
90.1689547075135,140661,0.4797983239969704,0.029484220525259217,0.455729253669493,0
214.22868870924296,4213,-0.785802126713547,1.2441658022733564,-0.26204554121681195,0
6.7079392150799935,8922,1.1886814550340055,0.47061562251949457,1.2377369484299512,0
703.5599692717029,14772,-0.23580144408684475,0.8294426826339666,-0.19728515521420614,0
32.533804209308066,89218,-0.30090330832087625,0.45888542742560573,0.7439820651002907,0
10.02858703341298,29692,2.1495897580445225,0.4329589130903457,0.01433191908718468,0
28.70347540327981,62395,0.030803989359901886,1.3886996479922125,-0.4238186347238965,0
614.3512933766832,147318,0.33829902570981984,-1.3333916268067152,-1.2208899520604224,0
315.09385486844286,64430,0.5352803807944155,0.9890543172989066,1.4530634708380747,0
7.179551858337692,98453,-0.42560933873483586,-0.9214758078877747,1.1790620315098819,0
2.421337853260599,25257,-0.2136161055489696,0.3713697139286287,-0.8473872984195623,0
201.85586001244866,4902,-1.5278570044973367,0.03682961470848472,0.7578055531368741,0
5.126920962325748,99821,-1.6626373656702929,-0.5837220586247605,-1.9625580533446925,0
67.66527710836256,50044,0.5632419398949251,-0.7222737183640668,-1.4799306004431587,0
24.693336697409165,68,0.5646256365079001,-0.20871800807499574,-0.434426082456938,0
39.421186002289204,141840,-0.9844975140430924,1.1338128336618698,-0.085215610012602,0
470.8328315224859,93891,-0.2731291451554214,-0.8362813343039694,-0.4115799144753656,0
230.0333871020354,146889,-0.0039243888099401054,-0.8206120065781467,0.4206899711559998,0
6.4221961254845255,120853,-0.0956481543071051,0.3839512302723477,1.4829556706061087,0
19.42056009163796,3709,-0.17548276899418852,-1.7926473460769676,-0.7698786050831435,0
614.3011134589349,930,1.243349208718908,-2.386854913628753,1.8958231477492746,1
342.1856149568823,25280,-0.16542856575429382,-1.6904354440548761,-0.44167180798478306,0
33.72150791420415,57193,0.43344596808055014,0.8538089969528885,1.0681430240547034,0
72.21330109443943,170532,-0.4981188273548515,2.021698176554703,-0.7936723516811547,0
0.6146489689363704,92024,-0.2568738075903442,-0.25938861870235336,0.5788005098466757,0
20.00224724615889,98896,0.6163914238616554,1.3668998048408847,-0.6749117951947833,0
124.52727639708591,26592,-0.5927686566869014,-1.2671881116117938,0.5102542904597032,0
23.392355703932314,145891,-0.357891382554305,1.1937226297109602,0.9525923067470664,0
41.22970607323822,88660,0.42541057195641646,-2.9043523537361224,-0.5412471258175792,0
19.22973317798058,44389,0.4473047433152017,-0.16233975844385715,1.48699485932857,0
3.849390874005417,118409,-0.41942227561683526,0.8793150156057943,-0.012067388874489094,0
88.86668801455885,34030,0.02044378097216317,-1.1024015740689852,0.4334236478171615,0
80.08396393834494,2599,-0.7054094668207361,1.2320794780828568,0.15537033913774556,0
85.18823331882724,95716,-0.5208307593076016,1.3079313387382716,-0.5909428517076509,0
29.531872713185415,137095,-0.4842096178162646,0.43503277880125,1.1667845696151051,0
38.79702355996116,26627,-0.26949398329646007,1.2636425410820973,-0.48347143652635816,0
23.834782915739748,59379,-0.1526290758291013,-1.203860304628471,0.8803201996747135,0
1447.5711219196146,11924,0.2059541018421014,0.03264861101951849,3.1287421960142523,0
32.36319429021023,168515,-0.6498471343425514,0.4575284987178938,2.556279546912461,0
235.0157049586902,103870,-2.85985166219388,-0.6586065947864547,-2.467062994866311,0
150.9509510169699,148412,0.18913269886620154,-1.596446252769903,2.6990821602335626,0
2.3236188089576686,130447,1.3822234493578343,0.5979751282868888,-0.3359401091704433,0
8.748929597120815,28634,0.5875937605384485,1.5353753083127406,-1.0180927188228406,0
61.16103543895462,62546,0.2376144401777334,-0.4356155739815542,0.1919847403160834,0
49.36455047757169,123670,-0.11938070188623857,-0.8084595569209247,-2.599508405118554,0
13.340508217438137,50000,0.0474531160806478,1.6618633334571937,-0.3646042498867173,0
7.665804016331751,56795,-1.5229071774010678,1.2656042189066923,-0.41094452800677184,0
150.2112244722934,149637,0.7011223580986167,0.7224618039839784,-0.14054968362825046,0
21.73197553934268,8323,-0.12071936094437562,0.34734030788102227,1.4054972504387084,0
119.69964826553272,144679,0.09942426155217414,1.501409620944456,-0.3047467027545181,0
45.76405907550538,40721,-0.2812616243367175,-1.7613225437008575,2.016623701658724,0
60.124657301539926,121880,-1.3877019486910944,0.6298593310979496,0.5253068746133832,0
19.418345680714687,134461,0.16616418288734353,0.681308125809976,-0.19940135049861124,0
23.93438099381756,14866,-0.9089535868808332,0.8020647592154881,-1.674947531543107,0
1030.2133352005349,132893,1.1632123571649193,1.07976773884591,0.3669450289609775,0
51.533768702363126,130153,0.036946450139260366,-2.5584771164030147,1.732847434654826,0
24.340447920866332,111547,-0.5453808212594968,0.6135540825617962,0.43274700699779717,0
243.24557474931794,75147,0.9559468750943604,0.6573225876871134,-1.4639343480138403,0
55.15788817997257,87914,-0.3695664118728934,-1.3432256041631492,-1.6569445449904125,0
8.358923370932558,144075,0.6318281177697106,-1.0938861220820895,-0.5271473686690764,0
632.7954957444916,167442,-1.5700590921244675,-2.1669062338763734,-1.7298183487890757,0
128.85245102531363,39459,-0.5678310204456329,-1.1146825263083333,-0.726777587180989,0
245.29160758388926,47953,0.19477506312598405,0.07019925645430757,-0.34571753913513986,0
2.531581538184096,170954,1.3194800156989013,-0.9071018834431506,1.2054360387877627,0
26.549955929152347,73331,1.8345337426547195,0.032816582689982346,1.1625896388064756,0
28.67560218730678,135425,-0.8625909623402042,0.34173042228825556,-0.6006686248594292,0
64.0250478314778,164810,0.8501823100712788,0.20728871832772477,-1.5048049208910268,0
699.1994668764563,161327,-0.012671946014730082,-0.004434011025222414,0.6719110395974068,0
1316.1248273486042,5305,0.627869112652419,0.5603840816071839,0.5123434541602628,0
267.00173078929583,157333,-0.5451771548498923,-0.7828643529261617,0.21359133947730383,0
86.3577328480805,102974,0.3068462392868528,-0.19722234919455173,-0.03847466299260597,0
4.970901667107834,72575,-1.3939690411814238,-0.5073491516991295,-1.111290355290314,0
81.71344343177289,10933,-0.03976403306893961,0.30985114045025247,-0.0797203479857814,0
6.070480001883878,124359,-0.3549017797165934,1.3928826319198206,-1.5876476948105138,0
14.779047304050378,74900,0.3099978633514884,-1.7539749419443234,-0.7963573907494838,0
206.5063340189545,111736,-1.2919415856276668,-0.12969448490116364,-1.4362414989903953,0
151.9434136765174,104791,0.7888125890608801,0.9644182781393047,1.8625737078625249,0
54.06667608197793,83035,-1.341640976542342,0.7856287163452403,-1.0196469846890532,0
184.98309712291592,50,0.6149401817100612,-0.8611707301747715,-0.21554077881234113,0
211.32891543733896,18540,1.338652625117742,-0.4840513822277899,-0.18152607186283362,0
19.75986818497314,106134,0.9498402722349897,0.1953055714817988,-0.13420901339492036,0
30.27628397510061,158681,-1.0365342515641702,-0.3984943538428047,-1.338573436114453,0
73.67884018506204,143659,-1.7192068278894033,-0.6287013624736186,-0.5630757409355316,0
23.40240965435097,105147,-0.12750881811319528,-0.5403933140411392,-0.07610387585251246,0
142.08261985190134,124501,0.4106751191422643,1.1359354658408805,0.17697912576638442,0
98.39118074599854,18459,-0.45219226460212275,-0.63750233606988,-0.8625720280752456,0
126.03209428794185,168535,0.6511270606822913,0.5422095205223703,2.6892269628289758,0
91.32180306914078,163299,-0.3514868033751526,1.3512745381512203,-1.7131538637687322,0
11.801850174851023,162498,-0.9565113121163006,-0.24751830169251027,-0.448496924231289,0
4.368418955566182,2822,2.522536697625069,-0.4274180721180185,-0.08662583752073942,0
78.62596455281695,80312,-0.7432943306993709,1.435228308531511,0.8365717935758827,0
52.21397960166885,160567,-0.3818256693611554,0.46787363894619866,1.1490522968441117,0
14.195984749657962,133943,1.1475237226003865,-0.19477958872903692,-0.30557806588284125,0
3.207609840627282,70408,0.4474200082056871,-0.9981615797092233,-0.14247014116785237,0
39.17816454246584,70063,-0.5054074061747799,0.7723335787922988,-1.47161794900254,0
22.255318164993337,80773,-1.6096356054783871,0.63137427796238,-0.26166484330035084,0
71.00974551260005,82504,0.37261268107611234,-1.0190929580013595,-0.5540019608365382,0
48.582716777472406,24592,1.5815542595408423,1.1809514071441407,0.09579887203982758,0
482.57353711245975,42876,-2.0632306019569393,-1.280427488625921,0.6227123371694738,0
19.96677588326909,128773,0.6107468718442357,-1.0766213958161743,0.37769788529418336,0
740.2422353390479,131616,0.6703773242899898,0.6106018600514364,2.682369278545409,0
39.614184503940706,61407,-0.4051035942893205,-0.7607172592429843,0.39916414473370904,0
57.20235904600789,71713,-0.43878677622538775,-0.5159955773627645,0.6672382006331604,0
96.50062800288374,137525,2.2249652031617932,-0.2272332987623001,2.3132856372697654,0
25.259431835044115,99251,0.5564382193601043,1.058777736859005,1.0335352795764117,0
242.70272817687953,138369,-0.4058225015777522,0.38546309420461,1.5320283238765724,0
16.79390141072116,49249,-0.5603856547100459,1.1898491856992148,-1.0961881916971215,0
70.61227359791955,109822,0.8382186612061595,0.059671562111780825,-1.0029117059160237,0
26.350358577193813,22625,0.3194230755873035,0.18500176411741648,1.6859271678042471,0
271.6887697961077,144848,-0.6833293338277313,-0.5038964443933704,-0.5699428216173643,0
319.9929312017995,139151,-1.2346694947811039,1.1902490421587124,0.4987543289476518,0
544.0865696078803,85163,1.9256486758740552,0.9537561022932101,-0.6717011394169037,0
59.44862682837061,30328,0.9135818581457948,0.6535905236052731,2.049790757544137,0
821.7307294567424,59261,0.6547352525324437,-0.10668702960791085,-0.7057612077232522,0
43.90270197221678,148894,-0.9562523271247902,-1.802948220998429,-0.23055949731454717,0
29.123774440901308,114432,-0.7383870457648645,1.3688397093930031,-1.2062850458584105,0
121.06174964890069,113117,0.14765355768898947,0.4126872777026282,0.39526245672946253,0
24.69256975382236,44233,-0.8886527937367488,0.8893306941897323,-0.38039176597610774,0
31.920808456265163,101173,0.8386878116457666,-0.8679760177643588,1.3919098177733908,0
149.6926222160348,118406,-0.297225875750449,-0.0636448014812324,-1.303703425798607,0
88.97600487013683,123249,-1.0933181419510398,0.3429293177943689,-1.1071390549151343,0
61.18688700120505,16533,1.3773939916987517,2.1376246832102788,1.513113504248268,0
60.41831618291562,72644,0.9821463674254431,0.4150074977982147,-0.1477461207584376,0
1.4074425492092932,141220,0.5499857090987931,-0.4437732709260901,-1.2885873103620915,0
32.144795661002235,140842,-0.9177380816455876,-0.9444879315996888,-0.6650151471340946,0
18.98187286805479,79023,0.14730940497980527,-0.3907963319343301,-0.7090546732307638,0
365.03450369924747,48296,0.724422247908012,-0.05523208543424048,-1.1037065529187475,0
126.11690216521144,7482,-0.33142350063558984,-1.210500035084854,0.6708235479669167,0
20.013176707857863,148310,-0.5199694915295064,2.397565743233185,-0.794918012399881,0
13.421285904131766,105234,-0.3568846497386689,-0.9414626814164534,1.830034728701373,0
152.169265368318,13654,-2.1008049208090696,0.0016663499414978768,0.03279712759747551,0
19.329346906021247,147078,-1.7595929513669326,-1.7451704465950055,-0.9729458578661183,0
148.87581222153383,102012,1.8502586187723646,-1.5225975902136495,-1.8319414916706669,0
1040.1161820177974,137015,0.735600914993544,-0.740541016846093,0.13872731081450249,0
55.92647733803431,74383,0.5907769477878966,-1.0317772055452752,0.17308488959773224,0
22.706211464937265,101085,0.8033935605370711,-0.0018147559871053958,0.3966580586634009,0
292.34906056683707,95515,-0.9918053545406225,0.12588664421059229,-0.7290003813682965,0
677.2307183531553,7855,-0.4537131898429454,-0.2693281696329707,-0.9964181720613178,0
6.504221324186175,25433,-0.1229024543814012,-0.5294088325698418,0.08432614204233421,0
326.2164916123829,87750,0.34614931155004774,0.7498694866087741,0.579082232544315,0
589.3529405959466,9012,-0.8616147313794714,0.9322511593974687,0.4708486043183853,0
3.7076023584491375,108034,-0.678609115220506,1.1036095698093948,-0.46094655966831877,0
24.3743503282882,131129,-1.3431761658739385,-0.30455617287016473,-0.9475468755585988,0
40.6344930327551,47918,-0.9475664279766811,-1.1370103768775295,-0.7230101209311076,0
55.93482545800306,12128,1.2909474339403275,-0.9762611653098691,1.2448417476205516,0
4.362296479429048,168862,0.43697042712192824,-0.8680769188435098,0.079887116075392,0
16.141546508045554,15412,-0.12009845290830064,-0.6071009778694695,0.35068138825314016,0
67.34514736502312,7213,-0.2710515012486707,0.381897270647974,-0.3751873767655115,0
38.452123162677765,144544,0.5195246566679673,0.6399707105701068,-0.11067422019707357,0
97.87966279687691,124660,0.5594586687670583,0.49452011688923714,-0.04351347832356212,0
28.080534762159893,153256,-1.38799494037741,0.4791659281993362,-0.2010940527863789,0
47.39877544400488,154175,-0.9543243857203529,-0.218098928493341,-0.5117948056291843,0
1231.533179266679,127668,-0.025823652132328952,-0.2679839478961562,0.08717756651533144,0
12.57680728739459,19928,1.9580374127941693,-0.338584063260846,-0.2599730510821427,0
58.6296301280273,142475,-0.09204414749678139,0.588050448117056,-0.9585081592317284,0
28.547153570919555,107879,0.5321494371578368,0.17798494148977012,0.2608350976366222,0
86.53585665753941,44310,1.1188428597895748,-1.3104100559779046,0.532682693224666,0
60.84794652503466,87057,0.17261041424163426,0.10302699732270025,-0.5111247833991163,0
20.123062649467638,147683,1.123806421741812,1.2289854120407933,2.3830173733503246,0
0.9556820887229042,156548,-0.29755294446159586,-0.6870867035294069,0.5882422146883952,0
6.311562380633148,87154,-0.6335665296453106,0.7182840037134757,0.3367949817349551,0
29.81257788222951,103746,-0.13291153830927277,2.048673433801643,-0.111180721323946,0
137.3375615331416,54470,-1.2557905879189015,0.3308767859455303,-1.0885235471821195,0
36.13702119123362,109903,-0.21417132085841534,0.46595407091291924,0.46317123780109437,0
414.9089294173318,161468,1.130227554508782,-0.5426328113178293,-0.7920894011148988,0
45.87885756811335,98600,-1.0435667397832886,2.0636193827792484,-0.5528933265530217,0
27.610010931982064,18706,0.48350672668131084,-0.3444020173019972,0.4580796250385156,0
33.79323326435098,3794,0.3980289139222102,0.28698742057863236,-0.299643573055416,0
6.5970418628706184,151650,-1.6535095839046785,-0.1349061821139146,0.14805065238194562,0
530.909239487449,91663,2.03426857113447,0.5470966483017627,1.577955977549206,0
28.793311504818877,22485,-0.9819432347845504,2.4390460202852546,1.1765993562321124,0
11.920747983223064,43809,-0.39663745212913004,0.8323064590274318,-0.663799705496791,0
2079.8992406322445,71980,1.0102118770783575,-0.6226954579586029,-0.488123155532931,0
40.56519184550653,49934,-1.6366379762940841,-1.0932921076929818,0.59074871190664,0
103.7227623139311,132645,1.0057046927019526,-0.6654468474396819,-2.1162378818142464,0
118.38106983964708,98724,0.05829931764939003,0.29388225549059155,1.2767118510564257,0
161.5609776303942,8410,2.682645443267996,-1.2386806802708283,1.7840530779662256,1
72.52943365629297,10022,-0.23456303718296656,1.0311919500120703,-1.063558118056496,0
977.6665805616987,23022,-0.04145535081200126,1.5549488993938014,-3.8419257670802067,0
24.586152416975057,113435,-1.899767893356971,0.8776349519096274,0.11211539044031006,0
10.306894751017056,110478,0.638841502740595,-0.4539056221577272,1.8155388355042967,0
159.09438544652076,160631,-1.8978721559381528,2.17691875739665,0.132797305165055,0
113.07370484250909,134288,-0.5044875179837147,-0.41433019832045037,0.32576847779756013,0
72.97446247136958,40785,0.6933714922085806,0.42487042734726355,-1.2892876264320439,0
267.2254795800011,154339,0.6140543102909297,-0.3822516764412349,-0.9566991478176805,0
161.0146620317968,117537,1.4235315286551513,0.28758190554561797,-0.5088583177179488,0
29.365688788168423,33161,0.6194391220402669,-0.8597317352970926,-0.5009166859588424,0
166.33829354316785,97417,-0.01697250891448162,0.2567224788316694,-0.9955635405150031,0
3.1035268986190565,122963,0.5283990158560751,0.5098329592785381,1.0603812157288373,0
625.7421423383912,45643,-1.4108508912541708,0.21494959915365197,-0.85010251971951,0
89.91917987407518,149829,-0.456328052935109,0.1313212188491758,-2.30337053686502,0
72.97908275513026,9874,1.2438037035031742,0.12061456500690436,1.0098044870902387,0
233.49364104404282,145942,-0.08269551889062636,-0.3212093611684262,-0.1709295361255166,0
40.10729426076547,163754,-0.8701596157594107,0.3510262309039654,-1.3752880859255556,0
22.160472215078276,16220,-0.2785182377624196,1.312991720973988,1.0466160524300434,0
176.97423711655043,162884,0.3977995626997834,0.23942769837199274,1.6595604715250347,0
44.38388699294768,74732,0.14618734016760962,-0.5293700558735662,-0.11047607206408032,0
74.22776886331857,142324,-0.8116105203395907,-0.6477210391647993,1.577195138164389,0
19.55156357237697,11160,2.5065498906524692,0.5601483167586685,-0.4989615621041452,0
22.74662538470649,150404,-0.2936661386281517,-1.0651142748171485,0.3269937718576612,0
25.71099350998494,99830,-1.8342851809038816,0.4684400100675467,-2.7747651726247935,0
105.55707964859998,38418,0.13889417069364382,-1.8704711960996914,1.5327697574603718,0
19.647098087727567,162162,1.5866608623356662,0.005021994428951529,-0.8553021862928732,0
123.35178187695627,2155,0.12558478076483373,-0.11971095882379258,0.17134928806986185,0
20.207712967062818,138091,-0.7795403767068922,-0.6160177194219277,-0.2887250839200254,0
673.3663326221995,167233,1.9947500932263276,-1.1663330837185792,-1.5731479995891693,0
938.4080862672913,149030,0.5290568788979271,-0.47763365239185696,0.1567386194899352,0
12.558756645218203,17400,1.035800831169921,1.5786770570467206,-0.19806697341430266,0
186.16799198430434,115925,-0.9767272759811211,0.6469557730641333,-0.2047976808152195,0
10.122482601628203,45200,0.10281924111706828,0.44603335789976517,0.5079573932903064,0
11.715101472803276,39865,-0.9838021000024513,0.4227118354789688,0.9610162386286859,0
33.93156666376302,150160,1.2842019401099118,-0.4418013373903165,1.87290442974464,0
89.8346264191432,111098,-0.8466680512192789,-0.38188346221516795,-1.452316962541771,0
71.27541814322313,67782,0.20511006877679996,-1.9997265191729068,-0.01028204431050119,0
359.34975391938633,148745,-0.5968725437746043,1.024199395255581,0.5207550374450901,0
3.4130700865306065,2704,0.16847316010392643,-1.1473911643744021,-0.19015176047976043,0
30.942492009045594,88264,-0.012124547427128325,-1.2409845599324318,0.07953694083304017,0
78.24043760125099,63699,-0.6838868129928746,-0.5047278817362048,-1.116061245814452,0
295.84851341633924,156113,-0.9323426320519749,-0.7466134985689171,-0.39776134443745803,0
71.35839495727049,185,-0.6625832932270458,0.7688862912391198,0.14091781753422813,0
103.42335523931281,60309,-1.4028068334989374,-0.12220985031686914,1.4953493169542384,0
23.92951780059829,13292,-0.07840896943450273,-0.4257726137043746,0.8363719499343875,0
17.124074248696505,24642,0.30207289477240346,-1.703631389491719,-1.511711231275438,0
123.55542048678235,37210,-0.07334198324876408,0.6462818568316196,-0.4766640696753034,0
128.47457133322283,72485,-1.1194015109973732,-0.0017496192515192147,0.8235483206241468,0
58.453830153974145,138519,1.6353793334426037,-0.47606781064947745,0.4197201674297381,0
71.88107437626229,38909,-0.38809285028116286,0.41380951390766124,0.07149043577561076,0
16.439153481348463,96108,1.2003610053047566,-0.7407190266172375,0.7461380108261366,0
28.35831813951657,74491,-0.7813359785056306,1.0217457831011088,-1.5995558216174863,0
4.3452416835331515,160617,0.49246054054189753,2.114801460929872,1.1377474079301624,0
48.58156823176275,5392,-0.22499792831121918,1.6724942946962331,0.6460200449202695,0
2.922956577832127,141992,0.24077556099496927,-1.595900072141498,-0.29711295935694604,0
678.3213026039368,92887,0.5115988544966338,-0.8658332802304701,0.517802371883959,0
453.22947729758727,60044,-2.151020018537055,-1.3891215279788207,0.4219952244640435,0
38.322799994510504,36258,0.28566514310508834,1.2109506036543847,-0.38528382459983823,0
73.31621176936378,72265,0.6969977639624532,0.10868390994101583,0.4269533175463811,0
39.7133159236409,16944,-0.7534866240999071,-0.5576856690355346,0.5316655628248347,0
16.206505672533655,154301,-0.73641588817096,0.3675221587700468,-1.4138110460715108,0
11.694541199018328,101119,0.3532745702718054,-1.0193366191014641,-1.292572267680563,0
31.8280199180031,157451,0.34226705324285367,-0.5134978951532319,-0.25960175782358963,0
2.1497078184139973,64262,-0.02576332385797614,1.4377540356377916,-0.08927743442017294,0
15.786475377057995,35539,0.3298863241197922,-0.08051017714640818,1.779576671981226,0
34.27918922564647,147256,-0.5107246163160236,0.3149687331017096,-0.4110926559970159,0
59.195529305481614,41253,-0.915279971232168,0.006227657545824665,0.6435608130992323,0
57.46207714975703,40693,-0.6347534913617617,-0.05341168598985933,0.8234143610104462,0
20.065459984490076,144836,1.1679311944436566,-0.8724764688694169,1.5833318186213212,0
374.7117421461542,111377,0.1292088858933108,-1.2189827642632,1.177840610085325,0
205.08606881373376,58353,0.3925400087998957,-0.979211861509434,-1.133410328744024,0
116.45810940390123,168702,0.4753590082327084,0.0806843617147283,-0.014370125730822397,0
202.00561622514172,29949,0.6799595493962023,-0.9337825531715823,0.3151595776717861,0
7.135820872857598,96421,-0.06776601216229733,0.019411833963888417,0.11091288032784222,0
72.1506607624118,143166,-1.9360535022683736,0.5934433741756954,0.36929459809413445,0
49.896142116151665,154059,-0.7421339724742098,1.0174335452160226,-0.8706578574558126,0
144.99574000824109,157064,-0.9474439969062218,-1.4596719951462642,0.2619991271173221,0
102.23853217158411,101541,-0.8996287284355095,0.34588679823655916,-0.41787618833184786,0
25.44589825992581,101762,0.9798468531290113,0.605031400662037,1.7040603046521126,0
10.380203872136768,124868,0.11580696700171592,-0.456751188046704,-1.859616127657405,0
140.9790938169624,50629,2.2337624750976253,-1.1214249841027064,-1.7841420344733097,0
22.65492520572248,170833,0.48055520839664106,0.44145127493014585,0.1155372745872976,0
1386.481396813901,133976,0.1954275925870134,-1.1330854967375834,-1.4897911463053963,0
2.044426770816778,133846,-0.7715333788917058,-0.618668579071195,-0.08345480017611265,0
201.6809624732814,52243,-1.3499388828153,-0.6226763516948307,1.371118712166028,0
50.568151466907985,48500,0.6008543223560889,2.437079087680765,-0.14588751353062834,0
6.914175668782358,76942,1.04755377833491,0.1739021290150735,0.00030472835042909084,0
66.90977865053331,82628,0.5369168255212156,1.3387359014478213,0.53164735983449,0
24.33361539481541,138270,-0.7160889188851425,0.1453235612580897,0.6533890576164539,0
30.757203774841717,49217,1.1485236355549444,1.3758259065676899,0.769857609554282,0
225.38663424651955,38977,1.1920325985342894,-0.48237357365975697,-0.05595971224037528,0
615.8870178955486,25236,0.8313713376953483,-0.356065843002701,-0.7046903958079249,0
3.477615527664446,68718,-0.30898478953688713,-0.8832023548701075,0.6973557626816437,0
29.909294716439515,38469,0.42164390821604425,-0.8430703888108463,1.4208637819657528,0
18.185252125829862,23545,0.20196426991473715,-0.192252704591208,0.6162446672916057,0
2.4662581512652992,22791,0.017396269420829974,1.1539617574621495,-2.3988124776783564,0
210.77677097875238,87762,1.5593654324775112,-1.3394178352743866,0.12837689893791407,0
528.9386010882171,580,0.9979240438733923,0.04749231124808806,-0.17405504647257497,1
7.533163554731207,67525,0.08451589734695857,0.554121909248907,0.9670920081419163,0
192.66059000815696,154641,-0.2952918101073757,-1.3681596623417398,0.5280859611568375,0
2.925154219595805,34187,-0.7073249636081914,2.4650884184276673,1.8049062889949608,0
104.880047508444,102757,1.1094327205186507,0.31974813521157225,-0.4992893081403439,0
285.8822522378692,36516,0.06537507946564834,-2.499849944624864,-1.526378930994861,0
44.09872067822959,90388,-1.6414416624295376,0.12341021664664421,0.17321016902514608,0
306.19772273536927,142398,1.1001196283789798,-0.37902287602019913,0.7735125220215328,0
50.06114115223134,16643,0.8567211344643443,-0.8821587172649766,1.4738564325305246,0
279.5425399869653,59870,-0.533211453533817,-0.1122079002555653,-0.7953246950401153,0
102.02341662844319,157873,2.9903288340508754,-0.9215843468292277,1.6233150416630264,0
15.339948215782213,63305,1.0112921047079566,-0.7558295156856458,-0.9536026875789497,0
15.675008421228902,47059,0.6321474350412882,1.1127259285914932,0.04414860347068959,0
14.739903859522272,81120,1.0609205568874012,-1.2212484646370854,0.3146955513587635,0
131.748344278483,43574,0.7702992620345553,0.1315213489736404,0.4248183964118591,0
4.4688177544652365,118181,0.7059261627729202,-0.23494055072640704,-2.417066659149281,0
3.8488123968779298,131440,-1.8373379533422147,1.6249288264056003,0.9498524174904309,0
84.50444467695156,80729,-0.20948121475038545,0.8175291648614464,-0.7249459577524604,0
495.0587231611805,65997,-0.3762020745182967,-0.6008281748920457,0.47412348735846505,0
164.21220161224102,49824,-0.5854832758482212,-1.1313427824132167,1.588367852563843,0
19.04994191634532,161172,-0.8540543987335911,-1.2345085232664839,1.6513913182403488,0
25.82367153906423,101290,-0.594736417954977,-1.0762085896851246,-0.5664951532478743,0
61.828707530787064,17670,-0.5665453559127587,-1.0077998845394014,0.4732537399829497,0
28.91799092056062,145537,-0.09196481226004885,-0.7385520059950879,-0.01201317251957267,0
23.19369696868809,42510,1.0246964041062316,-0.9920897776336228,-0.4035371250788938,0
230.54756442952117,77576,0.9282478101362173,0.6895035343828,-0.4190000821507527,0
319.9821349770066,31979,-0.7624489750378718,1.0116175955307174,1.483198796410926,0
62.65485452691301,96853,0.4773638739913284,0.2200678448689127,1.5549497846950457,0
59.12116424737461,24520,-1.1835823634180216,-0.11124819897904802,-0.2350580921674335,0
7.422601197093357,49455,1.4407026919712949,0.14205039935125624,-0.04820449392449153,0
47.966037703302334,11612,-0.011661648684102417,1.2506162245166303,-0.32180380626259386,0
16.916093261431335,145316,0.8445823320314594,0.07586351627860517,0.9728798395375186,0
546.2217775996296,70399,1.8709508750692356,-0.8574944296419634,0.9092214387226375,1
23.532120167083583,80535,-0.8563909184426653,1.4326543721345117,-0.28162232419796074,0
12.27685118033551,126750,0.1708889785981333,0.513050524509756,-0.41427011745103604,0
51.60135574977118,45389,0.8134374118694294,-1.1020957013135373,0.8892103212579601,0
111.3860826256251,35867,-0.6678783705906188,-0.18772167299928813,0.29142333091548694,0
49.14383629917127,127574,0.8732375673576148,0.5330235468619466,-1.857997831371126,0
109.27710886738393,133054,0.7924961373644691,0.19717812176132415,-0.578343115722253,0
11.612326193743021,71101,0.870896913917049,-2.186620962145364,0.518689942580325,0
158.51094640847666,69776,0.015844667710381854,2.3835167889551174,0.9660531633304006,0
101.22528513383595,1634,1.14038025519904,0.31477610012868806,-0.15858234735809945,0
12.843211625159977,119012,-1.147547284887971,-1.3908181037236773,0.5238627352803172,0
32.99384706579499,144670,0.3863689986577886,-0.48972880412211806,-1.858475904846563,0
21.356164522226152,141940,-0.4514027133817286,2.325289762844633,1.411826576908021,0
21.08519696154248,50400,0.2507778667291226,0.760494600435143,-1.2300100660826083,0
252.88735818418945,171807,0.43399485169145924,0.4238821692225907,-0.4355341149650581,0
11.154017842632044,102486,-0.29875083418183607,1.0080208966516297,0.33535711293973847,0
47.56262675772846,124766,0.20115016448783615,-1.8462438522894673,-0.7528611111044334,0
143.74831018559482,21134,-0.6092185896490773,-1.5308204981593119,1.4863345627128477,0
7.5356884093831695,114053,0.91896482846762,0.246561382575244,0.26727830042495476,0
158.93308099304804,20543,0.513905929537262,2.2443433935324295,-0.3981312436014158,0
11.950263394296835,158497,0.43479956102382417,0.5600378928561813,-1.5055605298258359,0
61.93847677973469,25035,0.10805239327196123,0.04309960971137667,-0.8288620392469711,0
78.68761990013058,143751,-0.5665566889561958,1.3390735150043795,0.6067098163795542,0
80.69393317981702,10691,-1.9015681153490314,-0.049101746746444346,0.24611681217313938,0
25.675515773781488,88091,0.3282165385545002,-0.9601878081995209,1.387402579689146,0
296.1971067916308,82341,1.38511200158328,0.28921787262872894,1.3007828298913673,0
583.5655808085556,43969,1.8602269954595607,-0.05134916567414003,-0.5243590026353909,0
138.31963035055304,154580,0.531918674094052,2.463511559048067,-0.09628831151592954,0
24.459652692222544,15029,0.9723932094247382,-0.9514302056806213,-0.8689583426447778,0
64.35131507484124,10165,0.2505186821325862,-0.21283044475320728,-0.5132294722168316,0
149.8705657974907,133051,-1.1250735552412374,1.182643701914236,0.6692379199038315,0
14.307998645968244,39056,-1.0321374862696535,-0.7977597537080489,-1.0745512497504106,0
38.17159690096252,79952,-0.45819823584539615,-0.00771879946480057,-1.1594656889113906,0
58.328676527400745,56718,-0.7197176956119749,1.1140845118240574,-0.6481853461986608,0
20.48066538291883,85265,1.210942429663306,-1.1996216479900386,0.4549656394119657,0
3.009886174364681,52810,-1.550755852072095,0.6356729557012861,-0.2440702762108594,0
30.07407039316009,164364,-2.0400363318990222,-0.013630617642396925,-0.927163450002418,0
47.9747270755617,169732,-0.14027175827337232,0.09921034574483904,-0.6489599536843361,0
58.65882189188255,111689,1.5599860884134482,1.4317723890358995,-0.3357160005828943,0
2.9098760718257437,160644,-0.7886245886790834,1.5450592179360336,-0.9879026242867648,0
57.48723732145148,40883,0.5609755172111621,0.8060547367222831,1.9445447900402515,0
19.626639527162645,122863,-0.7201575117230138,0.8192446372274294,0.5475139406152862,0
48.357628858975076,18073,0.7757726478550395,-0.7479146257884923,2.155639162698909,0
489.104185168529,24486,0.32006000834262305,-0.1319828173343931,-2.555188896601328,0
15.62266472575769,116101,0.11518697760675399,-0.601626013196788,-0.15531113665248836,0
80.79182598444189,113043,-1.2201375481098562,-0.14331895468340247,-0.522818612408681,0
199.10159596265015,33043,-1.2529381217751696,-0.9505459560856687,2.720057722377321,0
2.520516432536873,87986,-0.6233466034598226,-1.077648869057137,0.3585066475152589,0
7.85858022632187,147665,1.552378565808499,-0.9900886789579663,-0.8747523943333306,0
2.8420826985660743,164139,-1.0069592764625137,1.4099270066623795,-0.31529973432082775,0
123.8015735139468,122659,1.3545328652753694,0.025836051604627645,0.12587680885221553,0
16.742134487563302,62363,0.9915573028820545,-0.9192348754747497,-2.5560769501977965,0
46.13204950427866,127957,-0.12797437959290053,-1.47028972012771,0.10295849538863858,0
15.94230906204798,107255,0.9794247439285899,-2.3840345594398826,-2.201405054540168,0
513.1481723767216,146441,-0.7430150697638986,1.4566373805984947,-0.028178777717716676,0
21.00342014878518,48419,0.5415302238780412,0.09543911044276768,0.840701270114109,0
1.572578990577759,57198,0.028930074882944065,0.353955128530049,-0.018039699356169475,0
70.02053388153304,36388,0.1677347969634752,-0.29021803361428783,1.133408759693225,0
65.42812038396035,109620,1.7569044135101972,-0.9624172970526558,-3.2429870295634653,0
220.8533596530881,43255,1.915454605321745,-0.7500142430084237,0.5471033788945496,0
96.89713709711074,58936,-0.7679028030865029,-0.5194732853462164,1.0280238772157202,0
45.96569409898461,76737,-0.3999352742969727,0.3233511193290266,-1.0566557790173339,0
222.8179803260405,149501,0.32815039070446006,-0.2968872985632152,1.0312873203977346,0
1364.764803459209,29784,1.3505356515561946,0.8974276774592739,-0.3142056969063677,0
41.31523721313865,167820,1.526072099631673,1.5195593404773298,0.9260889471700091,0
49.65450195288223,26165,0.7806911214579355,0.6666508746153635,-0.5960449228424777,0
94.91767750134447,133661,-1.714465064585784,-1.8791638024842823,0.8720372936461659,0
342.3806499653507,142428,0.4872211990366058,-1.7920323440484243,0.12836002095677326,0
5.060986576290586,76990,-0.5221357652168388,-1.0471708024989106,-0.09748466393173454,0
470.29327513170193,154818,-0.91096085489819,-0.454509586739938,0.776948950953244,0
21.957480503104264,42368,0.2921926697588321,-0.9684691581549205,0.21021920851811904,0
7.0345159244682876,42423,0.792146027260018,0.8413549848259593,-1.6509360583223618,0
6.613148305256391,159427,-0.13590701331613964,-0.1819136385610873,0.5231956642547954,0
17.493897627148243,48260,0.3741706948163813,-0.4412448529082239,1.6935729320926052,0
16.24201522977957,23618,0.9890097244840972,0.3351399367396965,0.8584934082914194,0
98.18112536781638,61354,0.4619474206173852,-1.4414560199862305,-0.7697495028573533,0
7.314163373111288,104419,0.7422939189433924,0.8084059211530278,-2.692706788280525,0
161.50836053959105,75121,-0.03605399336350644,0.46116649318085323,1.018783078004767,0
83.82279022104922,29076,1.2092172185351224,0.9067770067503076,-1.2231657573904378,0
197.71927822411268,17916,0.5863295230777222,-0.7310581558332093,-0.437511804721936,0
37.31837690293226,95768,-1.7763404344454725,1.1978101361308127,-0.40663351088068905,0
7077.241232971907,141544,0.997444159673896,1.4641338499814338,-0.5173508716050188,0
25.004457029463786,157580,-0.5233195940524819,-1.6120066470439753,0.703224896867434,0
26.406560210466782,161250,-0.5521580105493714,0.5007569589225859,-0.15235014818106024,0
37.747010020570684,126305,0.10173335480746218,-1.8940676179848033,-1.6324797446677166,0
3.8648335666950504,12366,1.1712280548793175,-0.0457180163708644,0.5667586501403621,0
343.9168234452008,54909,-0.7927228975130391,0.7207655149873402,-0.8160205871702363,0
57.49290319892776,143400,-0.4350537120493725,0.44112699030707625,1.9949442664193948,0
44.406613427598565,74648,-1.9254918962122012,0.6999238607882301,-1.5307180068726955,0
32.45461444871995,96185,-0.8019720918324517,0.628891167208044,0.07232502316551433,0
199.6114200755363,159012,-0.5935911403691042,-0.8158975772114382,-0.26625184534223834,0
95.61220938334787,86677,1.2795241888363404,1.4751773891908504,-0.7744518588134516,0
15.90081079666014,95018,0.492337618895535,0.2112278995525605,-0.19443004382106124,0
777.5912134083939,3143,-0.6154045012148928,0.9463050543976973,-0.8157936645413818,0
11.350521011430038,82273,1.7037006383837894,0.90411533611894,0.24978457431032852,0
539.2714140947837,138143,-0.06237328675527912,1.0275102630574462,-0.22059662597054544,0
327.1372485626566,34527,-2.244565081571992,-0.34807898209531357,-2.0232760541553456,0
62.340439816396945,108190,-1.5952928806215314,-0.8329967244375928,0.3155494851502865,0
11.488347346568313,172775,-0.8574996656616256,0.6484831561373321,0.1353395890233333,0
14.455050934956777,160942,0.988067257144149,1.0021586211736864,1.7078173541154886,0
75.56078737508908,113408,0.2094658311746796,1.053164492553048,1.648605813024138,0
91.47638781799513,116189,1.169348728716164,0.18651291492889516,0.2911904813114171,0
3.648097544973172,92799,-0.3125441558590354,-0.18660214511899276,-0.3376725238627277,0
11.039458086436298,155846,-1.2337996198820278,-0.47354034976167425,0.5479390115928735,0
112.61364649978813,15500,3.201943321584703,-1.7620030412322323,-0.8350059700089802,1
370.7203775593147,106747,-1.541562453319976,-1.1012839773089762,-0.5449561957358916,0
269.94562844720724,139978,-0.8774276138492408,-0.11029260005534319,1.0402229129919656,0
160.52183324500123,139516,-0.5888493204840903,-0.031068251841984616,0.282274122550538,0
1388.476413961047,65074,0.34280817235328537,0.2778950985129418,2.021946126994867,0
46.76419564376938,14425,-1.60111738768568,-0.44384535840399475,-1.5402136452281998,0
49.35720743988549,132996,-0.6357980354803914,-1.0498608888895067,0.3562254673998858,0
58.49899532182925,121952,-0.20011924219106264,-0.7896735225198594,0.49689573214272187,0
1204.4609228112913,171381,-1.2045077112762332,0.17403018413438848,0.2721249055620411,0
159.69083187551564,146500,0.007691710120581054,1.028075715554086,0.1591554769134706,0
9.427327564479688,52136,-0.6703215157568472,-2.223043180736952,-1.219469430955664,0
3.788308550164952,43560,-1.4456137659036266,0.2726335108424035,-0.1402449043232718,0
31.91302866086686,3671,1.043939636738504,0.15906873243198363,-1.4943362215609202,0
349.57721527542753,69110,1.3216785342998996,-0.6442864264320937,-1.2838941765483454,0
55.84285723706681,128789,-1.7966766281189703,-0.45529991720927027,-0.3774694117897028,0
48.26079100216416,3857,0.2714839654138948,0.07081486634301323,-0.2142114404233133,0
26.202133433793865,127873,0.2478033480143214,0.3919330565179909,0.6924781416481396,0
58.9972873232462,98908,1.2452242922663435,-0.0697349893385083,-0.10993694394781954,0
74.05839709185494,54325,-1.36033122058669,0.7904755749776924,-1.378680148618614,0
10.429267372088967,36775,0.30607963653084835,0.33795777916145564,-0.48755224425499183,0
88.23006577405411,26321,1.0000454154122906,0.5929364226503036,-0.04770389833728176,0
56.702386585908854,75103,0.5892936201246757,-0.6416608558586545,0.5031438450644489,0
25.258154650225478,81846,0.33935444483484717,0.18149680633143447,0.8565447799046279,0
116.6714055463212,40024,-0.2585709675425242,1.1541955755808837,1.0097984339612462,0
105.3948325867872,55256,0.6234639256691021,-1.0272004381969455,0.39276459506775413,0
90.16648296618823,134257,-1.5193663719158266,-0.11202702269408817,1.303346753808966,0
46.50009985768786,155435,-0.2635113789583712,0.4107524738946106,-0.4699716992314191,0
642.4649505966219,35120,0.31928149780529325,0.53766894796178,-0.20331858155471977,0
814.1504271760703,23039,-1.761796372731792,1.806426709721519,-0.671673678279323,0
3.8207674198471397,47547,-0.3869535456244437,0.11721406244555928,1.2968083635924805,0
10.545186635143438,125673,0.5242553569382365,1.24606747886795,-1.0195846049307302,0
106.31378607785,134942,-0.9503302900090438,-1.1283671800105513,-2.5356087150260174,0
4.492062972296866,166040,1.025210775735109,1.5844289226371369,0.1474528078843116,0
83.47771778641798,31188,0.08078758206858358,-1.9328638160587233,0.3114442351065829,0
98.72342316022342,49823,0.9787363276896499,1.0492170603215416,0.9380773564042455,0
99.82334919291681,64746,-1.6622368421492744,-0.36684062004339985,-1.240325026714423,0
21.194260111882528,145622,0.4244680106799483,0.9900018398551281,0.1831581930818165,0
20.477986748161033,53025,-1.199611075235539,0.44003296660045754,-0.8274065591899996,0
878.3631048699339,85061,0.6655747369683745,-2.7667929621344474,0.35508013530573257,0
1245.2223431715531,161126,-0.37118585265837206,0.3095479132162392,1.0859148243181895,0
30.62326881053399,121867,1.4444440501871374,3.1179129026321943,1.070498905804499,0
137.02868020871375,136850,-1.1132829492589094,-0.9688875294083392,-0.4434841536415466,0
151.80777968539363,97222,-0.44546020175216217,0.6077451396400965,-0.20510379155806854,0
15.996292891079833,42974,2.1831048450592867,-0.21249856960654168,0.35491768989090544,0
27.748221820094866,63565,1.2858958728272607,-0.2606701333608133,-1.8771813528171153,0
103.3547552582397,3261,-0.7050974857287529,-1.407991774785568,-1.2712604994600798,0
23.543708729537464,56005,-0.20080549504325973,-3.127868041461663,-0.6544822171430277,0
207.87886501247235,65711,0.6041774821983296,-1.3560101571944374,0.6752051989210219,0
52.47785990534162,140334,1.0849380426391653,0.46508806580463324,1.6972818042983193,0
21.669227726323278,150761,1.1539226329431986,0.5298356298599373,-0.19735626868356382,0
4.992146925147989,85984,1.209201502311439,0.28903382214100803,-1.6776655410416803,0
8.291572674562289,99837,0.20590070680034597,-0.12671189017457746,-1.1777495701676213,0
313.83732561804067,108991,0.018705312800565185,1.9834251594329613,-1.1712037472136478,0
32.66082014114327,64162,1.7731243365699705,0.7150639391186265,-1.627108883723403,0
32.009696528696274,158340,1.1206302607513077,-0.1954068606870006,-0.03534958499050019,0
54.654099658681005,171648,0.33921931801573485,-1.2125554284009201,-0.06996003567018783,0
114.28289345191112,164586,0.5065494350018731,-0.7634558464189211,-0.6703489476351463,0
120.86887337616905,105958,2.4626211388522576,-0.9069425775460425,-0.23536637680609976,0
21.47625254009048,172391,1.345182391290051,0.012019711535415646,0.0181833300778058,0
18.651654318975684,46606,0.09196144225851943,0.04483419869040399,-0.05660249061677769,0
48.154907793537355,38599,-0.2802846079794296,0.09613584225484442,-1.419299562031286,0
139.0750132192025,81292,-0.5848412913552528,0.597385698434305,-0.9375663854637242,0
30.874936262266232,127942,-0.4744509235179056,-0.2897982236759201,-0.006461536592293901,0
169.99435517619108,142081,-0.3577621213141469,0.07507521806421218,2.02740346377601,0
17.18044461300084,121471,-0.4728850404790157,-0.8116838831104328,0.47762508671888426,0
22.209941584708698,19121,-0.29738339984838513,0.991776385982544,0.36305608601098477,0
26.58698086616929,117282,-1.4950167565748134,0.26709346766107767,0.017280187458498915,0
45.76490827604882,85184,0.3816350384155443,-2.7041263604682184,-0.197388772194315,0
11.354536717299656,107930,-0.10471024091279177,0.518241196519015,-1.5578893398993057,0
47.8198138218109,5164,0.6479638649450615,-0.7889604261579463,-0.4812798575874455,0
21.828888912038536,62496,1.0819539407668284,-0.07410986370284851,-0.35478140888537174,0
341.93634726872034,80754,0.03611590377245073,-0.944395120563027,-1.3491223301567055,0
39.630940410850066,163233,-1.301397446969346,0.40171537741433505,0.4927700339310598,0
10.01082839865286,84124,0.06920824908903256,0.590207908931659,-1.0828905425691189,0
355.87004791933646,120250,0.5561644365508192,-0.5476177274386742,0.4987487615667596,0
155.45875503571253,1825,-0.43790737248622563,0.00031826291387288534,-1.4465009205856287,0
500.10122332810533,130145,0.030679672515430464,-0.8502299421383126,-0.523832842025665,0
23.74414937688264,66024,0.861967091107335,0.51390548926233,0.8536565966169838,0
50.28259528695293,42362,0.8415398862906592,-0.6867307215189701,-0.22746771151710657,0
111.10193522015884,44590,0.23000105432112616,-0.19207685209920167,-0.5475129776282528,0
40.85333979454975,16972,-0.21230010057028087,1.6004546201784304,2.102670851183948,0
15.276912831689181,16,0.47441563300022177,-0.6040632237936712,0.3152769483692125,0
292.81226440237566,121946,-1.603449275893863,-0.42451359924455684,0.5659510950415116,0
72.217433079954,70559,-0.3733556972208234,0.43564321315908117,-0.4168363266655371,0
31.07953305299567,45798,0.5538353283032031,-0.7189600975239883,0.5227702537847541,0
84.95136186437287,97955,0.8207811275842352,-1.244503750346165,1.439795942907425,0
107.80256500173215,17216,-0.4034274397658899,0.28169095993461096,-1.2635470426753062,0
88.36680106382347,73803,0.7012605633609195,-1.6013031799002053,-0.572607278398876,0
1.241826306345588,166507,0.5592503860233546,-0.3112688631050516,-0.6930917146280218,0
45.95090770345216,149073,-0.5774408674451339,-0.5295640027623031,-0.672131558490489,0
14.416101371163013,163806,0.48221381234235366,0.5744219410620717,-0.06639448676307556,0
18.91577715397208,171095,-0.09438018035329214,1.3964370265210577,1.3542030384851333,0
122.26833013987869,60914,1.4239896387675963,-0.17747363665122448,1.0678692081814336,0
64.14024856120857,18729,2.101013439248381,-0.5784527991108924,1.218720396844324,1
82.05323597279376,153771,0.6033212758503939,0.8799039317010598,1.3304429877332615,0
117.87539950172145,14026,0.08905601423178976,-1.8721554368739208,-0.03282483387303611,0
248.4923052463948,159206,-0.20006604473959208,0.5028540751878778,1.4964251778888025,0
5.908575791234621,5456,-0.8804228687922898,-0.872704440773474,0.2014418484744654,0
195.2687464326259,90037,-1.0389823526753887,0.9257957667337082,-2.8559167150912272,0
62.25324300919598,135230,0.3163965010759788,0.039880341629707425,1.5190156585824215,0
0.7052021217071911,146144,0.2021896413332179,-0.2743529269748293,-0.00621170525640982,0
3.114921064703192,72083,1.1645107861260195,0.3077871035217422,-0.47395129187504303,0
41.544249998880225,164452,1.1532107399521414,-0.9858042143176412,0.5811375542809801,0
123.37383661026327,23655,-1.0809557759885158,-0.27151165504603847,-1.6523514853952814,0
66.89627276670332,94226,0.0020949993425646712,0.16988776413227166,1.714164049954448,0
194.46650126082608,84259,0.4952782439008738,-0.581629831450723,0.7606302660023991,0
278.5426158326216,40834,-0.723922725667771,-0.7346682693304613,-0.8317520866587839,0
146.52770951280075,77179,-1.160690459499753,0.04444402909461773,0.23201564188825927,0
15.111820053102601,114883,0.13105896268095032,-0.6821658114057474,-0.6299860222441823,0
72.82114420822035,32970,0.9853105360538901,1.2292261076839623,-0.7356508742869845,0
48.512301253646406,110051,0.6192761899380926,0.8311691298480578,-0.10892960446093682,0
86.29108184972937,122359,2.0741399906816946,0.29462837737294545,0.8927858656738639,0
102.36819842654437,82299,1.0674496045090125,-0.13638173182103597,-0.26049448854945056,0
429.1973778570872,82415,-0.45959701840900197,-0.42547855240037724,0.5763257972158554,0
49.942743940767016,74797,0.4632143003161563,0.545756920614606,-0.9795796344579014,0
111.07524433537517,94877,-0.3596883361998649,-0.23324806359354458,-1.2395635513459533,0
735.8769605837066,114968,-0.3019714652350312,-0.8248016636378455,-0.5158371377845362,0
393.25458044249,26533,3.5781832898678827,-1.2509120618209237,0.5520545013278408,1
62.924246539469706,24599,0.6342136310878319,-0.6257415130385052,-0.9391330934545433,0
43.932006477850905,119645,-1.0252420276524623,0.34909871657919916,-0.3822045967204702,0
39.745615260468554,136960,-0.08704749008278279,0.5801311782317892,-0.8638302162963025,0
51.49427935084565,155663,-0.7500648164518254,-0.19612237407670394,1.622705857605873,0
10.637669030539678,131661,-0.8881626463743476,0.16835310438993084,-1.0234839272373752,0
26.103375688663476,133015,-0.19761406836949258,-1.4480412987424038,-0.14419399148135342,0
90.06153491079286,14781,0.33270919992328607,1.1263563445733962,0.8808884536955598,0
54.90165576813833,155116,0.33284062155452915,0.1658079510975716,1.253187248196457,0
90.64368691394382,64766,0.8402097807132324,-0.3054052189598305,0.8094478623847317,0
84.32364274919196,99233,0.034376479661232355,2.364928834989491,-0.0156027085239328,0
31.085763213428923,135865,-0.9495303093124577,-0.5228352918362226,-2.5306584224582473,0
14.874868672820936,169091,0.43394839095477605,-2.0965271643640166,-0.3400009741244546,0
629.6694173577914,5605,-0.15223456520083936,1.5743907191463238,-1.0819585781342556,0
200.06309489174978,88567,-0.07542883611159183,0.584574199204878,-0.9559563021265488,0
71.84361008475179,152898,-1.9611049360224626,-1.5716802254085678,0.12228559525095527,0
21.769830583199496,126272,1.393021850187695,0.21935430843393539,-0.3548869955629904,0
36.27696322663331,165379,0.510251952876084,0.12385828308835471,0.0008956670818017209,0
16.950375490172043,16908,-0.7192952403482267,0.19874524289947418,-0.5374601281329531,0
51.548042992482785,33749,-0.30417691740811215,-1.1157288425816276,-3.468916412567279,0
138.97233694233157,14962,0.8833109095210803,-1.4745127505256739,2.3885453778154284,0
71.63131495472317,3323,0.01804887124555878,1.0380524024172735,-0.014440372826725107,0
49.934490975800756,110174,-0.5645164696500872,0.48127435339060404,0.9364326889986242,0
45.93207391648695,135171,0.06882647021205958,1.1112414477756434,0.4556031335391674,0
157.0405912273328,136876,1.814604722582225,0.9987288063996257,1.1748209014225244,0
22.299002759212883,123935,-0.5690465038799614,-0.909620091596463,0.6082121061323589,0
37.02682090798816,123295,1.3934315288911552,-0.1737445053371229,-0.8340082723781639,0
88.44463920383359,71744,-0.0943028214537911,-1.0906352229501346,-0.724248512606206,0
278.37612705497315,83652,0.12517092815182956,-1.1459137144776643,0.1542799304315355,0
53.038737541809226,161754,-0.6901765815127315,0.1556933212074523,-0.9098149904638743,0
282.82283513361386,4094,-0.7568214094360196,-0.1915843908290061,-0.1916457110564038,0
57.531459540744144,107848,-0.1768288974329486,-1.4456693884251162,-0.1182429029568624,0
35.929389316520364,72629,-0.6446689829121308,0.21282085342916854,-0.4111456284189092,0
39.61113638123035,109429,-0.7760821833355165,-0.4264461523191461,-0.4280888683847141,0
31.47501632772239,161547,-0.5036968027270471,-0.9826441581009124,0.7007574531978038,0
1820.27272561295,63436,-0.5829120424501955,-0.7674471259369567,-1.4593205825004856,0
0.17291012594360655,151776,-0.3102605030023337,0.3569485461787724,-0.7106561539209806,0
15.905570704689042,31415,-0.2465257720042056,0.3621264432603659,-0.2636669215655468,0
184.39769881574523,172580,2.2952112002296117,0.31939319806997285,0.9375376288419386,0
429.36811534723927,112620,-0.3283908375271743,-0.6176022574697103,1.1091562121342922,0
64.93554146001524,108659,0.8036798801932934,1.594191092339175,-0.4969124855921505,0
22.44225948312293,18408,-0.5067860304644594,0.5923943132161148,-0.6135902226483168,0
108.41716461533035,8806,0.5155480027007411,-2.2021382419623365,0.5436119887637414,0
9.342340697416228,102769,-0.3283853086351362,0.18777586461025608,0.2037562907004274,0
143.60043773830287,65138,-1.3896282421620496,1.2714775121208945,-0.49297555912330343,0
130.85716368200931,16868,-1.145485315899966,0.8970225887984731,-0.7789393791339126,0
1.047470689956972,152612,-0.7276585554799433,0.8404577601957125,0.3578688695214118,0
32.20488094723595,526,-1.9986110717180092,-0.8970471357132328,1.687385417911784,0
12.9467027899855,125782,0.3926096281078132,0.6574016330747002,1.5689735173334247,0
319.77863038145364,145168,1.0110385068105536,1.8366903043188496,0.5670084040896555,0
353.1946675592363,40645,-0.18262515000532725,-0.13285129553116012,0.17125235016249718,0
13.6440157349421,166243,0.46150023398292295,1.2124238331329618,-0.04974761388043609,0
1227.6920565011292,101460,0.9687656021478318,-1.8516384721448034,-1.244693713075675,0
20.871364506491695,92297,0.8388037955354571,0.7021429183627842,-0.34754100537191335,0
53.797811452805256,74314,-0.42687388084165506,0.867937527181892,-1.6772791681277261,0
1417.1655670718635,24992,-0.3554976481263554,0.9661271003374594,0.03554922920273463,0
192.29365781072556,74828,0.12369569508961095,-0.682243660447044,2.15401702746854,0
15.453348771268113,61472,0.7687401243645217,0.46288364196801274,2.6038656639794304,0
130.66968573138226,106892,0.7720087402894925,0.6232973423805327,0.4944524240466108,0
39.16290922259489,1208,1.0087386861889784,-0.08527495356156949,-0.7363743343667939,0
5.9596643639791305,72131,-0.03994377497219296,-1.7413733095100639,-1.298240584675155,0
119.45172900987734,99248,-1.0169504832530614,-0.25439498851776154,-1.4096444973843962,0
2.9208313968905486,47027,0.33565757487784836,0.4527765668765553,-0.5010382203489228,0
15.636416355004593,9593,-1.931951393525795,1.3534977771089411,0.29566089575929627,0
150.7301491082406,28337,-1.1734162178558738,1.6531899218006785,-1.1629232739910857,0
99.7400780994862,16689,-0.38106259083322747,-0.15126481168443726,-0.6984357821636563,0
34.62447807172155,61516,1.2692079537216658,1.6678580053708214,0.1165867685382323,0
519.721100958953,6935,0.7411084736590006,-0.6711525939038135,1.522235424385719,1
43.828267849706634,147174,-0.2829054480956587,0.257972453459608,0.3175726614808747,0
77.08328942687046,68089,-0.08079744788665319,0.3459202712144555,-1.1997910321740204,0
0.4697105599761542,70207,0.1525876419256268,-0.949121126298411,0.34433959414154064,0
77.80561608944141,64442,-1.5469393764069017,0.06125326913746778,-0.5975404632756257,0
52.03563429306372,153525,1.2240056225836078,0.3838980655837503,1.6707879876315488,0
151.46359705728156,54888,0.8307508111328856,0.7666113979466346,0.116438128330774,0
174.9224542395256,65364,0.21613275269806298,1.4495813316584487,0.7079513370812474,0
2.6176739550172172,172567,0.5919831495241759,0.656353249994839,0.19656496248445823,0
14.6373131649486,101243,-1.6885727968809516,1.9688147305699109,0.5546337660151957,0
5.147377817724969,134535,-0.9482821549750821,0.8204992861311587,1.387633432815617,0
13.624410327683364,95341,0.5232995698435362,0.3431116075270666,-0.39904910383744274,0
51.064533814190405,89063,-0.7948875011679194,-0.23966048751471328,-0.4778132576346588,0
142.2825651637958,98330,0.5594613180912293,-0.08188803993760194,-1.5584800206538074,0
72.62686050168679,93439,1.9836947645674858,-0.523372366587567,-1.1325500295221373,0
5.729877128628587,139380,0.1353364096893335,-1.3547700557748732,0.9440888267606347,0
3.2875408795519556,162054,-1.0947542670968973,-2.0996940962253174,-1.367120515338235,0
10.218709527105903,141841,-0.07233128000355994,0.4169681479765673,-0.3670359934879618,0
10.387048893145787,130134,-0.18643847918583598,-0.8356975074241755,-0.21070635299045348,0
14.813003029081697,164936,-1.0237595721667363,-0.3053212464922188,-1.3835406492601472,0
43.07695434491598,23461,1.2095423196112614,-0.21903507653517937,1.6999345186508816,0
2.315594199054524,30373,0.8764343501557457,1.7856637389621413,-0.9167193247798303,0
476.014352078941,113023,1.0243856073079782,-0.3404862210863793,0.18492352339333262,0
7.023722093751013,160232,0.4078938537894058,-1.1074663934340694,-1.1082441251870823,0
12.412643079565882,33712,-0.7367317028221368,-0.588381154008175,0.6444496257079145,0
52.00002297527109,35059,0.4383826375108976,-0.2543797705142725,0.8103459016387806,0
37.698583046185625,169332,0.4529873754025737,-0.770025520559601,1.1010212224518134,0
24.359656999561444,93366,1.6254538417722724,-1.720664215352645,0.2146851653198123,0
18.01028329274873,1046,-1.2651917782365876,-0.3463716768701627,-1.2380198502292237,0
94.92619747298782,34505,1.1417041789681481,0.9518709848565421,0.2023815712746379,0
17.70628211321894,166816,-0.8449498843586041,0.3098151512185014,-0.19389082334301214,0
74.30881916185349,93067,0.7727362139487892,0.543246387460253,0.5177434876443819,0
33.45483168709271,16490,0.4716880650131197,0.4622362585349229,0.19522477150928924,0
2641.131660376716,82209,-1.0508217533502648,-0.3015053362246934,0.9039215141817085,0
22.96926255385817,137045,-0.7112507646577163,-0.44398048029959436,1.12259882365366,0
4.833322345181536,137301,0.23527255560608137,-0.11284488604825599,-0.759727979039731,0
67.5972207315886,118548,-0.052741097187075356,1.1940020265957942,-0.2968106830502236,0
258.05303469376133,121529,-0.33871818310727775,1.5350497350888106,0.33337691285264015,0
21.107231919519204,34047,0.5963755106488313,0.7383851231835529,-1.4978150396449323,0
161.15131328563612,104971,0.39358989198097083,-0.5371738551249478,-1.4641057079928876,0
270.20288727802944,75913,1.7589846753882914,-0.4357152300500291,2.6096891212620434,1
2.228004987835217,75427,-2.304626667575456,0.10883053115069515,0.7860878212512543,0
139.5435711535731,4987,0.6504337597562696,-0.19223109110196082,-0.4637585937062276,0
3.6520566900100273,113947,1.3885468410997577,-0.17759014346506302,-0.048305766191647455,0
759.143840774081,84859,-1.7071177241521869,-0.8399727300240473,0.4935451871673003,0
3.6239225163380033,107385,-2.226412478555212,1.7016353189360214,-0.9342387682105375,0
732.7132667416894,34647,1.0871807910749942,-1.0211075658291062,-0.4472847910592011,0
31.185316607858788,16092,-1.0832392612057151,0.6588668254067706,-0.8789804055728704,0
51.74154004214303,42771,-1.2076297942436878,-0.48584630149567976,0.4417175105454274,0
30.17683804516565,18643,1.2162753782995375,-0.9547738020272745,-1.5795013127124566,0
115.87680115960595,90341,-0.7906965009139069,1.6400791489920392,0.009617642225001959,0
2.2569419393679753,90868,0.689679057512225,-0.0795046537836713,1.5266785806808563,0
9.781393029638629,106888,-0.5769182668360738,0.7484438894134879,1.6023044050821587,0
40.23066274984293,122688,-0.449041941519135,0.19501833248138994,1.3802856690786223,0
11.730254646148923,105410,1.1175224871819944,0.44804478725681485,0.7980944722659203,0
30.32526035007297,88909,0.7491475117922064,0.42349057487189756,-1.9950244087660594,0
214.63319123208368,24529,0.43947042659365493,-1.0878648036231708,0.36712795936038556,0
331.25799216810566,62456,-0.6395302085227955,-0.6649046143870898,0.34858673422025377,0
132.5769494772865,20615,0.1805638741880021,1.3393189543963673,0.046345431480658554,0
325.69762236523684,136902,-1.6761031539125755,-0.10989904786726011,-0.2831284767167467,0
290.19612191902723,79929,1.3929342752598493,-1.0972594886765772,0.6303926075876759,1
4.9181993871843455,32835,0.3760071828115479,-0.04307230233776157,-0.005701154946924434,0
15.358540988316276,116958,-0.24420096669130875,1.362973134131139,-0.9217395865849163,0
17.740958743104603,82404,-1.1343476081806352,-0.6532301367933429,-0.10135506017737372,0
243.9626560951028,75172,1.1936590613560911,-0.6255586967033695,0.468649875952339,0
100.70584776269841,68305,0.8157844194919045,0.7174381608434182,-2.2142041433038124,0
16.368090676692052,153015,-0.08257876153150792,0.8301610504421877,1.1458910510553912,0
203.57682170113762,10728,-0.0005501575001457516,0.17118990534930573,-1.1440165059151004,0
10.409364257596252,141985,-2.49725695209291,-2.0525626107033887,0.0764239965060557,0
4.311574089528151,125812,2.102534046543602,-0.2891803593909713,-0.8666022055798458,0
5.291789829439817,69702,0.174288614111836,-1.065158257018127,-1.1031281890699893,0
118.32583500751768,138663,-0.5203210033582333,0.024205698769414308,-0.9118977302781538,0
4.905369981407968,154646,0.7250162033791778,0.2768507171724427,0.8780992104308974,0
136.36351910349174,20143,-0.5063277154379431,1.1633336171067987,0.778624339672543,0
600.3319255255237,118849,-0.7768539395014304,1.062959975627442,0.859719718444991,0
212.76343387293906,166624,-0.5136520525696074,0.9990864495751957,1.0549873523139266,0
177.28837134269554,24791,-0.32308075826512445,0.021749515542061656,-0.8911304972482754,0
161.0480944743026,106759,0.9372670543278304,-0.006050938316222951,-0.8501797948194713,0
50.592270973685416,111670,1.8406288304271545,-1.0057870789546268,-1.0724520699806184,0
345.0958403075622,109865,0.7932473812483002,-0.5647346553775687,-0.6268096616690825,0
222.3125449505583,40875,0.17488536824705064,-0.31560973814179905,1.9348106154050295,0
154.89506265240206,69503,-0.44142272341084327,-1.0151329583179172,-1.2229544701893047,0
218.01573538299758,5585,-0.4755116346691161,-0.6262866978165864,0.34816749446082296,0
11.048884861798388,21199,-0.05300334370286682,-1.029758088765491,-1.8805582082447792,0
12.40612110917831,133323,-0.8313553017351075,0.012618264061624786,-0.4822319117878367,0
61.26647767993261,61201,0.34161893900388557,0.8445864463236791,2.2961240498227995,0
37.65144648033974,141316,-0.7434484579922509,-1.108604134041332,-0.7467662003721489,0
592.4607073822406,21310,-2.543146022737973,1.0663296119602126,0.614227080545921,0
439.86089843192445,102678,1.0837975762442966,0.3972767310320237,-0.4644750782072932,0
4.232619808066702,128801,0.37959424761519417,2.2802156002508442,-0.5697255654939565,0
304.61276972685494,87393,0.5235404696957444,-0.09773341183405915,0.3428658123934177,0
131.01560713211566,81583,0.694642118148653,-0.05652801044673294,0.2691198684184515,0
7.511828022759666,164857,0.3550181708946384,-0.3848823319843387,-0.9371078883039821,0
20.042686408151518,7485,0.9444875818473635,-0.7794188840122352,0.9294349604136136,0
11.192617330799234,77735,0.7244665783659197,1.6980835682518018,1.2949968070421085,0
22.39155080339331,43819,-0.41337133020403327,1.7699227768513326,0.17045527666842542,0
8.056474146530892,47346,0.9382110982600723,-0.3561084958008431,0.2893576190087017,0
108.31374003572765,133086,0.40360244634903714,0.8294179507174755,-1.7771918356108705,0
274.24193956610014,102885,-1.0657438481041326,-0.7240933529791065,-0.01998721002902952,0
173.4909287968056,50189,-0.21805304972958034,-1.5418235370861404,1.3629079749934525,0
1448.9521588136424,124559,0.4458191803030506,0.16980476513510756,1.2599014731354679,0
52.82305293234631,30796,1.5698933830756918,1.4840503042726065,0.4798784176859158,0
45.042423011917464,111342,0.6000753702026188,-0.04794760553049684,-1.3162300854242814,0
2.7975535234348805,56093,0.44800676647526283,-0.3939377068233564,-0.3249363382364133,0
100.78396012395493,154339,0.2935901139594668,-0.4622279910158221,-0.41359333436622164,0
54.415161838107046,147709,0.2359587033899057,0.4061422644163542,-0.7169224591196046,0
68.30925232812302,26576,-0.7556148101394115,0.04731315453176351,1.9202466667650189,0
263.76895838247174,98233,2.2012304680689123,0.459520773694811,-1.4106347008129403,0
3.475338694620387,26408,0.40259200137482876,0.1305004416877896,-0.6658538744454136,0
128.5629338339411,26011,-1.5562005229150833,0.4762012001721042,0.46135279244027033,0
17.42606537336943,68024,-0.8859732986983866,-2.704468159442866,1.1790276003411517,0
557.5377573575162,68745,1.1846930666980497,0.6632757815397948,-1.0840926581960322,0
9.991915229257907,61396,-0.7674042503149443,-0.49166774906685107,0.2038726244067403,0
10.87562748018616,55700,0.6192600734366515,-0.45839849634161045,1.1139038085192463,0
54.84934116696294,74992,0.5539760803265683,-0.32599976926842084,0.43895041636766874,0
34.73091763280969,88499,-1.5146346691590156,0.3196630538726612,0.15513014336285472,0
18.890734656688537,85549,0.7394525926151874,-0.7690853259746945,-0.9684656357893451,0
4.123138309752336,3883,-0.6704366776950418,1.8350867265204032,-0.8935401864853812,0
165.9374103252705,60526,-0.10716877233289096,-0.9638066933067132,0.5209629058351318,0
158.1439408567839,170801,0.6893376567344686,-0.06942196871741711,0.5264770863892531,0
73.65673815604056,126822,0.6568198794202251,-0.9914274501775433,0.07894506040135806,0
15.201891347817712,17857,0.8303246638786058,0.02677595546419804,-1.8803558755610332,0
76.79886811093824,129774,-0.3185628040998852,-0.1394892514960646,-0.046061521269129664,0
113.72321140419837,70278,-1.8872627031495923,0.08542160839567071,1.324877853387203,0
478.11196280689325,9718,0.14630501499310947,-1.0477025585482749,-1.6103626819607568,0
3.9492932481777085,108484,-1.687758698862264,1.6852871282150659,0.41477576749335154,0
145.7141084435559,164231,0.08739103598107065,0.03249893294676474,-0.5738531635876478,0
1.9237914863899421,136344,-1.8050966502568508,-1.2283086796374194,0.36301855577521097,0
11.007417414101099,100695,0.7010012677189865,-1.455476722528272,0.37188460220038344,0
16.767551855389794,5678,-0.8150670368296582,-0.1741993465419554,1.2715299196510923,0
7.0518762740165695,97148,-0.788300735045307,-0.8118288990962971,0.566344711929856,0
230.76462875135263,30845,0.6246736477958461,-0.6558792694080443,0.6913632853069753,0
266.17443845234305,5725,0.5262485386830472,0.5999243071869604,3.374654579336015,0
224.568946459189,37535,-0.45318208834429324,-0.7935919164532996,-0.10590506608814107,0
27.10889172687706,94303,-0.12520685332694992,0.3989048365232947,0.29015473905553085,0
27.15076898752587,3048,-0.4004747393213593,0.34430503747451147,0.24494182165737335,0
8.12545806542051,141328,0.031002272940776922,1.5279943071147604,-0.5689478401647917,0
47.11024813354252,116524,-1.040896147722047,-0.03694421281209535,-1.2780292947916345,0
151.72038671106253,58639,0.18277150129369146,-0.3258260324757829,0.6849036792907164,0
34.054553614228155,66533,-1.9975369184657306,-0.8599245491170131,2.4165948664500463,0
189.42357762378543,20428,-0.5988277108213229,0.5830232735736647,0.1985528168079079,0
2033.502619191073,163771,-0.4828893450811025,-2.1058598471335888,0.2833748704480415,0
31.572013524075064,118724,-1.1101981239674472,0.3818386788584524,-0.06884176682664192,0
84.52678591631508,153138,0.9870688251190727,-0.921627182413468,0.299453976397122,0
1369.8346192786685,17085,2.1255366780118816,-2.2579952798627843,0.3071112720578891,0
147.57284274587704,91937,0.05810866174898475,1.8713464884725002,-1.047435516603628,0
9.626361420947383,57163,2.687647655045599,0.25067670871064657,0.0700648062989273,0
13.94993535947502,151836,0.07835053233308249,-1.070033612488451,0.7599386137558855,0
64.12561747143397,131904,-0.5905851088881497,-1.3968885675179705,1.0351861570085077,0
151.2510032540415,159515,-0.5140917818986441,0.2240750193456674,0.14968494373759172,0
78.8597869291987,12738,-1.6248509602245904,-1.0711787458707807,0.9912830048265041,0
115.04350782884711,2080,0.13351017185489017,1.0684047780589498,-0.03047204344234096,0
41.881271886601795,102820,0.21166527148221465,0.850437912844932,1.4130715501387687,0
24.645974292397003,104649,1.197054118681339,3.2509083191963715,-0.46560766920591107,0
225.84874501363734,32716,0.5567986027252951,-2.406871540148751,0.5530914741661783,0
13.465058372606782,92449,1.7496936133772965,-1.4955927705021093,-1.353549759743225,0
83.22217805134953,8002,-1.7892347300963465,-0.2643630215719843,3.1683307625151538,0
152.95765306889416,146874,-0.5843836364697196,0.4003005535554039,0.47400035298385657,0
57.283133355899736,6846,-0.6808449563592769,1.52900101316403,0.02231558693172967,0
445.4269029972879,1987,0.0299154251312936,1.552014556499292,1.4581219381549868,0
159.15831142259677,164805,-0.8451092698817543,-1.0248328848384405,-0.9250122587672291,0
2362.167307848042,88590,-0.6940424963409771,1.1033172295797191,0.7193556302115144,0
629.208824897096,157871,0.45177908995469984,-0.9429169737361568,-1.8270183949415533,0
25.60627959686366,172268,0.42501731811355103,-0.07285244984979862,0.28991074048581095,0
174.86983038311496,140285,1.07337131901451,0.7571148474555356,0.04051608254648172,0
26.77080913014616,104861,0.5623274340619849,-2.040803026633606,-0.46279010770634654,0
685.886699227204,144407,-0.2405964387800553,-0.836485210803942,-1.7573355324728968,0
29.169851159624386,103229,-0.08154988616563619,0.6870573193607072,0.1624245545480017,0
321.44827344919156,105076,0.6720808406014694,0.1820901646414611,0.7303712887194821,0
126.74902431621244,111371,2.9786461869457517,-0.846279231497569,1.6293706623403685,0
11.718840444197859,140702,0.3466129835717763,0.25154126358481715,1.1717641696081174,0
20.573731002610586,113607,-0.514044146979355,-1.6170737190697675,0.4147383293145335,0
32.62866216904519,17813,-0.9970529563796788,0.11313905380921158,1.951514873729931,0
38.05047409487068,71504,-1.2279626234965035,1.6457697643352422,1.878217913385592,0
853.0702159149189,44508,0.709487873671332,0.5349136804264217,0.4295569958415875,0
6.601573669966111,51962,0.019233929501398742,-0.9672408167363209,0.8376787397264019,0
73.88274856169298,102335,2.3086322237983246,0.4506580787841234,-0.3031671867995721,0
10.871658407830587,16942,0.4729095696951802,1.207660048439075,-1.597048404562451,0
1.3077224223656658,150371,-1.3196580669101148,0.2545647540531764,-0.6913538942011768,0
206.0017123840451,105023,0.22891695205247414,0.11290338711841069,1.7915112209019832,0
47.18298186872023,8174,-0.5647326948841602,0.06233576226114031,0.41914413549424856,0
609.1721295779871,140679,-0.18058921081625148,-0.5084971708917968,-1.6087718591663116,0
15.874238006897473,133606,1.6400510401480142,-0.6972034263387095,-0.835827026801872,0
7.132035271034784,70600,-0.31372917815402895,-0.29186264787321337,0.5199686073874915,0
520.6601119931911,139638,0.5743903651572851,-0.03983586012901536,2.10808693116473,0
122.06867891551799,148010,-0.5326552732742442,0.970686355990229,-0.31136549196083413,0
106.86265369405027,105209,-1.2592057301232924,-0.6762454816043438,-0.9189783256577855,0
34.82919302003894,40794,0.8065181565734423,-1.0200398794764918,2.021429873048628,0
7.258589264621945,98538,0.15968964235307254,-1.1140429337350826,-0.5918914591012615,0
51.392853954792336,14450,-0.1484294186931004,0.13984456762043262,-1.2799638550654175,0
71.51244956403777,67561,-0.9973489879003351,0.18727160676752772,-0.2563230907395222,0
76.39148225108549,133542,0.12989217029308803,1.1223007373171154,-1.0938554020672269,0
217.9937402027751,155991,0.4853643258616669,0.9286926804086177,-0.1001629605647943,0
149.16819692709166,75630,-1.344960025476993,-1.1153718217802764,0.4694071919459397,0
15.547368749038739,21169,-0.18454776799743727,0.05347579905022421,-0.9446743196563876,0
2.6769417855541513,113000,-0.2580586417750955,0.27913925115370347,0.7974729451166302,0
93.6459584003913,166835,1.4981982183620732,-0.21553336740087575,0.5074567277317861,0
88.6572865464035,12697,1.070722281959013,0.17006920058442532,-0.9506797242314157,0
116.85233534958657,105696,-1.097374581893,-0.6533252536599982,-0.11142293773463427,0
299.06326669355474,40868,0.01631233934210837,-1.0496034477254583,1.7802237409890533,0
33.21006335441512,100086,-1.1616988262954124,0.2830690780664978,-1.0363813817881369,0
51.31556886526193,52657,0.4364968449453706,2.22663980223134,1.556232290833716,0
9.148823035733548,14063,-0.24834459653588714,1.3421092063447677,-1.9431909761122204,0
20.262029089227962,9515,-0.9343969009939673,1.345442819942156,1.3784940610524992,0
3.364057460274575,167661,0.011888914421543903,0.026625978192216033,1.7318944164123935,0
44.72332842139827,82445,-0.2502717618729204,-1.1907326200277442,0.5905039425553126,0
30.09403570088049,99138,0.2463571061262324,1.0694120041475499,-0.05803070990042136,0
66.00224975160717,129079,-0.24929661302755188,-0.32498669735328617,-1.3773996738513707,0
140.7290675893246,90236,-0.23571816499334883,0.2924970778233907,-1.126792462101478,0
369.31884213520743,128161,0.19378391618425023,-0.24987580139064758,0.36790145197167606,0
366.16016313144513,120179,-1.3359545875454306,0.7522029438158816,-1.8496204108989072,0
327.14962424983696,83725,-0.3452578474454445,1.2958108214234938,-1.0214525285518712,0
628.0343953869327,159045,2.09647620554557,-0.5988168266652745,-0.6800514916440513,0
461.072267206841,63474,0.39906518729440016,-1.1375809847361598,-1.141273803294614,0
101.7275590929302,98247,-0.8542839790678566,-1.717971166585072,-0.3439526891669718,0
326.9049378769541,4966,-0.3790559956788136,0.15199998604604376,-0.5239987357738718,0
1503.8511081777965,81560,-1.1415963068770634,-1.3055774832833558,-0.6044970588227526,0
7.590048940612076,27785,-0.7702856814779829,-0.17796965256805838,-0.45060821748083707,0
45.27113676783109,128383,0.14594995715715203,1.1230477703988477,0.13117357287225964,0
39.936779216566514,87787,-1.4944674448275723,-0.18168231764992004,-0.4001158166763835,0
123.39618951870588,21552,-0.38723951091304476,-1.1511842762234368,1.0394837501667553,0
43.0879654938666,87008,-0.05018742382766929,-1.0521347748666894,0.6397647281476286,0
147.40678527685037,37596,0.7493042260710482,1.4493900674240279,0.6176712090497165,0
51.406420341766626,19450,0.926353772343013,0.8272748310077457,-0.8979582203077427,0
128.47840201852281,38082,-0.9847456353740698,0.9244148167870269,-1.5303665626557987,0
63.24238532277153,95856,0.3996186573838882,-0.7506982964375956,-2.490212531410023,0
240.54644520321503,143914,-1.3104712416432904,0.17865583018301334,-0.042971474633356654,0
336.8529718931553,55413,-0.7828377291793682,-0.4244824438420641,0.681553897363939,0
76.38803213227749,164894,-0.06907812161754956,-0.570364923489383,-0.5004599103527781,0
34.52043047311052,75045,0.9719698325667296,2.3792910099406503,0.3903187932997996,0
60.64748970476642,108345,-1.5524674501436255,1.0215427085567492,-1.8761212609523812,0
108.84863140795953,23694,-1.5729675849054419,0.5570063651407146,-0.7927735819653383,0
7.846680398574734,34980,-0.04419573495543687,-0.0809725595049658,-1.2282561256868176,0
76.44025728180671,82273,-0.22247264232967556,1.2592911081229214,-0.013176935010504239,0
187.4525424319042,100628,-2.5400913159152934,-1.6990223904202049,-0.30353096078610503,0
397.61643454986086,22701,0.9948030784965034,-1.5104426157422592,2.2682075215806883,1
31.66786770610415,86665,1.1595688769296997,2.1641342464772633,-0.400104427400766,0
235.79639219651028,95195,-0.7867728617542004,-0.7901207806897989,0.5649631740142915,0
1673.1740911005352,102171,0.2789064006383675,0.08424609867917311,-0.17267870801479424,0
18.595187758299545,27663,-1.3888869059112539,-1.9133514533468565,0.21496076082029872,0
88.56679299268804,65355,-0.7906312243877452,-1.0879380208245493,-0.7971274016136257,0
1.9803964194064516,94240,-0.34218235794787677,-0.3034827286931895,-1.7654855259591975,0
8.134085689296981,12911,-0.21650314375576088,-0.30545308992104453,-0.27555665772684323,0
28.50032953874589,19046,0.15919736699312714,-0.5222739978118488,-1.3155671923490242,0
115.00227634478723,115843,-0.7411507565393373,0.356247986789277,-0.18832802751489694,0
213.86044486532106,130904,0.4856671754656795,1.1377806255243101,-1.6603979084958298,0
38.93808312792866,89782,-2.023390307359894,-0.5321333687481671,1.1129692544771563,0
276.51667579955796,124768,0.28155909834204257,-0.1312885160661445,-0.6546463054797738,0
27.88413787838037,63887,0.8236043815155593,1.1212715901829096,-0.2086240425794243,0
66.42748263315858,98228,-0.12572520854900385,-1.3001870150699109,1.1609582762811068,0
281.8252724617295,12873,-1.1886150819954584,-0.27913383387629437,0.5984223674703822,0
67.3929090069861,130249,0.984731728456119,-0.46090987428165225,-0.9078207587655619,0
29.437369732812,66988,0.08138205522623286,0.2347661016910173,-1.1366976807539622,0
21.263556171426604,124361,2.8315503513995504,-0.5744410070910033,-0.8365959014221802,0
13.071565583286702,138663,-1.300985415456784,-0.5541320094036626,-0.35909849067331284,0
18.78474603884562,58451,0.9831963712545014,0.6759611646803809,0.17029047092616686,0
6.940488424757201,166866,0.4156392498189951,-0.11781795219301569,1.3157315517750996,0
40.59193080892988,40584,0.8409555523836869,-1.257056979502604,0.7283415508894889,0
76.74987196806134,138383,-0.6104462021158659,-0.9587717363160811,0.4359683409200966,0
12.142586468143536,7312,-0.7790305264093323,0.6615590592286622,0.16296612306853353,0
7.396318219282022,42202,1.5862805402969489,-2.102170324627313,0.8471767455376753,0
4.549717706375655,117095,1.4241878100827314,-0.5893157078017925,0.48400586258712675,0
8.192772716288331,21500,-1.0935554759303097,0.5956857154012181,1.1763119698639688,0
7.493780228926504,39215,-1.6338206416829455,0.6347419068486139,-0.6232307459568006,0
39.88245807709802,39974,0.02242659119955621,-0.2089832025803137,-1.3323340385218132,0
148.33433575346402,42124,-0.5582032032695964,-0.5397013397853251,0.34748880115342884,0
389.66518177350406,138599,-1.341895479708069,0.9021392176024938,1.131481813143157,0
3.095903026395653,58906,-0.6514566862784513,0.19699872842704672,-0.4942971292781956,0
71.61515168014485,99209,0.12024017343979464,0.036138476810021934,-0.15207725396198046,0
279.53372006453674,143944,-0.80725360562276,-0.5557306810778931,-1.4482785230461326,0
544.8941550447244,30030,-0.06954022548801134,0.8156917651818992,-1.9069076931872853,0
4.830403176508513,29367,-1.5172693973057967,-1.0490183621464213,0.42883244694399764,0
1379.9101761236302,12442,0.067281993058327,0.5810747741515437,0.050393954575829535,0
73.9211153726995,2684,0.39943304194088003,1.22544242394594,0.4610842815918152,0
13.93313678889188,9275,-0.30047710320234716,-0.37340677105047904,0.9447831820351245,0
3.6425240038481173,126041,-0.5908627985300903,-0.9402626177133294,0.8485489753989606,0
24.33253985220073,166593,-2.0315457963208683,-1.8383150746387418,2.1269123946640707,0
135.12244054370265,4574,0.15954273010483142,-0.15660836679615198,-0.8148891380773496,0
289.7305803265838,65524,-0.44852457126325734,-0.832102211939,0.016052525525609367,0
299.894342445699,119318,-0.40631867343584377,1.3484104081262527,0.7114120782010516,0
14.062688190960367,74134,-1.0805427683977045,-1.86315971656904,0.4369891831948556,0
249.37458275158033,38787,0.5007822565169906,0.3434387809902125,-1.1869006989514221,0
11.368181680410665,120913,0.7088659177944151,-0.8981316231787861,-0.7043065419985196,0
31.56401396306599,97661,0.6091893313348757,-1.2010753030023888,-0.3094214841017079,0
199.78397498878795,142127,0.8886628197703732,0.5935148488212769,-0.8376885840663981,0
496.39780121317625,46873,0.6926533766221925,0.23797616115220577,-0.9686928234855896,0
129.92635441864513,75186,0.21017451745325122,0.2953747297406954,-0.7904608673210789,0
2.0980234368990622,1354,0.7944686194799044,0.4033410665693885,-1.0951623785479336,0
262.4522263636958,78735,-0.42507343056338837,0.2432398066246898,0.7047930149718166,0
291.7635597509804,163543,-0.7013362526103881,-0.19194471511279715,-2.00323652177959,0
175.10837262513496,71041,0.1887250851952709,1.0008209497958778,-2.028995745337156,0
23.54912217283955,152050,-0.3773245158701787,0.03833611607277791,0.47531982384273064,0
348.694465835883,18637,-0.004355664163086262,0.8276419584257526,1.0663398291801953,0
16.099208593573856,136528,1.7320210738754256,0.22728864683490488,-0.7913412989270588,0
9.14351380544712,55037,0.7646303613197197,1.1896832278916043,-0.125730931769773,0
175.10705653918617,27134,-1.9443643423637074,1.085661985632173,0.9605002393591439,0
197.6483486530735,61700,-0.5862412622696921,0.8445531506633774,-0.8191504702631136,0
7.353285716024322,58418,-0.10515324729533243,-1.426578488255252,-0.2612705544644278,0
21.17658661986143,114082,0.25465338300004053,0.3591212133978151,0.3535907169771569,0
18.57378946923253,36973,0.11796605823144148,-0.09280120269995332,-2.371789539029809,0
142.02271712148107,28831,0.30019523877250437,0.38674302869131416,1.0906669693333064,0
24.03981918315663,140313,-1.4767344361881212,3.192784536996821,1.2119233767367341,0
52.400887038239,157938,1.1778925474848232,0.8868413025445983,-0.005036812767906709,0
8.27465944833633,19307,-1.2930376650132152,0.09483410376523775,-0.6090903377152924,0
4.16383915315858,130877,-0.294765129845773,-1.431519620667697,0.08751381705842017,0
371.1095654544066,20782,-1.5202733708175225,-0.7010615495018346,-0.3238010925411545,0
36.656587741873125,115455,-1.0426621063076242,-0.1071701036935828,0.3880867080150871,0
31.377287122528077,160047,0.687176406286206,-0.1782956453250602,1.365509271124548,0
35.55190236448045,119454,-0.08727743833332116,0.9357755748789884,-0.5769109517535136,0
498.1911896045298,5420,2.2655339731516957,-3.093657381759031,0.7550963169626325,1
435.6320963350626,54820,0.7696867435620127,-0.7903124511638939,-2.915099403014315,0
45.349582931083944,108877,2.4303034135313,0.03037342453017386,-0.4877357401909291,0
46.20836803462768,139111,0.7947600584836534,-1.00147791414388,0.5274630085903512,0
52.87597402521031,28317,2.6233853457949308,-1.7985683569595639,0.194313365068055,0
18.422010981771155,120198,1.5683917060033605,0.02389279540941978,-0.9735732578546791,0
77.30534800065985,154506,0.5227931332873682,0.6314230001155244,0.6557192880904165,0
184.0836118389042,45858,-1.320667728516694,-0.3118836388913098,0.052158025531347074,0
143.56354183951595,95440,1.5455265422591238,-2.37735407541985,-0.06861526237680043,0
65.58614745591329,147623,-2.0736817156798764,-1.34690567214163,-2.1003663552777176,0
22.98502700484665,71988,0.3866711352880274,0.8335199355981309,-0.9787735699213341,0
434.0841835293915,86569,-0.47231737602350155,1.989083703564488,-2.1122057676125623,0
38.91327878320793,11957,-0.13099290482614936,-0.31444370221799683,1.0352252488900717,0
16.032156611227734,153441,-0.4885262810286941,-0.3132989201216769,-1.1155155638649632,0
117.99932762642811,33282,0.9443229821221635,1.2019829007846676,0.6581911276532493,0
23.79620328185258,170372,0.5961018368096053,-0.2433478688500095,-0.8636755716457974,0
127.34613975079925,69015,-0.12561996067613454,1.942657707894548,-1.3624068825005542,0
38.29019755615622,95369,-0.5843158796796561,0.3853770216406373,-0.4442927350219063,0
67.26167423442706,143043,-0.3448705097997976,2.02420603737979,0.8877683569558371,0
75.77747338732893,108501,0.16685670579326833,-1.3923929926872798,1.0166067329830082,0
683.199733163187,59117,1.4722915487827855,-0.8819751400639811,0.27679215045285405,0
314.7167703123972,111093,0.9287444765775053,-1.1247305359509945,-0.8553036699407196,0
104.41720136940955,115087,-0.24006651773454463,1.3060852538320677,-2.0849187283601727,0
2542.1219866031283,95595,-1.927310398800596,0.22885303393664622,-0.9135135880380348,0
26.726850309879396,50799,-0.7781587161623965,-1.4779763825698502,1.6235883728346416,0
13.74840905902889,87562,0.11933637902614841,1.4137483420890837,-0.4613213724538756,0
11.963297690050537,13448,-0.9281705524190459,-1.1261401279544245,0.20321224086548356,0
341.0204405768848,155022,1.057894205645926,0.3447319930367692,0.9467321515799132,0
514.583381197542,103303,-0.7808594191549978,0.9159027029191296,-0.6359346333056106,0
83.58520979443213,3534,-1.1809400196317283,-0.953803506748881,-1.3774190288958466,0
100.09065098656421,172115,2.1732704275202788,0.3026691875657555,-0.33630080681288144,0
69.09341582162668,108380,0.6249589715349111,1.2783931540864704,1.6318255993371404,0
12.65694457744377,58552,-0.7110663326125033,1.3262426678324364,0.12420061973568942,0
117.90758618079181,6123,0.8412967992969753,1.1366302803756376,-0.42853394996493877,0
34.343083507226545,166561,-0.9986298159972066,0.33897097084391464,0.2811562545792759,0
12.142048020511043,113741,1.4659861726365704,-0.5856589806310816,1.1010512646130544,0
72.23420482366862,39952,-0.03704953080571096,1.0444006216759216,-1.3037706159886944,0
36.40108542092045,65036,-0.33307433653386603,0.16903587228149794,0.2078586917852807,0
68.09794255493817,1363,-0.6417181768084298,1.032867773870037,-0.38445064604979434,0
50.54729408799797,18632,1.4692673150373263,0.5729696570650432,-1.126267091354591,0
15.937608271245288,11817,2.912281146582346,-0.10990727796109923,0.141081532739255,0
44.37177407462725,162550,-0.3448913920557536,-1.1220067283433282,0.39678548817729026,0
453.51815082240546,89694,-0.21086001627665063,0.44285644430959004,1.8865863503292524,0
544.1963033192718,136942,-1.1193804419770295,-1.8740400678505236,-0.15477385554157447,0
1023.7587177373993,143977,2.5598428176151797,-0.6401775870183652,-0.9316396588706911,0
97.30194496831416,105109,-0.4727767705217718,0.2732153342327199,-0.6397988587097799,0
17.57210584787766,62679,-1.078738072388513,1.8610247465021699,-0.12746607844138344,0
8.378363693431726,156651,-0.9130504315394745,-0.42018382173224766,-0.37271719167799494,0
16.126734803525977,67107,1.0678033498221822,-0.08209489865281652,1.5804210328878436,0
145.05121355013222,50317,1.8844342292213254,1.1266007871357135,1.0459261021496855,0
48.83024308983981,119623,1.4606014677494614,2.397312211037224,1.4007810830923428,0
185.53648246235682,48106,0.379740650341982,-1.4696396302864292,1.00956683081835,0
61.6786065602175,131003,0.22637489651614784,-2.518946169295558,0.04989698515250403,0
68.61645042177308,171387,-0.6488877957541485,1.3264467275456127,-0.05022928886104376,0
57.446500323190314,32481,0.519706811057661,0.642068823790523,0.4006031822072506,0
161.88523659140415,29738,-1.635553731726089,-0.3291934650972145,0.4867642505989455,0
14.3585613001058,34638,0.6559274242115021,1.0413105281510118,0.826002870942862,0
100.85777782808448,84285,-0.8308978302982771,0.5449578978898539,-1.9028870956245054,0
30.823995304457608,134048,-1.3398860320030481,-1.3746132256838282,0.2224555127999696,0
37.72884405547427,127059,0.9328122369264712,0.6620472704830757,0.7474845136616544,0
71.63574019476073,110363,-0.24463353168329247,1.8936117707310516,2.0382788774634455,0
1645.8945037838287,6732,0.7153102000563938,2.019065765866012,0.7392418873295945,0
553.3004735345357,72665,1.4311090199557044,-0.3525780246341097,3.07732972212143,1
203.7813488337,12003,3.6160084994824357,-2.3707554010485934,1.35516868790226,1
51.8280933773256,25345,-1.8572090102808716,-1.6915239957925068,-0.3377617844792197,0
12.585408348079625,254,1.1449388664952669,1.1791835800338422,2.314564125230266,0
9.302980902372942,13369,0.17990643332971615,-0.8991938387054186,0.36455599095807095,0
355.6937193072082,21861,0.724486390380054,-0.9137153533879303,1.8078764658868731,1
34.81971635447695,63872,-1.209687970205364,-0.4971154424993848,-1.3792892287254075,0
4.938448841297519,77219,1.0308318315781748,0.8903091620255893,-0.6903703979225914,0
442.9804845697989,28887,-0.6286682396666952,2.1040409249052674,1.186887807877594,0
83.56514735458659,128457,0.6039776922842192,-0.1797436848499935,-1.2762909317745057,0
4.752573891469252,26190,0.18625267536176382,-1.6331286102061862,0.2998615748747688,0
6.378721780614765,37595,-0.05027764937550174,1.9619230142674304,0.17595304210620819,0
62.042161271926524,85802,0.21089505653462412,-1.2599205408769916,1.2049394535249045,0
123.51103798988605,166107,-0.6103740434844209,-0.19937119472983228,-1.7840453362467172,0
16.302207330177676,95798,0.29269130296216717,-0.43982828488770426,-1.8426705691613539,0
133.90742896121537,36801,-0.05122244180493512,0.2559910853053411,-0.24636951183853098,0
106.86462430587385,119870,-0.6435927021155332,-0.343238367579283,-1.6677575309132922,0
44.01412940253771,7344,0.3157724762410729,1.191526227679754,1.2309631295415535,0
166.7137992829393,111466,-0.10881519307257756,1.0175787422918168,-0.7010320890691071,0
21.362903739983192,98120,-1.4066090020032442,0.7230205472594718,0.7517131755271351,0
1404.7071160498826,164411,1.2603018858761157,-0.3943794285824568,1.1104526709234197,0
60.93425441773826,42926,-0.15878827957021457,-0.7087262096808352,0.1651562972392291,0
107.56569287000897,3770,-0.5608047878285446,0.5595855092080866,-0.9383558123386798,0
5.890503027752081,14559,0.49982647323052826,0.7402566449948929,-0.2103798807077791,0
26.98694696846178,49987,-1.1997072881221829,0.13350515554977,-0.5250813788752084,0
55.89901134879793,34018,-0.11690964900850807,0.2630107860153294,0.4657458099217525,0
624.5414420326161,130112,0.364316422589904,-1.5603435266276173,-1.4187442207098917,0
57.457245609286055,66761,0.2736644514929648,0.5693673472490074,-0.3731620599394757,0
45.150617616289516,12281,0.435228640819133,-0.48323538470656885,0.6806571172814725,0
30.252614997849264,106360,0.012407841005039368,1.7119384370899253,-1.1697789945029315,0
122.01299420179788,71794,2.166477072016028,-1.3393781645054408,0.051255690109298535,1
74.55458418569194,11075,-0.8804963820590815,-0.3133899617875706,-0.21649677981011334,0
23.7285705554968,146130,-1.9467880486242746,-1.1981772140760858,0.2638700947854038,0
12.711599183657992,33585,0.8834891467639889,-0.761807181197759,0.37088620145888856,0
90.39757524608513,71082,0.8299788488789844,-0.6060852808468231,-0.35087818451124825,0
2.0173627015062614,109365,-1.521343952463862,0.4001810652142796,-0.3237595544611865,0
3.701672458016864,54757,-0.3262956648259406,-0.4122706527916602,0.27080049371391396,0
89.27456406058644,102114,-1.3144636599647854,-0.5441167799031116,-1.773085146471521,0
14.075662031491843,169632,-0.3040363925392352,-0.08887900474920522,1.0237825943533614,0
32.64467365038425,7509,-1.5663976863643303,0.318443743115105,-0.24533282515220362,0
17.303904962343495,102793,0.8343362020998417,0.7427366140807766,0.07799587716894904,0
37.93794802336499,146746,-0.8130773379721395,0.5463520755957008,-0.8797631662006147,0
39.19517840094882,105852,0.17383217841803444,1.3169126053498814,-0.49500029713065763,0
2.396071666627186,33575,0.13826999999912756,-2.06967525778492,-1.1397463772896743,0
2.4269079204875608,49649,0.11767139777915904,0.15676256371063202,-0.9362492926592557,0
431.68710558091834,139750,1.1232205089718583,-0.3759704452281163,-0.02307058235084337,0
102.45410662164048,67114,0.36066631492999146,1.0132884575380448,0.3439207405611137,0
4.726033545474363,29715,0.17779472943153798,-0.23930854458966375,0.04227014613764254,0
20.593924987114608,5900,0.4542735002473081,1.7419495738714526,-0.524915129962888,0
71.75488540342842,128334,-0.13219357349916447,-0.8649194999081486,-0.5082758301746909,0
215.83009740039796,31941,0.6440482164216553,-1.6415649950205202,-0.013136176986537485,0
75.57785716525143,1085,1.0773834167832856,-0.2093928553808248,-0.5743894138331157,0
11.710035257592965,79214,0.05583069342144333,-0.8084812031484967,0.1239114401564411,0
7.446327267840675,75503,-0.17547365864998132,1.6187425562382536,0.7107609593957431,0
83.1019372651298,60690,1.0915612730156588,-0.33141526716762604,0.6182984326450138,0
25.494399673965486,99108,0.2642561590285334,0.27030596441817123,-0.5509668835477595,0
61.42798693520428,165205,0.7271195957641049,-0.5134124714717049,0.6994802058955892,0
30.041370539882585,11829,1.3750531830276702,-0.7150899963962118,-1.1800824965594523,0
4.579711404256922,132777,-1.3378202149684653,0.9865257572035369,1.4146025280130592,0
21.315341633935233,154534,0.6324126652628828,-0.5013288177709312,-1.1854004682755677,0
294.86866086836466,129132,1.1053346895309262,-0.6445925742272266,-0.5948493262612754,0
16.131350498167762,144892,-1.198923341959756,-0.21923602781267168,1.3239348373411695,0
36.15432359125612,122082,-1.0956895656233014,1.9638068952253214,-1.8762814153827798,0
3.0922837454316072,112446,0.04318114735218325,-0.1160000977281402,-0.5054217987909653,0
68.63405391716428,114162,-0.931212511641638,0.3735237699003618,-1.0477368272835945,0
38.07324874187412,62968,-0.11718523125540499,0.9056787032057108,-0.7975705466256197,0
165.4668283922126,25634,0.5125874113196797,1.767837979768929,0.04328189459880892,0
50.05157633637567,66403,-0.5597903010520164,-0.6207244458867993,1.7358292294600373,0
7.0361872045852705,34510,-1.2991784069543628,-0.5723811221737549,-0.4133604077685721,0
164.30346552749677,18007,-0.20188601233188566,-0.3528365507846891,2.16280407904455,0
55.769320003166534,100079,-0.7925048708050512,-0.12587483858784773,-0.5947488071903524,0
12.586206928075422,65265,0.08987715784191591,1.176969279051869,-0.1366800137094087,0
27.147681487449287,140981,0.7853071371145951,0.003415945791890363,-0.02380417465470968,0
16.571088652598306,36326,-0.04548853382034362,-0.629819830453792,0.47044294232108613,0
682.5880550920245,115910,-0.9842067396626566,0.5477293162451875,-0.9079745982114619,0
17.09343159509274,35848,-0.16243376263416306,0.8520533357010046,0.5711412630295368,0
6.549758997153545,157879,0.13555776903992728,-0.07294940761833418,-0.5464203942017337,0
149.93609863631139,162135,-0.08314894783943062,-1.8201334149458153,0.04924426495362646,0
152.99954509428005,25775,0.04156282821604611,-1.228227249005711,-1.007200262487364,0
22.190731113015048,21248,-0.833791063052777,0.03140576540079164,0.40416613455025835,0
229.1650538579341,92154,2.167789086325649,0.48450814803766223,-0.10671341997232783,0
91.43989053159723,49584,-1.2453804926851977,-0.47762670499705495,-1.4722484296002023,0
674.9617134256309,168610,-0.9383292040367494,-1.9173814753779164,-1.4793610839180462,0
83.4184848532676,50314,-0.3095734261672591,0.011109168874605219,1.8812329237492325,0
70.20048070806018,104302,0.9798200671698705,-0.348291183834346,2.695343685700041,0
39.140885791029284,57251,1.323654036327911,-0.2609214668813528,0.32036180891250843,0
141.56481978183734,119779,1.0891994270432261,0.9357122732049998,0.017431516709060322,0
22.27574626422325,81141,0.5860804903131819,1.6012505668781314,-0.29024516315286436,0
36.504911066111866,156796,-0.6198920086583627,1.1095472943689688,-1.4390044120844074,0
81.29166779046518,40144,0.13086752499528417,-1.5753140318512655,0.9543552322855532,0
325.123702629688,108024,-0.5921540913555573,-1.426411957494176,1.0112896375205955,0
23.52333730859028,48555,1.08635900452229,-0.44474829529392523,-0.00897867556514892,0
93.27230530928378,9218,-2.1712972988683354,-0.29145819755744123,-1.4537142021148588,0
36.325404119855314,15852,1.381456371273934,0.032717046243580024,-0.9733940686623431,0
642.3075467116084,2781,-0.39429589003569016,1.109916905083331,0.9193468115095713,0
119.33323306809238,106753,-2.3236010593922463,0.9208145704292313,-0.5197989605195873,0
223.28204930097797,119378,-0.5394702229650302,2.063190982700435,-0.359480804642473,0
65.71462765982552,109287,-1.3983648984431052,0.7148091860552497,0.582686564598413,0
27.45821668950162,114919,0.01886316779170473,-0.9588547560995196,0.23874788273555095,0
1658.614909976006,14202,0.6840539007399987,-1.5795701364958001,-0.00518909279100471,0
215.52683223845597,57728,0.0913543403196524,-1.325975724277356,0.6414377424297503,0
26.27428394055202,134403,0.1277203737393797,0.25187382753048604,-0.8668488313361004,0
143.20586937532144,77481,1.0890816273603405,-2.152149107355649,0.9625452957598066,0
8.198824153545571,147545,-0.4990667685646405,0.5879943292537219,0.4918608553090056,0
39.886154977351204,133180,0.40408704482765667,-0.7454102376757819,-0.011404284503993486,0
31.31589688764125,2202,1.2902203152051066,-0.47125686366051267,-0.7733783361586681,0
27.48251889484897,169839,-0.9232731163163072,0.28087721093728985,0.8223709796690171,0
21.401947347407006,15611,-0.8347618793419175,1.2353469366672576,0.4771872852932522,0
46.3796032433993,160441,0.7378251234532532,0.2585577133479637,-0.4216574516742912,0
2.5895117736303206,90930,-0.961304501143898,-0.9346425919543377,-0.8137330767955309,0
100.96036210377179,58791,0.5989630479210291,-4.4654498430359535,-1.8004163915371052,0
6.041861146809786,134150,0.05608239630503483,-1.3793410826195633,-0.39842190376086833,0
222.93345219330362,118179,0.2852428105435545,-0.09174400433436757,-1.040264936669315,0
50.755575433401376,169087,0.586768572761065,0.19913812436262604,0.594499750344796,0
10.207355500930412,13416,0.0934682919063952,-1.1002981597219377,1.384848100021339,0
3.980625034102128,127422,-2.0754506719717902,0.30171457646537525,0.47298916803766833,0
439.3565734211562,9958,-1.0886348058496282,0.30640521392676934,-1.5234451183737914,0
149.50005453205438,12473,-0.6508503013981276,-0.021470968490912953,0.26067911092068335,0
1021.8562177510748,97155,0.28611887955991133,-1.8929749980290098,-1.3592711325036788,0
0.6824774960808746,4321,0.2194179998769135,1.2331943537250782,0.6951684902560087,0
749.7470982952849,111141,0.41351054799573295,0.8010878101470145,-0.2659135192970696,0
115.27638845566815,86544,-0.3789228935364888,-0.3921726238290254,2.0403515291866228,0
13.697458166277054,95140,-1.6021592580592579,-0.01076959974060031,-0.12991673321188626,0
34.28129482736807,49746,-0.30381479790209515,-0.05671443261176309,0.631783923736163,0
37.13583150637517,72964,-0.5108932192376867,-1.407823723086621,1.465568964364575,0
52.93999826225957,139294,0.8153078097656018,0.9112464612508747,0.3503435949900843,0
118.5600725676081,109507,-1.2346007825052756,-1.0776290566706135,-1.0027303324203267,0
330.4292691068064,64736,-0.2941818918625566,1.4963202461921061,0.31177951475489507,0
37.71822572481833,161857,-0.5342643695348332,0.16833008994438764,-0.09821707990111504,0
42.36472131908937,57498,-0.999406376951102,-0.28110200647840344,-0.7666801067448239,0
91.95896277156909,1833,0.09579760607698334,-0.5291332450396822,-0.19861640285522653,0
8.470844424963367,83521,-1.0098169343686842,-1.0097850540100766,-0.7896213449587307,0
367.9101066451286,167354,0.9125079578791583,0.023056959324556713,-0.845617058161829,0
27.958600156473103,150404,-0.950796662694265,-0.3285343725606886,-0.5732741759962859,0
20.851153793298373,96132,0.02523356452175318,0.3543059759270802,0.8973770976279489,0
48.268213209870474,117713,-0.25240147201900065,0.4081141660640866,-0.9961986819524398,0
189.66171890848395,82844,1.9629612795599765,1.0324539102528016,-1.5623581125125992,0
2.3230378364800703,12467,0.8875753659133873,0.5707462035055922,-0.04948625985940513,0
8.035306099496967,154499,-0.4120695350227244,-1.6900107878503863,-0.7467065849485486,0
36.72531319708818,141370,1.1600912960343976,-0.46770590334389145,1.5699968527354369,0
56.61812621052962,28273,-0.2672132693699203,-0.36706835075032285,-0.4576976655533908,0
97.79445780714516,131151,1.7234394807750903,1.1221725473624657,0.29071855275223685,0
150.9409660420617,70474,1.6322072224592286,0.7865939693286693,0.19162593942139222,0
46.57563119129188,100050,-0.24060441680382488,-0.38542912279065233,1.0664052365858752,0
12.88447994634698,47907,-0.6552815340694342,-0.7537644723458338,0.28207447646171063,0
270.4296618608931,11447,0.164590820459079,-0.322130651610724,-0.5070323608807895,0
262.6742346356044,125294,0.014874297248611924,-1.1345172753412274,0.3471324842538159,0
7.314742946945899,151863,1.5183647942386302,-0.08691035920044629,0.8953472733136705,0
62.07802464842447,15151,-0.23475806152450182,-2.5308991141242,-0.5417158286941577,0
64.17085743869134,153916,-1.4106918112277285,-0.5179695005384417,-1.309169129065121,0
69.11132951299214,113109,-1.370424285494642,-0.32342975721724,0.07750544307450348,0
17.37566812123241,151725,0.26570529103092555,-0.6321482573617196,-0.7128274372892823,0
2.217322145219121,66473,0.5896509160849733,-1.6605855653555266,1.4869502352689186,0
115.7307893457186,6220,-1.086452099048579,-0.7674663267653105,-1.347947028672747,0
33.025940493873705,145138,0.12937594713926415,-0.8295352844604813,0.23178407244333188,0
56.1289038279505,114540,0.47682023217888936,-0.2346862150977653,0.44454584766428223,0
55.75725024136705,136663,0.0942107955000839,0.31678898560562835,-1.2243138511371525,0
7.210888075313991,18354,-0.09400402436845126,1.9770255864188042,1.42466007417585,0
33.8324058622671,170492,1.3293945867479948,-0.703861828112521,0.47623839146799807,0
189.11296506716286,148616,0.7247840071748292,-0.42000737004612504,1.1172827147566025,0
31.547185462244535,46007,-0.4917339568146927,2.393740021353289,-1.6567868037999496,0
11.800604680913917,41911,0.4016769289034601,-1.0305459005570434,1.0220010777652928,0
326.60819390256785,80631,3.059706271084655,-0.048944619260621665,-0.8208648669016848,0
27.98717075625808,33149,0.8042276995382526,0.7317687115619406,-1.0217269263297688,0
470.8993040521261,155343,-2.085032581544015,-0.5037131898537205,0.5225876910272403,0
17.634781870378482,171424,1.0244058992683929,-0.10655567690631036,0.19492822602089352,0
229.88489560500395,145120,0.1797388047357225,0.6439539784009414,-1.9053091234260258,0
3.8154002568242196,12863,-0.7523469523592703,-0.03942432579095691,0.8152758925946324,0
39.19708620742981,101827,-1.526587324142757,-0.5946342100031266,-0.9324100625051386,0
60.49479625064517,38547,-0.19108732441870616,-0.0329727798057288,0.19993781748774,0
22.803362402030654,39648,-2.1443817488295673,0.8644262417052258,0.3523785905695218,0
10.628619915092617,129257,0.871335184248718,0.8839864813041226,-0.21189598566835785,0
24.274720289089284,161661,-0.6327386948746901,-1.532921791071721,0.7159038307620554,0
344.9104524763718,159947,0.7777318490869078,-0.11985954279995593,-0.2422982681436434,0
76.18774762570662,139270,-1.306686325580648,0.5045422510810414,1.5368025718346947,0
4.983632521565989,21959,-1.1577047415472934,0.2743547187095759,0.8259984180937474,0
243.01490664427962,63000,-0.8714880681766379,-0.040710090446656376,-0.41457121051171475,0
2012.7481647771372,48196,0.4775330797644282,0.3279152716843551,1.445679995502967,0
61.4713801587744,170352,0.26074853516294494,0.5074964073275705,-1.4905486088010764,0
197.3647856714713,23237,1.0754503822430408,-1.771159917054794,-1.5454716140312135,0
73.40106157913002,129677,1.0379522316261776,-1.7770490757508697,-0.9496804246449934,0
45.83935402330748,41104,1.6478149856265654,0.6603359592635119,0.30431330992661565,0
325.61395019513117,98382,0.7320239996692214,-2.053599234667207,-0.703461787260228,0
143.01087755219652,13176,-0.31768002635011605,0.45651764666726047,1.952806447369783,0
67.94881528345445,100539,0.028368498891839917,1.4153454876051623,-0.4194270984757539,0
176.3965009807569,87189,-0.8011977047466614,-1.5501453621908527,0.06226392912075382,0
26.457088295532245,59151,0.9500208050951454,-0.40886044974009256,-1.9572877239531539,0
116.53658275176247,61829,-0.27359720268898297,-0.6130869580347827,-1.3197575682111706,0
16.093183037574274,18787,0.6006990994816985,2.144831921752372,-0.5520345541818616,0
2120.9695743549332,35546,0.8558583822423285,0.7236399191768618,-0.24434745085949697,0
188.22675826786693,120848,1.5002915654481137,-0.26546631615327576,0.37491215936973193,0
88.51070154805979,129282,0.6020184725575028,-0.34455559016700854,-0.9985975377105871,0
155.05746011472206,48762,-0.10248313581914485,0.046093142264759066,-0.3277304081674353,0
109.92716027923362,158542,-0.24515418412272694,-0.7776820939315934,-0.02403018273486739,0
135.1084065099736,6880,-0.9152570482151281,-1.8239318712946115,-1.1518186521213039,0
31.085346329844377,129549,-1.2128141407813349,0.4393408280800541,-0.9380628837854994,0
2.4082231945396084,6309,0.5282743909955926,0.3067757728553279,0.5367049636929283,0
15.848607226985955,123731,-0.15016750251527508,0.905559570663929,-0.8907470754276675,0
694.0725962934163,125626,0.28188005830670254,0.09267462644040687,-0.36894979197422756,0
14.655846409595512,113204,0.6749225344428738,-0.3978335643832679,0.3621576524883362,0
6.335740981496325,144013,1.5699943507399552,0.28802597256950235,0.6436758590465854,0
69.16201790012973,65827,-1.649382583245884,-1.577983042103779,-1.2014569773197974,0
111.5571096600862,110210,0.9869006655501169,-0.04159369012682956,-1.275547383229263,0
22.47010817731453,63118,0.7874742003826457,-0.10296069744469738,-1.091076200628851,0
12.29516367310765,90568,0.2623809628600642,-0.6632740717756505,0.03707360850095304,0
50.85324553814433,93445,0.584017008458805,1.121190308029579,0.8667898985869048,0
16.521410020718868,68456,-0.6364159295539596,-0.162825674933711,-1.9460227033715596,0
4034.3665660072584,29381,-0.6296091911894043,0.7119542250757334,-1.3561064546536579,0
937.0371395977818,42012,2.1415476768812045,0.1188534558714377,-0.12314003547772574,0
44.78587858317519,71685,3.921882574529061,-0.4578306023772549,1.9270397275485012,1
94.11396365207527,60361,-2.9171339724218797,-0.9432046295033982,-0.4607316508983754,0
273.26653150559923,80821,-0.14028146638495378,0.11500563083439581,-1.0510001766073092,0
48.19437640228522,61913,1.115314135661054,-0.769245345736345,1.579782969061802,0
10.500692036211134,54104,-0.4740545980340651,-1.711483844592196,1.4676152149822177,0
138.0396343545686,114731,-1.0513153534154869,-0.49915219901151325,0.15981736108823,0
55.12328992102312,29402,-0.4366114800222194,0.9492324370060229,2.1614202334202663,0
56.52149387777987,36593,-0.4465892581424016,0.04064212067245502,1.295943197658156,0
49.29461580716458,47404,-0.3706195977017753,1.994528398101404,0.1520344988375729,0
84.19078674979356,123441,-1.3022452955956918,0.6995655536737665,-0.8031348494623836,0
5.333484907909208,18423,0.6264957650430847,0.37219504229593786,-1.2839625322668407,0
13.553031866867887,55604,0.048699572931871056,-0.4692128925189942,0.5726838330106038,0
8.59529557864408,29272,0.07842109110515887,1.5615415643829702,-0.4818624839823996,0
24.72979933709955,55186,-1.6451741008740206,0.555330861485136,0.7857303145646676,0
154.90381100560225,12578,-0.1838666489082667,0.995549224020473,0.6974347871538882,0
42.940042860688,56400,0.7884837321752486,0.27101397294686624,0.7535280812850704,0
63.70658082511643,39566,1.2967017469543567,-0.5117702171773444,0.6619863221988761,0
2140.143088199479,57429,-1.1870644006210531,0.1326741504384366,0.9022264160165979,0
1078.8898347674142,72995,2.548504026068909,-0.6598329124847382,1.6680662385730338,1
668.3799214358277,9734,-0.4431330606024984,0.5216314428814384,-0.2179624840634604,0
274.5881165721551,90439,-0.17144205018004974,0.19231169812671442,0.7736855186504179,0
22.650979491550746,147089,-0.1730715498775571,0.6725725813321134,0.27927950411202235,0
7.46549551733287,13213,0.19018342555494702,-0.8261474030540512,0.8152408056159761,0
1784.7077561753833,122537,-0.558271472405172,-0.9383772680126428,-0.7764661127194532,0
8.930456632273582,29346,0.020483649495564783,-0.53267760190148,-2.056770134415579,0
89.82628797058777,83184,0.4670555654758051,0.8678468574170918,0.3234614728894207,0
175.48290210380438,140750,1.3866024558025023,-0.6044230665306409,0.1917559871798749,0
130.73162467405484,154174,0.11207453165783958,1.226882773908136,1.3116063349001506,0
163.0171522773694,35276,-0.38939848922259684,0.5829870866514412,-0.3778389148026151,0
21.83935331441324,61049,-0.017753318528466466,0.36344837855803336,-0.6238442728863873,0
25.79527548400002,166241,-0.9706212125139251,0.6650267077098971,-0.4935239246581553,0
3.774479069338309,105737,-2.4076548433467515,2.0539471897739823,1.3019346429301557,0
14.187736901105108,45168,1.2701520617476976,0.5699690117673842,-0.06446792496898156,0
125.66419963862703,136808,-0.36452186677397913,-0.4273461857933282,0.18715754389403358,0
408.81805217989,45335,-1.4789907391470045,1.5563412662959533,0.21952015437175418,0
100.39216673459686,166460,0.37608781483105075,-0.15329286656866462,2.0543899774271033,0
996.044104789057,7938,-0.34065649328445247,-0.16149343138987365,0.2518708242145882,0
18.01954519508444,14570,1.4917548638097935,-0.47253896517803057,-0.5679186321218022,0
35.753176277454145,154256,-0.7884548888969781,-0.4467389483371006,0.25315686916573976,0
616.346148555489,158456,-0.6387790693209986,-0.4327201497546312,0.9371346815229029,0
228.0954955721377,80846,-0.5018748012745475,-0.47991028599557983,0.06556011243522109,0
10.333332220955766,3709,0.6632199446929798,-0.368313993654207,0.8325831046392133,0
168.45172020475377,42987,0.21146352239021807,0.9239464651551451,2.1022785207507004,0
60.85125968433028,32380,1.157037430572129,-0.14509453444994438,1.3616151561221115,0
74.07211828214581,156723,-0.6351928325584729,1.045210513634787,-1.3752215466245137,0
122.78463872267879,130512,1.2367061422508416,0.862268636179958,1.3762535515510155,0
153.06423587337179,142575,-1.0918548757881639,0.05940973013370634,1.270431748811018,0
315.57140783108287,27431,-0.8175032998942169,0.026364579863972986,-0.1601289136816657,0
102.32355905033842,35690,1.9247945942660907,-0.23108502849121182,0.5044127685217724,0
0.9466286085880415,146101,1.5358211969270616,-1.370711985614395,-0.9032214965852416,0
12.61115060087406,87464,1.4045270243027541,-2.2322800689171967,-1.4291264693480066,0
133.257261929776,4991,-1.2654167985191986,-0.3078980123830948,1.5167592699184995,0
101.43286807781845,85965,-0.6551459748175437,0.604569909530094,0.8111988978020626,0
4.22517786295507,169734,-1.3270623921256204,0.9988233607835584,-1.590905396382132,0
54.848181396611615,72043,0.61371049292461,0.21779186462701702,-0.6058150218289886,0
451.65979936351323,32267,-1.7973856721285564,1.2544329576134778,0.36272361905746214,0
48.94579526604553,69859,-0.22390313855089997,0.7028437332571785,0.07932088925651695,0
25.909299603843646,11675,0.15997449025200933,0.19545860491083475,-2.0972930487136656,0
140.1226714927335,26240,0.8556514808450733,0.40399178682375236,-0.024080137348147537,0
118.46232786031821,17751,-0.5051138001520992,0.2098034232885567,-0.9194234966830422,0
125.81715306013379,972,-0.40624144817099367,0.2396263964156207,1.1424148825169775,0
291.49472588304263,112661,0.854421054176152,0.44905723007882714,0.154115946643502,0
10.507290633172959,12521,-0.37384779515820077,1.013680349160921,0.6059273146119719,0
108.49014064581868,59507,-0.22880155145105,1.31330309100437,-0.15200494742526469,0
39.55008102489886,82888,1.185385844182931,0.6616139806064328,1.0510340090646446,0
476.0417110979692,38217,1.2883973567655833,-1.0631495408402127,0.13721579919531837,0
5.214941926807553,125496,-0.506095977530605,0.7326887827602395,-0.07186220281572538,0
51.74157577513368,167858,0.09658233469207957,0.24403945474323324,-0.723517109386258,0
28.39314652107294,123520,1.4818377341549014,0.1066362440268586,0.6485986269293463,0
12.748127786501932,46696,0.2083334443321681,-0.5363231423901862,0.29667797158598386,0
977.765857052768,53591,1.250166352953691,0.27427393035941444,-0.5114393201187519,0
12.393925681600152,30146,-0.09728403549532681,0.2639404471851738,0.027589382913609305,0
17.757364050522632,144137,1.3274501797209413,-1.3332539382497237,-0.013004044758502867,0
11.008862482269246,108173,0.2101539986006649,-0.9794280642838268,-0.03226934190989595,0
26.608710996053112,128886,-0.34721064987611777,0.03348310376247782,0.5829983713009953,0
30.91706783464048,154189,2.3096836560642307,0.22225054040980874,0.21037401800690875,0
57.06242748280369,132941,2.1119503190473883,-1.8668645765530538,0.04364248263002638,0
112.08542704203549,83698,-1.014644089106163,-0.19620324171414805,-0.9384324428273163,0
24.80258138846355,172022,-1.163463248037279,0.10907015906121705,0.2335549826629377,0
2036.368049931268,98991,-1.3434446078680005,0.31690178814902903,0.26415643189303867,0
31.23970356260772,163029,-0.9322430724928223,-0.2713929726895575,-0.2729071698219938,0
514.1656370450003,30110,0.44454033131596155,-1.4052669534304156,0.6026367684322237,0
77.35309164246404,129716,0.7248240013318908,1.327308958186537,-0.18039735689717562,0
13.022639451695026,170045,-0.33771692241797513,-0.16079196584463226,-0.16153132659587116,0
17.41379995095082,25262,-0.3784273757348716,0.6680378839113448,0.13366128122436782,0
15.521855692514572,135460,-1.5454483271074841,-0.3372140972782133,0.6221415232176354,0
45.10033576652977,97392,0.24107456998685456,0.33646244623745536,-0.9480737741177806,0
61.13903044282399,6490,-0.6494110233293583,-0.3688876385749432,-0.41702260543085706,0
148.6095089613481,77093,0.003210196184334222,-0.09096406385475747,-1.113952968530364,0
606.9928047036061,90585,-0.4975944562956835,0.18748542274341948,-1.0601174350343927,0
32.14007831027876,137286,-1.217803707050511,-0.8256002313503462,1.0681049982133488,0
26.71360176711813,27559,0.18664250445930375,-0.578172568143155,1.7003075680185908,0
68.25940357389149,92862,-0.4720274551606999,2.2188328617236452,-1.714679875170468,0
543.7837160542796,150928,0.3702331683466241,-0.6671678062119658,0.2549358455639077,0
1343.9658279347216,69890,0.16449742645537824,0.17498546608095483,1.1374868628849923,0
49.86874262591765,157997,-1.1355401732097514,0.06845454262824353,-0.31558047580953386,0
510.8567433858313,43167,-1.8948592525047605,-0.9445918831333852,-1.250552273921282,0
183.9173175035893,16088,0.3285348638095107,-0.6589655938839415,0.6987922436227192,0
183.55958423191834,120456,0.25495694029768345,0.002862462368300263,-0.9636786904605774,0
242.00107165398774,76831,-1.571535584288717,0.5970017458290436,-1.0039147823228156,0
6.466585642030016,46678,1.9304043028738804,-2.0321402019786365,0.2213243634118,0
24.853693900418445,114759,-2.055528021794824,-0.26811185162111595,-0.7311863147018145,0
62.24555600883601,78753,0.47005672816232213,0.0859834656527448,-1.0059218347360606,0
86.6186352533331,27723,0.4693898328861845,1.5371462947709953,2.2046222951110015,0
38.756217102532254,59895,-0.0573307712081102,-0.346933918117031,-1.883917904150125,0
2.373927251149521,5050,-1.0522669757939982,1.8644095393232862,0.28620171842089026,0
15.5198725436731,78488,0.44060121758279136,-0.9226894063799378,1.8600918211528241,0
384.756987654103,155472,0.9370564675946099,-1.8580270065156332,0.8965266755290601,0
173.66057789336395,42044,-1.1728362976213909,0.9531486818632082,0.45139361578813564,0
56.126184256321395,117529,1.6956486128307209,-1.2631703469748858,1.2284011542943123,0
5.910041565566406,137794,-0.6162908675886373,-1.2302588612411698,-1.5348159934496375,0
21.133668983996564,167889,1.950816508694874,-2.2416407091681285,-0.34795107005220655,0
18.20234943150203,17428,-0.6436872085981461,-2.9132865886732247,0.16466886729128777,0
126.43681196871428,135496,1.005136269922626,-0.874020674025581,0.5780612804715758,0
25.413739683986137,33329,0.233519956678334,-1.9206139932223094,-1.3554956315258215,0
81.86618610929109,11526,-1.4854854023594117,1.0728006823037963,-0.014330384279843244,0
2.0049717486119834,51538,1.4900037103049435,0.3013243927219178,-0.009300571645777177,0
280.01899457500457,170525,1.1040439360485472,-0.0172913544275892,1.4534118470172794,0
9.673986844855477,59115,-1.541452519685628,0.056451457187239484,-0.16557674295958819,0
35.246352601690916,80528,-0.857441383399875,0.6169631786486818,-0.35598649091913087,0
36.267232417470765,106887,-0.9535711835379523,-0.3147609383672276,-0.8959377623265361,0
532.5267046897653,4804,-0.2535989333987036,-0.5466512479421987,1.164687658194125,0
21.617910412047426,99937,0.8874003106958823,1.3525180551115263,-0.09550532396984877,0
78.6911594813752,71895,1.4478293321709832,0.6081455590723108,2.0886577535142195,0
41.47671291594007,1947,-0.43038171686946153,-0.6055830543233953,-0.7332125807998023,0
216.77141296695228,136064,0.828972440773889,-0.2522635185869,-0.4171968857738885,0
98.82970842784731,43023,0.10488636386383708,0.5085613611097223,0.33661647076651424,0
5695.599573969406,126021,1.1384861465428586,0.6739967673745746,-1.049040048403798,0
58.238489046485036,102330,0.8132002168871674,1.3137196251354195,-0.9659192712556708,0
2.5422677414306047,27027,-1.383886489936091,-0.5707270628726793,-1.0044854255167623,0
635.9436397994868,13068,-0.7781627346831779,0.6051665655891625,-0.5697068823485079,0
28.42564918951161,80196,-1.0569018752112476,1.1698825541374265,0.44010372419308735,0
1.0729183265811713,64538,2.6348778008515854,1.2632596587757188,2.0997679429641587,0
304.8228347300109,100022,0.4213030145191309,-0.730447838821257,-0.9512200184481869,0
56.22259752064032,148028,-0.19407189290882731,-0.495695854013932,-0.5880291629599581,0
14.869389092898128,114165,3.141109286996759,1.204986176883385,-0.10285067386711025,0
8.266759828260758,54841,1.5149922407651923,-0.12916083605538695,0.2623861246254589,0
241.78853559659342,127628,1.6121983174082761,0.04383516663199234,0.8747822244971163,0
96.65685286259233,147078,0.7462342955485843,0.11700080313132258,-0.2519569753597915,0
7.934370145509031,139972,-1.0028632145582295,-2.007282796193544,1.8508113420206374,0
122.09076766463475,90153,0.4032625026706798,1.2210371754545457,-0.05834697988631597,0
3.7842268979974505,73965,-0.8962243968182884,1.0304051215048946,0.8864287181702312,0
338.54975928560697,144603,0.2298802631591812,-0.3388084351944562,0.8927670693036008,0
26.10550805727365,91908,-0.3316684212374049,-0.5768163748680707,0.6476029594291256,0
50.63753371995664,37487,-0.9928703665748838,-0.6158206140882698,0.4117828893172226,0
9.068592139014338,29098,-0.7891681373287791,0.25117490033458195,-0.0007504753899355086,0
25.162518700845702,153813,-1.1016045543885622,-0.34897824756330964,0.8259283418565448,0
9.211892933017092,79941,1.505603713679126,-0.7216670879847359,-1.1511981382488308,0
319.82342118603685,70585,0.3040457854545152,1.9763709679290686,0.8276203521436578,0
75.37489229933783,161165,1.1059903962856572,-0.28421798310650115,0.5259632196490784,0
14.140865925608466,46313,1.8827415048739973,0.5965258796625756,1.5016746693848277,0
36.77534603191305,40332,0.1035414113114531,1.4205861697033997,0.22787782152900635,0
568.082579780093,155218,0.43531404018005215,1.3785789171921918,0.15186411381543494,0
71.17510830788382,110295,-0.25587985467108926,-0.3295657132205375,-0.019449931255416265,0
66.87093123463471,63452,-2.2539135326319175,-1.4167933670547266,0.8682380493685735,0
20.535747052131487,89059,0.36952534445748697,-1.32207930337183,0.5799619966467097,0
34.340496155696655,94243,-0.7687283725103234,0.9320657751905326,0.31268236262864213,0
28.453058490431147,117431,0.7283442253308534,0.6645778813355439,0.724242804384352,0
94.73165971604665,91837,0.795771392366951,0.4136082641817335,-0.1711189458113051,0
42.81578516864722,23838,-3.003656919124604,1.2226764644179704,-1.406898675654051,0
196.11534188493627,67818,-0.22406490279247548,0.5230559861019899,-0.8437165947033912,0
81.70896149916524,68517,0.7364167256067159,-0.5421973582549584,0.8284889967869606,0
61.16299868389553,168444,2.1919873810035284,-0.18555123665895434,0.06447188630896654,0
360.98985652889127,24737,0.8747699901289241,0.1466693318475865,-0.08631384827952407,0
60.58248001264246,167198,-0.794265299761534,0.43141169350962544,0.9668989589915309,0
57.29507795382123,123309,-2.292194648210979,1.3998659446605923,-0.08858127638708911,0
147.73155405503573,123836,0.7920415042877523,-0.916455592671636,0.32152934694209945,0
86.52830700612094,41585,-0.4980527198284851,0.7627528352951467,0.4004109785534402,0
278.3399890767305,151953,-0.514113023143628,-1.1643393073072192,0.2649325333525096,0
45.08357446959075,126892,1.6660372468975484,0.985569617266514,-0.7863295113825336,0
34.034336198347475,134599,1.1123989832626435,-0.7364039522167284,-0.1834098897851804,0
22.537070322988274,57304,-1.6101717090603433,-0.5295372367681653,0.7591318873703462,0
20.85866890038984,126967,-1.3908848043143895,0.5338364213757206,0.6862014864342996,0
9.982390324303921,102755,0.9437177392107827,0.28845239756757857,-1.1767769502746073,0
932.8903233422052,31760,1.3557424322471545,1.3446995314736325,-2.533335641108963,0
47.05119218209708,112824,0.7562525293212908,1.6845058270384548,-0.8036365863041797,0
1717.0228783728357,98812,-1.252471496982334,1.6760238360906874,-0.23237885164197916,0
8.074022598786692,122660,0.0927209833242762,-0.5291898480600699,-0.6294476139053723,0
8.67747825878676,34261,-1.6691664931637509,-0.6956587362772734,-0.3977854427780816,0
50.13990039400246,42585,1.0869665113474634,-0.7023863579347138,0.28803632262160467,0
43.34286761791028,39437,-0.6004182221049046,-0.40935067994962043,-0.996156327767683,0
50.094636451206895,46652,1.2903039360596666,-0.6868741147310605,0.02229867211348296,0
8.426857572601943,37097,0.2738229302665068,-0.598025934246617,-0.9055706631080093,0
25.56056416677318,76089,1.7537635840206987,0.019186263213882334,-0.8746647279774216,0
74.5383264677272,92469,1.0722244079706433,-1.151794411720875,0.2065746230623128,0
305.5569874752794,137293,0.5638472312333297,0.9007280883219702,-0.4898679026288071,0
736.8651203878296,13851,-1.213897871125309,-1.256155765309317,0.37473383812773975,0
60.9047486986531,34551,1.1899310455517784,-0.39712621940794246,-1.7121331634479415,0
259.84539932778256,158772,1.0898687769215785,-0.9414548339892461,0.652666428053551,0
10.259473549773404,55485,0.5486528892485505,0.05452636576736814,0.9331894278296428,0
90.02206229419076,134625,-0.523475515793795,-0.05712999087549719,-0.42040639220381676,0
90.72466988224103,158918,-0.24059835751095096,0.3129917425580784,0.09411658419711363,0
9.273759119320577,66553,-0.06187197781601401,0.749514914714284,1.4307092718768093,0
1.8005072903903359,66421,0.8547004348862682,-1.4525287029597798,-0.5380582912247268,0
296.8631420207072,168775,1.266354757104459,2.4459383803894394,1.0130407846299134,0
121.06668037927076,113298,-1.2158104482506813,0.62740039350184,0.541446144730243,0
12.107061166489702,90429,-1.5256288845756893,-2.06911446999538,-1.6031002853968421,0
69.06448216761804,149711,0.02336730058559567,0.6971870248236197,0.9924144622410068,0
55.23472545176145,95996,-0.18912024875320826,0.32717213321898103,-0.12841268946337775,0
256.3386145994098,17401,0.9637922543256028,0.8622399375759383,-0.0056209628932424325,0
8.308648348601302,79714,-1.6698405250925945,1.0983183650924322,-0.36153735696195577,0
236.91151298842982,89897,-0.4630020427864223,0.8145788904842354,0.7227854026280699,0
31.210365645383103,22152,-0.21164683075200988,-0.47717092848743853,-0.32201733115298803,0
77.4244119811206,113316,0.5923626179587759,-0.5529086171971375,-1.7448910435701859,0
48.15020280448434,90894,-0.05826106937951847,1.312775798608704,-0.02973030188280486,0
7.29222255856078,91997,0.6940884647937279,0.3946701194068624,0.4022858071661953,0
1433.4555273043136,37459,-0.9356604591685375,-0.8678664119664821,0.01570496022864518,0
27.859826623762913,97239,0.12076771087451768,1.8030948413620957,0.2716092996325846,0
37.067378346251274,97367,1.63682960114411,-1.6321806560666308,-0.8935036028937152,0
16.086356979029738,133472,-2.2873069611069843,-0.43772228055814694,-0.5860214982925536,0
10.980470209748121,162284,0.7347764019753421,-0.7997309790186562,0.856580219680761,0
810.5557558329232,141378,-0.07102801265899031,-0.06425892524966506,0.7007833386148999,0
29.47264648048963,124218,0.1139207438651324,-0.6263056104774539,-0.9281030101102105,0
21.317949413541847,57505,0.6211013877422087,1.5040265648146918,-0.37541047793184973,0
22.779522890735013,94478,-0.7649450753355955,-1.5420205873702058,-0.07508908637833277,0
36.53796006392771,38148,0.31639491913403095,0.8269176779939336,-0.986938326598078,0
17.566505123216512,137702,1.290660523985618,-0.178211329354683,1.6753155858899529,0
5.326497371259416,160229,-0.41430035209331423,-0.30760845176005064,-2.5879255357628423,0
320.5993653526787,100166,-2.983932741436764,-0.8758261764896569,0.4773538031700499,0
205.99403755923424,107767,0.7596720867223489,0.14705910830265537,1.2545714311140042,0
27.79110770280959,23119,-0.8994139251580818,-0.7802953752955407,-1.2243572646716572,0
43.4112017342381,14481,-0.6477935471534718,0.07849913990115052,-0.30748916020548683,0
92.58092202439444,160557,-0.683700286786795,-0.07244928534566028,-0.25249439651527106,0
71.84560147348668,148873,0.7013228265636376,0.13431226563908144,-0.5244489462698392,0
1084.3901451560223,30066,-0.50794452792144,0.2057669626112415,2.113301119684347,0
392.43529902113727,132316,1.1861823494719967,-0.9879710430593024,-0.336592873303515,0
358.9221146767244,169252,0.7237020339030581,-2.5929036157089933,-1.969135788882726,0
37.56022190142516,119104,0.7920953303626079,-0.5070862372032011,-0.9661099321367234,0
40.40853608017122,32174,1.79608512178758,0.6203731898149604,-0.4224692017523909,0
434.7589645329188,42861,-1.5157397327477964,-1.147076646948082,-0.44189432217993974,0
482.4730760209558,142876,1.478094818837572,2.2038216772357218,1.2264925958271549,0
155.71590423375167,146714,1.2950289832142339,0.0245704950990459,0.9704501706563002,0
158.60866663315576,137649,-0.08723364216043743,0.034344928782985146,-0.4459839450219187,0
119.507120339407,141296,0.6620284355962163,-0.1771526153479545,-1.6703242297739433,0
751.6010042449554,77972,0.1621260931494962,0.1455782577382035,0.2141701245791395,0
19.794646986105437,49948,-0.9780663415107361,0.2029835782926597,-1.1775933103897709,0
5.82318273691651,157855,0.9347624847636001,0.5859100479572003,-0.8364505273188744,0
6.692856327452818,45823,0.5052347145060868,-0.6530416630224875,-1.1249921621856886,0
372.9369479476621,55919,-0.043962277504070606,0.6832505543644274,0.3265444715565967,0
45.21281452086119,3864,-1.511754518841536,0.7818915135613796,-1.2252259233854614,0
347.2722708617728,4284,-1.3632559668212985,0.2263043084456107,1.9898001639707223,0
20.949635806570345,76637,-1.1196679445690003,0.43535152874155353,0.5475370956002089,0
88.33872638760621,57602,-0.15235100994117431,1.0132307189286218,-0.0723154464690018,0
82.94682323689946,42530,-0.9275260763118682,0.23904159627906038,-0.6736881014317148,0
181.3836294178446,165675,-0.30141318323376143,0.17643651458057294,-0.6811279357230806,0
58.02578825439895,24182,-1.56187943612236,0.609373610377312,-0.5064071588439375,0
48.34829960962489,90688,-0.5427972493120694,1.7363779833540407,0.21153277841585702,0
36.65724355372533,67238,1.1594420025359928,-1.824238748856596,-1.5898276988711395,0
15.864704033361756,21037,0.24721952226060873,0.3557369505100734,1.171751853407888,0
64.20115373401488,128684,-0.7340066033680668,0.5489127897107019,0.6136367094304697,0
17.23341764065968,67719,0.7370615112245512,-0.8375215827816958,0.384314447350199,0
186.271703920827,10775,1.3745903769625523,-2.3432350001578044,0.4320636678868346,1
226.16568787747136,2042,2.3277193202008872,0.15525145437372842,-0.35900976503849086,0
12.423450988132156,119755,-2.0356264266748045,1.0842982339583813,0.36571739230545575,0
25.38319271971627,117857,0.7604999100371871,0.41722451362457563,-0.8834419118641466,0
275.9092751824178,134384,0.8451607989061887,0.4525845452005443,0.3764001633140403,0
15.019959532240517,113782,-1.1241634203723503,-1.0173897213542054,-1.2087823518582959,0
250.4957178560308,34486,0.16010319115498794,-1.829700720844101,1.0003341626511961,0
599.4999792362374,169808,1.684560975899334,0.6894304416820647,-0.4059540694807443,0
180.68689471001028,68917,-1.0076164965503476,-1.4564454430029565,-0.24898461549736822,0
9.272258691112674,76493,1.4409929120929068,-1.8375730387444495,0.6783356985145932,0
49.82386281306022,50908,-1.2537779233677009,-0.15713651765036762,-1.6011244947123693,0
32.496717329876766,110540,0.6726955070001017,-0.03331447988614767,-0.7461620366823759,0
391.94145231127584,5274,0.6569580042322054,0.47993903328857096,-2.2966657237654466,0
32.229386043751994,70072,0.9631702178602083,-1.2634616907402243,0.761640874677144,0
358.349060656972,67484,-0.042604201619999,1.85006126692843,-0.9673075881842655,0
67.9071157186639,112780,-0.5597056114923079,-1.6630148703068852,0.7295422067156847,0
23.374260730898904,116720,0.40849483045724577,1.9754378164938682,0.11771469201700398,0
6.452554150016842,112696,-0.01296088428890537,-0.6648938317777173,1.1590441441248291,0
244.90575842744298,108227,-0.5979934563046999,0.08096643190325527,-1.5511559386676572,0
56.52350215466089,140701,0.7623285507415548,0.07938942759079445,-2.8585018562270275,0
2.3856210102352753,114465,0.06006437021033598,0.3755721863990335,2.410440189106114,0
1.306705350774386,165319,-1.2477623149719617,-0.2767217540143448,1.5410040590977288,0
103.79944727474285,92981,-0.8881512949211118,0.7290473485617243,0.07344076326339087,0
74.56742584882686,112016,-0.7149824581336299,0.1489014149913341,0.3656383940854512,0
236.68338613890282,21094,-1.2118694582601663,-0.19558046647139535,-0.7985599809461587,0
125.68000595915818,41284,-0.3043915960228757,0.4551685738794012,-1.4284199181096777,0
42.93987178991383,88202,-0.7672945902494644,1.0870404023040405,0.8769586826787255,0
75.04890964638155,169914,-1.0335359854030057,-0.9144885851021434,1.5366663420069309,0
99.5561771944097,154736,1.1279723092917966,-1.4840142454241605,-0.5477302703443164,0
107.25760355576203,145674,0.01370761927490923,-0.4121498403015452,1.8572467587300325,0
95.68802233830895,40452,0.9430363392998878,-0.053860362394684135,0.7422435437820246,0
61.65928424829092,132624,0.2958384314951815,1.039153682004222,1.124200661664642,0
33.898089605347344,38875,1.0451968434918042,-0.2782858450451983,-0.3966429932505894,0
3.5841685991571284,75864,-1.483652893919837,-0.03420236546421723,-1.0231225538898638,0
1022.0743762484533,93679,0.2010700427413337,-0.7892273146572591,0.600463601326329,0
12.35666399527222,54431,0.4589368067618631,0.372696519555908,-0.014233940513011675,0
1188.8337162327282,11862,-1.0721791541112258,-0.1839921431909499,0.4892495856032578,0
227.0167363106749,154440,0.21583277764475112,0.0378550454577784,0.6339646263588383,0
25.884420238981924,60692,0.7230437733934048,-0.32238082423006276,-1.1449834646824848,0
1.0225074606961748,128470,-1.3295167792458398,0.09747812062878336,1.6781895475254787,0
885.8552081579161,73170,0.6160744450917386,-0.59137095842015,-1.1456687548030844,0
24.920978511753738,29858,0.8958822805372862,-0.008738486385412116,-0.9961550086818247,0
64.77734980390443,37126,-0.3386030041973902,0.16366915359813702,-0.6204220048414069,0
54.3039078088471,81666,-0.7102471846665601,-1.5088535448203688,-0.7306323032227321,0
2725.177233297775,95368,-0.42397260325712277,-0.5447878935166436,-1.9321357107196986,0
153.63224205036582,147239,-0.7949042284979294,-0.5626151098383864,0.7795734971238766,0
224.61951578964988,34754,-0.700186690794623,0.7115197367536126,0.07688140681057964,0
77.32945307897548,615,-0.22306143849613452,0.2576508858964005,-0.8459796482631614,0
256.66373632604996,16057,-0.05698723011530513,-1.6222173404526306,-2.0504704350592426,0
300.04179118842836,28370,0.059358010090316465,1.9263405423216262,0.13308127752747526,0
155.54903899196958,161155,-0.17599554412824692,-0.17430129826539145,-0.8818246579366456,0
38.74881315181234,16192,1.7627899887193537,-0.7996699438105075,-0.50297848107092,0
8.043603153894251,9950,1.2697413215455915,-2.0759212412459607,0.06271904476420401,0
51.3190976779109,44327,-0.36103359167119536,0.8094856598010821,0.7518163468674252,0
12.027166593832336,45311,-0.1531944814939467,-0.08164400976356316,0.45998486651377296,0
30.320915966711997,159523,0.5498823703916162,-0.41625529420396434,0.664979782333943,0
119.08686791621773,110937,-4.478522288805477,-0.15313817066356994,-2.140820513836909,0
63.76198675941056,76820,-1.3274862704710684,1.1281761260455714,-1.2119074502925127,0
2.234796740963014,40058,1.0504203970920263,1.006735509706553,0.03882234449414554,0
23.98836821761461,160554,0.09423507839398602,-0.3171602317392699,1.703811408153581,0
254.8631039730102,41767,-0.40143270105310913,-0.79613577436578,1.8108331969277056,0
175.743141519466,137493,-0.815739171863536,-0.09980343280313826,1.9853704483274206,0
20.81836283085729,88992,0.2354073936639619,-0.13044656539329982,0.9720407708952257,0
5.761674804208278,21378,-0.830631543665161,-0.6162552321025853,-0.9679286817822821,0
547.9012642708819,89230,-1.206830119556709,0.240073425965033,-0.7422821501039659,0
319.69879001969923,61720,0.5138019421170962,-0.3798640098368988,-1.2400935295578916,0
2.8624163987735693,61826,-0.03829772997780065,-0.38252673567995216,1.0875569675665158,0
4.509841541371658,168899,0.77970857598932,1.2372138703646356,1.0301113275807565,0
474.81132220027825,98856,0.5236916170403977,-0.9630914914852828,0.1847383394379357,0
16.82485298846379,44035,1.0324682831334389,-1.253841086984667,-1.2704259588978157,0
5.22595513673329,73967,0.09676159683682146,1.9283992808515704,-0.19998331091991134,0
49.31325590944707,71366,1.4881294691223168,-0.5706057232657944,1.5934123458025222,0
115.6997625690553,163509,2.101241111469776,0.9222700258450941,-0.27426872129847973,0
38.02127658685286,118025,0.3591744686594917,-0.38311219976633276,0.35538776733784855,0
286.6577224786942,62624,1.1674277708648262,1.258653765393653,0.6604526307642067,0
13.005150024885534,74990,-1.2080546267985692,0.3066519275847625,0.5973912800580141,0
60.41743499323164,61726,-0.0323658376118751,1.2820590773316018,-1.394289617134187,0
66.64996431530606,163951,-1.6036871455773145,-0.6259005030583277,-1.9776363077890373,0
180.8829269688849,29044,-0.38295528485508773,1.1314831060312651,0.16561661228048186,0
40.127984981904895,138995,0.4965565347263017,-0.3530451485267854,-1.6095401707569512,0
3.9715938971441034,7739,-0.7183248872838145,0.28198313669119973,-0.5177934214978593,0
56.29612757561371,45640,0.2943437277886872,0.24974050758462749,-0.11254736723518498,0
26.416116954169386,132339,-1.4098997307317758,0.03173798757104924,-0.47038557175385304,0
154.07320747626625,62661,-1.5511365508507453,0.0011553692024891262,-0.45379345583754366,0
45.43787531916979,125799,-0.8964454086404662,-0.3952583369790307,-1.4909152982342886,0
65.59150919359669,167953,1.048633150409139,0.9556206429066346,-1.8350502021807997,0
33.842941907423885,144622,1.1457772572651475,-0.29214606294160256,0.3507538554453914,0
8.33028294474002,12170,0.2143039399555994,-0.01990281699714709,0.11527726961925246,0
132.99813205465625,98039,2.483252951945425,-1.792592394758271,-0.5234250650099941,0
25.114896111870937,125355,-1.7605683819687592,0.11833482250608696,-2.122214308868434,0
81.22011729872487,43638,0.03851311628527672,0.6156191895118703,0.5208635895723227,0
14.544137961014009,46434,0.8477717435655518,0.29364101003993903,-1.2613264567561333,0
0.7721179240765748,83301,0.10363951283045297,1.1538541975195078,-1.2683873443472475,0
77.53107840756584,157650,-0.2394302409617225,-0.15886736035811952,0.04919926519064339,0
1137.3592818743487,112314,0.12571954344125347,1.188475500513059,0.2718819084225732,0
115.56072918734769,81983,2.0784773961737906,-1.5332958530925285,-0.8794942321412338,0
4.966987264872529,169456,0.22844727310786864,1.2632481984137438,-0.9413549070887655,0
145.25041130258538,142111,-1.8686692557395346,0.09417990364380684,1.35566797526019,0
257.44898459195446,124011,-0.16944599862147847,-0.7637682529851483,0.7567184363801442,0
593.243745721293,127767,0.3010731948560048,1.3863772539533652,1.3167979078524563,0
157.72406160994547,140967,-1.3965568374023314,-1.0149186344678423,-0.14078926260526872,0
42.91238958471297,11036,1.7430509349237138,0.4403897747268697,-0.33169573909850303,0
230.54769300773117,721,-0.44588548302606934,0.25851460449252106,0.3013006452360526,0
63.610874783601275,130424,1.1458021015617652,1.3671203890579573,-0.004697142735687742,0
10.180714120879392,143156,1.4220867046552985,-0.21243080072671086,-0.3136844957543645,0
169.9463714066997,66504,0.8901134004564039,0.10689806540393236,-0.6091345436790537,0
102.4688051785122,81144,0.07885470777375661,1.2395457278603412,0.8936348643535378,0
52.134152194734824,56625,1.2564509040777,2.381820437543832,-1.1296366435002625,0
34.86519223317801,83463,-2.325687760186007,1.8812490586389152,0.6313701032972101,0
55.57836566393935,45309,1.080999619670709,-1.0053651975333924,0.26635415954279296,0
35.475017661352354,36432,-0.6101225402274167,-0.8265019805355854,-0.11321316621033702,0
43.05773041239664,149720,-0.20481283756708576,-1.4094029031821316,-1.121875392032454,0
121.6953536054814,139598,1.0273283553120405,-0.21845207140060358,-1.4229081989760775,0
89.76600538920903,52693,0.24636711460980074,-0.5707601528076248,0.2060740808572826,0
108.25980711660067,4840,1.41556796701674,0.003706296974460255,0.9140346803413025,0
516.470233360054,83391,-0.02895651168245551,-0.686667477109145,-0.9848835463656492,0
33.44793760890742,36232,0.7643002689639313,1.7279686102100387,0.4510070349564345,0
56.71722275813759,104056,-0.05355604405512669,-0.27454767845910827,0.4899433966783408,0
16.37512367351292,38655,-0.34623635923066237,1.73464220623007,0.9881264554876174,0
143.58011162982172,104554,0.16236938567966158,-2.2460200583469434,-0.7332389940653927,0
11.931191096390663,52320,0.34155531443121917,0.5513564262775962,0.8443804423092469,0
178.77695516816382,105251,-1.5726100559786802,0.2639508306698533,-0.9249335638544787,0
272.41175542421234,101630,0.20765721747637797,1.51655066225682,0.06487876679597687,0
29.40843335932861,111269,0.2133283013554517,1.0576609345029306,-2.0761134804730337,0
516.0210322211705,64927,1.109413982149168,-1.7738616843274742,1.096878338393486,0
120.44837640284483,54697,-0.17377304692066126,0.19394934365039385,1.7643476350408562,0
9.107629696284825,42873,-0.36033853637853264,-0.05657457642959803,-0.994936790683725,0
141.2990453502623,110282,0.5228896384475755,0.3555486004358021,-0.43530498661506767,0
26.466630596382075,8195,-0.4756027518326039,-0.3862113602614486,-0.27337310606368465,0
78.04276605621065,100342,2.5711053063709954,-1.4231134118401525,0.7825728945635348,0
33.43067940991988,110380,0.06419383845683735,-0.4069705251056415,2.0623150614667822,0
92.49663923949849,67182,0.9288170187931283,0.9058291384396058,-1.217674170796562,0
50.47071787936408,150401,-0.4167820532098529,0.6830191231830746,0.23078281057657812,0
1.2430807793257088,48671,0.8731073182497007,-0.330076091197003,0.38302522730767663,0
105.15203493199672,124534,1.250144816780119,-0.9602947818135086,-0.8946932818465707,0
78.00276783604444,19329,-0.637126727462839,-0.7951584519801286,0.9590590465138815,0
305.71966781108006,94769,1.0617385112074798,0.16632883114523225,-0.47715479744732364,0
422.0250912924823,15565,-0.32588083360310477,0.4458724010459452,0.9849719178797454,0
195.6538337201768,109987,-0.6075654107720743,-0.05458009210868496,-0.49822886308025827,0
247.4374699508809,5484,2.781143435812995,-1.8610473888872996,1.3674061275147713,1
37.692511805672346,97081,-0.04375913054476578,0.36092187549804894,-0.966335058608843,0
186.85793036769746,53906,0.09147571197216911,-0.25157765259014664,0.33939493991917385,0
13.593670671781599,37760,-0.7727314159637813,-0.033452447451612057,0.06519186817547049,0
5.747683919790366,112007,-1.175457251221107,-0.2630942357318602,-0.20191313707221967,0
373.10429069607204,85930,0.4853728747412901,-0.07322628469460644,-0.1685052307027827,0
12.27147271533432,133878,-0.5098439892985847,-0.3543049544784945,-0.14169389780077135,0
813.0289943071213,36079,-0.18782291164028053,0.5545711751514161,0.021111807959263085,0
52.79127453457653,131399,-0.3222330240739302,-1.301710214022063,-0.6186553845864631,0
5.235427695091157,110406,2.3148389421243505,1.3564952049090995,-0.8003251858391258,0
21.51453175979473,127636,1.0592491568277567,0.4066901275089783,0.804205038852892,0
47.0926906731796,85553,0.616990015045559,-0.19646749796962695,0.4285328104489421,0
1.3076961353941405,80169,0.4335040799763328,0.6350044765441685,-1.5693589117661193,0
23.063930382331765,52872,-0.4511735100981264,-0.40095123933642757,-0.8846287618742067,0
251.73699204505525,146504,0.7218895169854379,-2.4470849456827697,1.6772091582446187,0
15.10041462885259,159282,0.983168091569685,-1.076586255366357,0.13173554675159452,0
26.899352113449023,87385,-0.4294740601622848,0.3125530388271029,-1.694378541502442,0
104.62093659856333,124908,1.6072340675851298,0.047762383098556155,0.7910078025037435,0
20.18310289829828,56632,1.5575622877135933,0.2493656247343008,0.2040804781590256,0
29.756340041890784,88560,-0.24934425102874958,0.7571967374918592,0.8700680601043247,0
84.2470004694118,89893,-0.1069275949097605,0.3785194562423876,0.5639483684926112,0
135.4238309355983,82159,1.1524891164500897,-0.00819506072587311,1.2234406924593324,0
11.378274271821438,160059,1.1567468292788587,1.2995161085125633,-0.09924523738364865,0
3.2547433424028704,130017,-0.1646432825447487,-1.1287130838805772,-0.33715763050936604,0
9.459153940231559,85895,-1.580520846189742,-0.41443719588713845,-0.0807131841853653,0
7.2104076892447875,99124,-0.9467479879305021,-0.019882185599913636,-0.7288186610375456,0
195.72021160268173,130683,-1.0658032505660275,0.06682204757527031,-1.34355583283472,0
244.03861816986134,153432,1.326530157866414,-1.6715142070462763,0.5067024666101411,0
65.98772711159963,20001,-0.442839534980301,0.5669951069478942,-1.0326454985694502,0
183.6178159668638,27677,-0.24964044982656203,0.29265560018560705,-0.5894095492593694,0
38.42831526570952,160882,1.6956994111960002,0.17286473457932028,-0.8851274293995927,0
4.2509677163105195,24419,1.4185596846908963,-0.650811861754108,-1.3787629524742042,0
122.73489481243459,159270,-0.6729355304279562,-0.21966926858395736,-1.143212085171757,0
17.395666809682673,127169,-1.6089048669446206,0.5790268438392295,-1.2132797108403284,0
4.016574125999304,166746,0.7225830981924504,-0.39770560117253706,0.4864844151636223,0
349.3789682646087,109578,-0.05150332044666596,-0.20210102026955062,-0.3370299780466761,0
35.437642631910194,91931,-0.5366286976068945,0.4018826847252874,-0.3350005525773827,0
45.46370438599793,128872,-0.6888251970010774,-0.5706413761001076,0.014421951689419706,0
103.19195625988046,120611,-0.47110256301317305,-1.3924848314817562,-0.743302291606291,0
6.662175446698259,14052,-0.3216823685164775,0.7487621231740731,-0.002881725070628619,0
83.35022668040273,97383,0.8435680721606936,-1.2145521507892323,-0.2904381379459603,0
13.330414863839172,79837,-0.018912381534962018,0.5996219618958418,-0.4921381365796542,0
13.065917046755937,102658,-0.9392622443918538,-1.202591741652517,0.5660061864595882,0
34.647664672605465,3531,-0.65899576099334,2.3073042649236517,-0.058311848711198,0
61.336683162516,97143,0.6104710014296784,0.08154487541467695,0.1794737046187474,0
15.108426641379697,74072,1.4617421210814645,-0.04089645469715099,-0.03174089467636454,0
8.666620167644549,93104,0.5550731936574151,-0.00976219729819913,-0.7889730993057221,0
166.19989266582928,48061,1.386390121317703,1.8659627409068775,0.693987390145682,0
30.08465139210157,16406,0.8949907991294572,0.25799037355820215,1.382699661702192,0
196.55926027051726,48544,0.6631004857975907,0.2782960460887509,-0.7278708232720104,0
16.793987761984145,144444,1.2588571112906777,1.698365139589877,2.1130454329136157,0
4460.915573940157,143612,0.8504904518915329,-0.5025777998354551,-0.7597616517525507,0
10868.052284003272,29865,0.1988375150504223,-0.21941881052712844,-0.244512662780123,0
106.40795150831451,137572,-0.8276672634667452,0.8532134586676521,0.8851527984599132,0
114.5596763972052,82083,-0.3909011868845788,1.1813167894478986,-1.0795951789867642,0
41.190633920581604,122475,0.07285139467377255,-0.8187030635265624,0.5406242525777982,0
58.460876916668326,135824,-0.3119152556325995,0.5036678541555651,-1.3872301972652963,0
33.62428256865733,45610,1.8010434455415012,-1.359415715825063,-0.5644097215143928,0
10.04539168315567,71922,-0.26293785304404416,-0.4570203348327851,-0.47991546482991054,0
42.82267596649315,16472,0.09742511500666713,0.030039923519177166,0.5539318379862003,0
12.678805523555004,91612,0.624016105433433,1.611211652217291,-0.8490674013880416,0
479.73322229348213,102126,1.003101367153822,-0.13677392096577803,-0.9339979117512336,0
97.47286004792728,99747,-0.030125983976861937,1.5626117583351382,1.5134636935486896,0
1459.2581056178972,26521,-1.1019599039478043,0.49631679815722596,0.4300793858189764,0
62.432933612406494,114892,-0.22152795969100708,0.24607220126206997,-0.4069773925548613,0
21.168679627689535,62160,0.3996403444335376,1.4204024283307524,-0.623046504890663,0
216.72184791534548,126691,0.5749651951682917,-0.2370803128878598,-2.067986653257042,0
294.7622443348304,112765,-0.16925877220638444,0.12428482232200287,0.24127754145406657,0
131.07315760308623,19638,-0.23163719604792368,-0.5489230626727444,3.475239376026484,0
6.594106548781298,12549,0.06500685240253552,0.7103775813365062,-0.4091413422610057,0
51.01494081887079,148373,-0.913538945615327,1.5418031269701087,2.1213846404842567,0
25.619812426051208,122416,0.3352608995493788,0.9282702482476585,0.09146570258478745,0
50.1549526694865,16151,0.9777382355681574,0.44987157593899113,2.601610002930513,0
28.878655290196743,135278,-0.8348655121473764,-1.1750969238504014,0.6532510555627813,0
18.2937802485979,164500,2.4127215260317305,-1.050236435070866,0.563293096424882,0
222.75023500796758,129330,-1.4174575444574913,0.7641426063755616,0.5056256997930456,0
35.34044180412793,67762,-0.6246960911386185,-0.28294798390867604,-1.4223411557886465,0
628.1021623624284,112695,1.5589475318321446,1.2193308113929902,0.32580517956419014,0
80.943739257793,133572,-0.9977983039547479,-0.5582960298148072,0.07129205135066163,0
83.12569991775112,70938,0.5144844374150292,-0.6143866666440916,0.8647576613296085,0
21.045533488128505,152945,0.021510448889582943,0.37828613009068834,-0.27371556171723926,0
366.0884070211657,47405,-0.4550546320004146,1.6616282557020838,-0.4656315162533307,0
3.7479171615799833,14418,-1.2930009931766404,-0.5200597123921892,-0.07347640668475107,0
27.948110045019575,58945,0.4334389957704097,-0.5284989444132039,-0.5909780350088472,0
41.23484298598998,45310,0.7616393736388155,-1.5724415684947104,1.5655884173001355,0
37.098230450858644,134909,-1.294056879485373,-0.6889129337266919,1.0867001260399076,0
36.21256368532811,104135,-0.6832321086079146,-1.2265981165710877,1.3707046610676972,0
727.3005609615817,87755,2.2492244722009183,-1.3724167246499135,-0.5262490752450696,0
7.711977689542732,57477,0.47057996672517804,-0.1616581374044595,-0.44663273478945864,0
153.73279339819828,81459,0.6056324251047015,-0.34169135805265394,-2.0530160209398725,0
124.0492510658927,143262,-0.7050960566855677,1.3654465059350713,-1.6894604793310681,0
110.04378397948685,52634,0.05165937364420053,-1.146686108812825,-0.2916748531398673,0
68.01398987555864,14060,0.02978668078180274,-0.785164780192896,1.5310126263237722,0
220.72557297782495,158801,0.25169779786596336,0.5854320577633554,-0.8899897570387977,0
7.885760387001857,65470,-0.11598020849064865,0.35489410621547335,-0.9411141349441107,0
167.49280710475722,172022,-1.0706982827842255,0.7321194066338913,0.41685577597806456,0
474.80946769821423,71123,-0.8195806064139468,-2.282915650854868,-1.1445230210503192,0
1770.459346990372,31275,-0.8809998133308876,-0.37832240495759717,-0.32780906677120647,0
76.70956235310814,131290,-0.24846620974072872,-0.7753561260664696,1.4591358116024358,0
16.175515411157537,10019,3.011320603545262,-0.4244301317139473,-0.5227634387422769,0
87.13679882431992,22357,-0.8852572875607955,-0.44146579748117054,0.14817470117579992,0
84.63002359548587,142957,-0.023227916029956663,2.1690515225652818,1.1978618653911377,0
147.71997603439516,162673,0.5069089821074796,2.27282384731992,-1.3589355465123238,0
46.85266660743035,53380,0.06183674605394426,-0.44762366972808243,-0.08774582459824475,0
30.444174362627233,108539,-0.8416822184099895,0.48259574467332716,-0.1503447971819035,0
27.390907260906214,56,-1.3898148498568734,-0.026627883315004847,-0.5504051275430172,0
153.2863835485362,137300,-0.678085546979032,1.5075173258490866,-0.5905437343290089,0
59.562971784409584,23233,-0.589195963386525,-0.47947527910199506,-0.04136074429818252,0
20.593265366535306,168571,3.267220176251814,-0.11192227160702337,0.474618771800844,0
128.49602922560032,54512,-0.4805577103119896,-0.29852537560903575,-0.07339934783326704,0
93.36271326478986,61599,0.8537770504947337,0.5385361453349364,1.3210474068152047,0
389.22833548891845,82757,0.03635705147828729,0.2745302943057276,1.774476899796386,0
14.212480552786062,4909,0.05116755914510561,-0.592963328904931,0.12921639636424148,0
23.708221337338387,82331,1.1178638135667762,-0.43199199337744826,-0.05277572236603476,0
49.288766966122054,150170,0.057286435144017434,-0.9525000794507624,0.6995863206673086,0
18.431347883410215,155732,0.446056944175867,1.2663012094689023,0.6214976743946855,0
462.16906620711706,29974,1.0621148004639736,0.7881059409642298,-0.8365345759694693,0
51.32242578867171,122315,1.1632328662635059,0.45515018927930484,1.3371928394666568,0
10.71214809912424,120899,-1.121393498241517,1.2585431518630246,-1.5698931301674446,0
88.77052454166638,16705,1.579903603702508,0.9098907361832909,-0.18265405305144963,0
2.4349218252225104,155509,0.9861087070812502,0.13559425458940008,-1.3009086558349308,0
29.226096958127357,107277,1.231223522980595,-0.1358270113760024,-1.8370271081251712,0
37.24561329017587,9275,-0.3413812361469086,1.709234683597743,2.0426148712404917,0
14.62182658936151,42850,0.5503925077291125,-0.9816691663062304,0.8010105651329367,0
103.14044124142626,108924,2.1075931367856735,0.5836424050874451,1.9027784265091434,0
20.336675342161993,112418,-0.7611615926534127,0.7251727871603718,0.11760686620417485,0
32.41795987081123,72503,0.6970158398746191,0.39702331800060664,-0.3583767972087411,0
123.29112380013152,172781,-0.47425015975833246,-0.30946519590406935,1.461101739884434,0
28.868556104117992,78845,-1.3314162649239205,-1.0494264191759195,-0.8525302780262105,0
167.00789489451878,5618,0.1784992008518068,-0.9914684879088729,1.7599741795789665,0
17.567909957818415,65573,1.2081475612650503,1.9502759702347874,-0.011549808864007836,0
13.829229838258664,92700,-0.02300848502609249,0.13788213629882984,0.31686435944060387,0
40.83688566648796,95789,-0.39391022683002497,0.21657135381253478,-0.31999982568399665,0
23.02414068854332,18065,1.0131470540263445,0.7894023853862724,-0.07972765766588907,0
30.585201682275027,126652,0.036254211746358456,0.8828222780258522,0.1014021566265678,0
5.174205350477244,9622,0.3632047345275736,-2.3958783212483636,1.529505494090766,0
30.068570583685773,95335,0.6401411739922973,-1.7421600137283786,0.27756138273339137,0
114.5448069257631,150372,-1.6975196791334175,-0.791243971104887,2.3125542502438297,0
28.921987743296697,30339,-1.7669218861742957,0.21733620839776943,2.107685407708661,0
12.21520652714167,43452,-0.28998459183190145,1.0863201888597722,0.9827577761046842,0
84.10302643326528,25226,-0.5107853176291703,-1.6049668303089148,0.47978595086380055,0
28.526662453188624,41576,-1.1211698157201273,-1.592153339062569,-0.1011630092184482,0
54.66005907010847,45147,1.4027593394992461,1.5709453047178779,0.23316339465669558,0
11.030317325374364,61775,-1.053550176530455,-0.6213178101363533,-1.0169264669039428,0
569.2576552221243,139334,0.20757875504354328,0.32287001805323484,-0.6889384668411033,0
6.616621546216628,155154,0.5301496655337419,-0.6120372902795623,-1.2424460028891897,0
59.05018855302455,34536,-0.5296938357849674,-0.7873426354408327,-0.8385678427895482,0
138.17892728824856,87081,0.3431954846423206,0.9400079143266111,-0.1886151472509363,0
33.680119103379305,96344,0.9062665545652719,-1.3009824548465903,-2.135500622236458,0
5.5650085581411375,5474,-0.9466504811587741,-1.7684134737741348,-0.149919067414371,0
23.238847470482952,138721,-1.3061927972269274,0.5561245492364395,-0.647071946406898,0
41.05618307176161,145765,0.1623992017557282,1.0949687351935142,0.10407584830792545,0
552.3072760550433,26209,0.1966045592019781,-1.0634865148596833,1.221144053758081,0
25.73615415227699,73042,-1.8735495229124317,0.43522741725200964,0.6539291428115332,0
321.2923880134391,9402,-0.40436628546340864,-0.7239758771879897,2.060616226348891,0
8.754072013460625,10272,-0.7908825990890151,0.19617355292619798,-0.0903070561151066,0
118.98984084976414,160066,1.0864608815534664,-0.0654894430483283,0.5087631478775663,0
12.233248953588927,127852,0.4686255554704134,-0.03662751347347346,-0.7836394674348789,0
35.50979757360613,35120,-1.0248244275303857,-0.2940813259480128,-0.5966747515187969,0
339.7271439227122,169621,0.09104397069860187,-0.1685519124416093,0.4708561459660554,0
159.5118915843275,132721,0.15689644296199168,0.8733077002147288,1.7311046544146893,0
232.09687321007954,68683,-0.6044046787763676,0.9987407873182748,-0.134165904559762,0
17.987042205305773,62759,-1.1629956792023857,-0.39713193354291665,-0.34647489619838734,0
13.344945367289935,126283,0.8340207114722088,-0.25416251502321896,-0.20233420283582004,0
316.0462399219393,12736,-0.35934833851864134,-0.8211142090993886,1.5025115201555872,1
51.09006319276555,153669,0.8001144980269537,-0.4702130131301835,0.11004058072677249,0
70.24737990545353,147998,-0.27499514544358067,-1.4500463248506539,0.7984072492861791,0
11.215968107204567,72242,0.6340437332205592,-0.4933092989682618,-2.0409824366004368,0
173.04427440357213,13225,0.17550518927939568,-1.4918978469101667,0.5878392386747687,0
2.7439446438684363,19377,-1.7374077405882302,0.45860988531823527,1.55763340907936,0
4.375461319973104,88898,-1.1087872336885805,-0.438602113616752,-0.3238216931442564,0
853.0648455859125,166656,0.3305513495162313,0.18053315081160184,-0.09759808927186267,0
64.56669608067965,121232,0.48812903545922776,-0.7103789484850012,0.5783895246600218,0
61.7851256335064,1083,1.0625365398649613,-0.34809052838170773,0.23157115089745903,0
66.42244567910593,26000,-1.5698603005816048,1.4355583679411297,-0.49561582003959836,0
10.096823277603255,16471,0.0920982881435279,0.7166235788259815,-0.1742962857911189,0
70.87521620957072,135197,0.0546829135694863,-0.0701970673501878,-2.17311882866844,0
14.031491269428596,135938,-0.31128129712281166,-0.015539276539500402,0.8383381742001398,0
28.726707315835053,40364,1.0145070289194755,-1.2330673020619463,0.9718042987127775,0
328.06802370885816,42898,0.3307473252002367,-1.1572698826923233,-0.9527976203034624,0
157.8472673527423,162372,1.2782369230719093,1.1576991721984349,0.23348045747425544,0
367.9140378694789,102126,-1.3436611687451343,-0.002664572836726349,-1.4761628555159776,0
100.23050329665259,80901,-0.8500508456830119,-1.2529970495416283,0.4127041635969325,0
12.23869385744143,167927,0.7447945132703698,-0.9514445002515689,-1.3133812484562655,0
24.575429802715803,24967,-1.0867603448008627,-1.791733484774744,1.8440259275944055,0
431.68857677806494,104610,-1.491151247404545,0.2724894720648112,-0.3172999027521492,0
95.1369882871222,557,-0.7733799529429677,-0.4399470146861073,-1.1102913639686343,0
153.71657958486247,171266,-0.56529769646204,0.7683422816435536,-0.1284012155309453,0
35.62550249526136,119271,0.5943468014406925,0.781615181505085,1.070697893392263,0
64.80232439402437,170188,-0.3053494215712074,0.818127280458948,-0.05524671136745998,0
72.91488228318477,100992,0.9368539635024046,0.19857990178920304,0.8881562806279193,0
33.38671028794249,39191,-1.1057952313814141,1.0254006375082882,-0.2631596229848296,0
8.792458010536778,76610,-0.5378545040698415,-1.7237788482218614,0.6413091562975608,0
7.891443878444975,1785,-0.16926566618849603,0.4067463055974128,2.200949171274209,0
21.251834226670855,105856,0.33493311372269424,0.4436881685266982,-0.5596658959689964,0
828.9099693858512,130126,-1.7338837675946863,-0.25646909635903203,1.1547854503704282,0
29.103192352982866,148971,0.4261504164268343,-1.0004648362595538,0.1387649499730356,0
6.596629783919694,16396,-0.5592909159908852,-0.1357783341525484,0.7004719217754293,0
0.43538502084451,25720,1.0040648314991318,0.35645259910964616,0.4147729534301739,0
69.20968765676429,155190,1.384848781348608,-1.3575159749241923,-0.263682703294205,0
44.35901794888139,125596,0.014652047124392829,2.9307803734755353,0.443943299741546,0
30.235598187558047,122952,-0.9256315064847639,0.0775197587215086,-0.8001071956262772,0
19.830726683797906,148032,0.18869976233010707,-0.672484093091348,1.990152701429423,0
293.4719939774627,26921,-0.2837428333470112,-0.1250404630757591,0.8928824928892215,0
27.79626871437725,40244,-0.1276374197924001,0.9071221807927522,-0.02686246977946701,0
17.484259301328844,155806,2.1790918428529467,-2.247901588680189,-1.1653686168294983,0
30.801190963565432,3062,-0.2080065130031525,0.4364917838174957,0.2098560064731918,0
327.9188329580929,38919,-0.6028996447227494,0.1443294166074131,-1.1818052106502732,0
255.939535306107,100726,-0.01428106081285749,0.3156270137872471,-0.24470151374851964,0
20.84820584793466,43671,0.04671696206240706,1.4142283908661133,-1.0797170149375475,0
3404.4089330791744,140288,-0.41302569571544495,-1.0585818989539126,-0.19637304637682756,0
176.27357290182712,108283,-0.29883626888910486,-0.3865850234645595,0.8413101255240333,0
11.033672600790089,118751,0.6597539480314554,0.45164741207532894,0.7916615165373321,0
32.96411619771666,114952,-0.32563323218112006,-0.8501096838536948,-0.325029601177372,0
20.599353086899086,156018,-2.3276066070091983,0.5347386423573949,1.2544783770822991,0
37.27362175928951,119024,-1.5110334291579897,2.2953507780201328,-0.505518317111187,0
85.00511821793255,143004,0.6821079903638647,0.984291648673616,2.3087149585765974,0
7.065607453436514,24248,-0.9115554470990893,-0.7028578608400228,0.15811576412269088,0
73.46919297775675,124535,-0.7989296253475275,0.2555193065597472,0.3210083110749873,0
153.50707936592653,140682,-1.4732714396262918,-0.6190885301242441,-1.9822723901272106,0
52.991016837289415,145554,0.10672115318425134,-0.9984847750496373,-0.5667880002423658,0
320.53221769395725,66798,1.8651158493917968,2.2541869477579293,0.8213180273807165,0
28.010527275989556,96123,-0.8627985790187782,1.0633361148375466,-0.06477568455256019,0
108.59007960718627,132340,-0.419130209940556,0.10137865905273007,0.2633294448454913,0
123.20382101849061,102350,0.3376342694147298,2.0210629575527874,2.230610662506115,0
51.94341816953469,65223,0.4511950852769127,-0.361189723822911,-0.4763912950087023,0
36.81406151108089,10296,-1.301619947216956,0.021444220323946703,0.7146753648049499,0
26.40752191784968,38237,0.17446138875197603,-0.4215540160350076,1.2950866335437339,0
86.98268981995008,129814,0.9275106795760463,1.4974993971326402,-0.1084933362327225,0
99.19348381295319,123031,0.2456451702067416,-0.872025784275034,0.5821801468304442,0
285.9497268072352,44067,0.1683569342791456,2.2167513601626947,0.09496618981839784,0
383.2642621742837,172191,-1.244947867701808,-0.5893320791041705,0.15171905596701232,0
305.8075627257076,131114,-1.141402351462523,0.48607743130029085,2.5090746618343527,0
327.85451015778506,49744,0.4071692814353072,-0.09316378027957956,-0.93400350265823,0
112.07432610486795,81855,-0.14099576452747964,-1.3096274735532347,-1.4075009578712605,0
267.7156084672043,79874,0.5430458943081361,0.04976653663425241,-2.056738750917831,0
900.4591759731115,113819,-0.3876763411458214,1.0584127382922999,-0.5959570019436469,0
76.31895768526527,51128,0.5416408017639912,-0.31836854805242504,-0.8541844249877666,0
76.3929420927323,44293,1.0641606537063042,0.4875517201883928,-0.18453100822085353,0
63.68622510533916,59327,0.09154607399540327,-0.4866510897465719,-0.8189981609689544,0
1484.7785076124303,130119,0.061418263735919715,2.1604330501350293,-0.5399112731085679,0
110.75422648914798,57402,0.7833533478212549,1.2149754079817683,1.4626940072958234,0
62.76947383046294,5017,0.0953905972425176,1.4001583753640467,-0.7834040050927866,0
20.419052698789987,113219,0.5093004191681524,-1.629811769346699,-0.05228702025453537,0
22.980871493836307,52414,-2.622082364020122,-1.1022596806640974,-0.5363233564594823,0
34.18859476071981,156806,3.326780537643981,-0.5981163355721733,0.589961343077105,0
34.99092742279017,123056,-1.4048852084751275,0.9641409491973383,2.1611148844364174,0
46.54848679953707,163704,-0.4508950789267845,0.02040175743412336,-0.1274277761152959,0
24.157373535071923,165301,-0.9264910034023438,1.007965785423184,-0.13106454163271614,0
39.71121078020797,80490,-0.5358873933381993,-1.6320146452166235,1.3171523671484877,0
64.14630958550276,121755,0.9728631577547874,-0.1208550343254266,0.8868959627493455,0
521.124763760058,45606,-0.12313101980007204,-0.273926454633616,0.8091703907830295,0
6.693638589811658,78346,1.1817959296819631,-1.7475327933111542,-1.0227009999578036,0
34.20891119385292,4137,0.501317120140041,-1.2975072766207423,-0.44376075133623966,0
7.303859667806492,52136,1.804986724740171,0.44494179026600905,-0.3399682113612893,0
170.49956415659005,17970,0.9122823150627031,0.3930994217390383,1.1383233305739668,0
268.24061309278176,96462,-0.06383664662928157,0.5266937677928122,-1.3792192987964276,0
39.698858968417376,144137,-0.30598845507444783,0.8032611107373235,0.14471905889158995,0
180.3042226310735,117990,-1.7467023939378261,-0.519771047362771,-0.031801921444755285,0
253.5508308642864,126419,-0.2548422547283249,1.2549561803875682,-0.49854973319714413,0
215.00417188987922,19198,0.12969816789202157,-0.6891936837467925,-0.5020648114125148,0
26.213269112131346,75761,0.4991469945315488,1.2029964206121306,0.27381795622805405,0
60.75689810733237,97435,-1.9772018112543461,0.6715852976724804,0.26463873209638206,0
37.461856227212635,99626,-1.647263030972906,1.0342510336110455,0.23119235634243404,0
3.997138396685589,118692,-0.3847567197594384,0.05237248656916742,2.62917253678907,0
35.883747834596804,9133,-1.0865082815938811,-0.2286987219886309,-1.3588204804903448,0
671.0600191282638,126552,-0.9592735226096961,0.5586329210498886,0.9769454342785219,0
277.1336574755632,72706,-0.9411410765757597,-0.3721587300341467,-1.048320884746384,0
2.722816002259737,25379,1.2114928026628493,-1.1670336626351732,1.5916889547945885,0
114.12090663278026,59273,0.662367553637271,-0.6674013860865563,0.977820590365221,0
25.09380597320656,67762,0.5594873854961444,1.7809432422563665,0.2122113586914954,0
9.111567429188243,22027,-0.5933319044440685,-0.946143429380259,0.5678434201200635,0
1784.776312946255,97677,-0.5294183056209214,0.4090097578587433,-0.6848952738250884,0
23.242276066108886,43388,-0.7432934496730704,1.0648116630257831,-0.20316889551188988,0
641.6284705612427,39265,-0.6041072340560423,1.3273524453237369,-0.2257181491660184,0
111.09532826625409,3934,0.9843282827270146,-0.6018041637466323,-0.9444828059534307,0
55.79942132947531,129797,1.1747398570335101,-0.2618215752293104,0.6374296830084258,0
571.5123220252476,92551,1.1098143652301662,1.5832710496838907,-0.323778808144801,0
31.6817928977827,72855,0.3203654398324478,2.374845357955601,0.5569200169948857,0
2.161126743857684,73524,0.8872214094702963,1.2182076455244568,0.056280250199233224,0
3.847182074684338,50478,-1.7067247877874245,1.5446039128781233,0.2497331037522457,0
35.078046626621045,13181,0.03579991778963857,-1.4625850973263559,-0.031826461438689994,0
20.574164666898618,141019,-0.6908587718374298,-0.35550945546919843,0.43120639297357477,0
130.11165583482466,50106,0.3576356031257744,0.38543537302082814,0.9384200713325099,0
73.95769160503093,105547,0.8142326145738055,1.1368228389645505,1.1125677834463077,0
1156.6662049330562,119879,-1.1727727653360884,-1.1759776305121734,-0.39476130012732713,0
39.218598648581214,37455,1.3301445053825853,0.3101270562733001,0.1627724232400078,0
38.943272511761585,127718,0.5296839218262402,3.0432523477077407,-0.8736337969055908,0
257.18220345114986,164695,-2.18750067620184,-1.640798801536257,0.250498222193093,0
57.926245519212195,1504,-0.4791492110423328,1.408569990940977,1.7660066428540135,0
112.06078307879994,89360,0.7523372960495602,0.35233529734323843,0.6459221126170116,0
14.844190218233976,16767,0.23107273019553737,1.2203132017865799,-1.5379365232668454,0
10.156708162106671,115742,-0.4267792300913269,-0.920077453118917,0.8434763955160871,0
10.337899102199811,87498,0.6514235178403461,0.8921042451986622,-0.254691865772436,0
17.31517465036558,27005,0.1360970126289662,1.7188804399178959,-0.4536293780983754,0
1851.2450284176487,34407,0.5761949985211665,0.6576552213059842,0.3051696296369987,0
34.15801749588457,128236,1.0686686614366827,-0.2644515090192336,-0.1439673091230457,0
49.586456119572986,62235,1.4410884637357415,1.4311827405759812,0.5208032266250799,0
14.584831167119905,100770,0.20795826550092925,-1.6384828789542578,0.16553092742945266,0
26.454027693939533,133441,-0.7066751788797128,0.9041931061602341,0.05246963295186832,0
542.0145240902152,69432,1.1820987446652833,-0.2044061430521272,1.3149698633086568,0
37.64423498909185,4409,-0.10692903510570556,0.8224274973767687,0.058068985060576846,0
2.24601799762162,159075,-0.6195141593260763,-0.5715390611244836,0.39389332039343783,0
168.1152813744044,113682,-0.602115144058817,-0.7137244404585237,-0.5356921002051385,0
60.14219182147938,99926,0.020617985172410515,0.1093578712018969,-1.4111640268128138,0
114.67000488635666,29046,1.3314865231490116,-2.7319360485194695,0.19040923626020534,0
11.147134144174787,63654,1.9138952685845403,-0.34302774586319107,1.550165547443117,0
6.266379836326454,15475,0.04732273899827044,0.13963827572871104,0.5771090126494902,0
73.89225230449293,88121,0.7950198489045546,-1.0258094017772523,-1.230825206067526,0
11.738498086178465,11629,0.9541514471891753,-1.309494889635081,0.5528993085262132,0
668.3982457101174,116254,2.5871286193337255,0.27162765805259914,0.40111881175649067,0
30.80773755550645,88705,-2.07226933539796,0.8950665140827002,-1.6785121220858101,0
52.39062391643033,60369,-0.13316695411234253,-2.0068926450517535,-0.523622558940411,0
417.25936595118094,83554,2.551928957589505,0.5833455386122602,-0.8449005946401541,0
34.706665254346525,39313,-0.6386513150866412,-1.0789110949076322,0.607388721276474,0
9.035791395059993,75462,-0.6446487681141604,-0.9133565627505489,-1.4364489415149122,0
135.87841901959797,116185,0.4430991350184672,0.5767048788831458,0.08362398720071386,0
7.381388448888826,36180,-0.4796779411630805,-1.688288044801775,0.16731487179234408,0
13.772608801397293,108987,-2.077220877075955,-0.18197806313989062,-0.21795769612089275,0
659.7683719435108,155312,1.9128295761150174,-1.7800537596745878,-1.3680467515754604,0
36.395675216786024,89037,0.8476614871207809,0.9513960887004036,-0.978299264672283,0
59.28765861182809,121403,1.5269340422557993,1.7889228263905737,-1.285416139595744,0
476.1090411817183,40285,1.819285400934305,-1.813089477925101,0.3842739678414938,0
28.06686656123074,151117,-0.8653922617287539,0.6889891760493158,-2.525796326433053,0
14.500696130714214,57198,0.44216307312589215,-0.5543257870873474,0.4852925913259031,0
2.0806555668022986,118165,-1.9636010791297045,-0.4348838010526692,0.722076020848258,0
14.008239439856835,60539,1.6412568930547216,-0.4065431958723135,-0.7147183870505506,0
35.442292217656785,150636,-2.1526116550845003,-2.336949893509732,0.7176084096279607,0
151.7210276094517,70856,-0.3379987016471785,-1.2425933544892878,0.26360956139273184,0
10.198236097136633,147863,1.3103788482651044,-0.1678628203761555,0.08729328199762704,0
17.156700175526993,69874,-0.1466783136045462,2.1212782099950034,-0.2528979551563956,0
4512.346127554871,51332,0.40984371788352464,0.8375729507568376,-0.8573042759392587,0
136.16375555013406,43056,0.6340215142737595,0.5444298843109638,-0.4612183944480225,0
56.20558370903507,7784,-0.40357418814518387,-0.009055010317461488,0.7155950474365123,0
0.9882192506587771,77838,-0.5790755071358795,-0.028097996194955156,-1.0615376874792304,0
276.7649166460763,116128,0.700022478553684,-1.4300750982847155,0.2840835183421031,0
2.4303613346391115,152845,-1.3352250282897309,-0.20781166030462406,-0.7350985830808774,0
1189.502893035348,40770,-0.6752611750644743,0.627347038134549,0.08378750440594628,0
31.099925681317778,163424,-1.8515562917293436,-2.3104698036679334,0.5808656100192767,0
305.86644442742386,137164,0.619044514270962,-0.2750496325061743,-0.05795077089956779,0
127.21310598588214,104713,-0.4228642271668908,-0.7716433013223539,-1.1942702532795333,0
32.8291414929839,169795,0.3079015711101162,-0.16660611914682072,1.6676265703671274,0
30.669427712695008,71114,1.4191331442715687,-2.014265905380311,1.5748860296747578,0
323.50617797811725,165591,-1.21170519285927,1.4911164238558723,0.40814797387777985,0
48.28680962159217,90534,2.3106061844756463,-0.136545551906404,1.0152123387266403,0
12.9830747576154,111713,-0.5940808570382876,0.7661890521073197,-0.36237136847411305,0
202.54956590778718,126075,1.2681152044363047,1.5316630596137428,0.2525337002545783,0
9.05258503520704,141981,0.5919782636963774,-0.21604822430057496,2.827553565197294,0
97.73685298296716,66107,0.08839987792075939,1.3338816958991413,-1.1403245237577557,0
466.1147666298261,22491,2.643166944193884,-1.590350915547829,2.1674472166380125,1
17.99948693791108,93960,0.3556106029960117,-1.3650142605721074,-0.02010465401942543,0
8.981785712252341,121898,-1.1074892007088402,0.27996713712501414,-0.41627262543535004,0
68.40545973928754,56922,-1.0542252860029182,-0.891063713519443,0.06734320330257781,0
33.216190583378534,69549,0.6688805603019822,0.9408298625204825,0.8735702844519001,0
86.58316131565168,33580,0.3937057466979948,-0.35025297228964136,0.31433479483548105,0
42.907786832580406,33699,1.3657102608873568,2.535516791329825,0.6787941305299732,0
24.695608426863824,153618,0.2134045967157282,0.7918930107700471,0.030213090726493322,0
6.493815128204414,9946,0.37401800036967225,-0.9957591501171553,-1.6953051395025054,0
27.01079286421451,136974,-0.9983513016135583,0.2580444128975272,0.699024809949376,0
2.464640210072939,83026,1.097815483081691,-0.3801523869681687,0.6274753818646669,0
16.284855352931302,144661,0.03399259632751319,1.1425189766842356,0.3493418792228536,0
22.556012336196037,105363,0.6900087582370844,-1.158587625488733,0.26846461061779997,0
43.04325931044636,119761,-2.329869943061504,1.3888801068800196,0.2519801567645524,0
9.17597194986339,5334,1.575002872296389,0.38353995384445344,1.5096007553163886,0
34.861963791029346,84194,0.8395723105716763,-1.2604830519962729,-0.5681676273166198,0
3.2865488881901523,25789,0.19192811847356148,-0.27924147544170247,1.1647669612124967,0
35.10404491647888,96172,1.209175597469766,-0.8322172569104787,0.3369737397280573,0
152.66738614655128,81380,-0.4544334792694486,-0.0729388911794384,-2.0016710548480967,0
170.84542142057936,82277,-0.5527936381030649,-0.9771107804835814,0.7754377084281562,0
12.641069014602706,129169,0.2608098519135978,0.38465897748463246,-1.701994089835018,0
67.91668929646973,65206,0.8523356830742649,0.9324502656629651,0.7450331245523679,0
38.60611542952475,127677,1.497374197935039,0.04759334375493615,-0.625195575571453,0
13.936530511773572,148691,-0.9848038881323719,0.32103520572868394,-0.09466866156697935,0
78.7225619147156,51052,-0.43580735263395515,0.1854852246539294,0.6396004031499287,0
99.51951775703408,151822,-1.4031968634107022,-0.3159273804942561,0.40739013439578003,0
5.295934227284191,142076,0.6305561335028799,-0.31147450828440604,0.05394526312533987,0
8.319198077285352,20742,-1.2012156441390893,0.4930665219367264,-1.4227795386911588,0
34.52112078532739,111559,-0.40746987605294377,-1.7152021076586625,0.04514761609054076,0
142.32246068941177,93676,-0.39986750245722746,0.15891887479793387,1.2952966383641364,0
17.201660170527752,1753,-0.8684005744184597,-0.12724807650627654,-0.584295683882946,0
23.207440776566884,113996,0.3321363356834861,0.4890023024858199,0.9556190146488718,0
10.721748086974202,90288,-0.2919578398919326,-0.901845252927145,1.2006908859426282,0
104.83750264623673,91818,-0.7768422203008932,0.5891333516200169,-0.7872797435518949,0
15.31433264607374,153079,0.024129725007556023,-0.7393934968752325,-2.291376925937493,0
17.92901668725612,61429,-0.5611431662188586,0.9711392688392122,-0.4735232376930883,0
24.2971845024239,17333,-0.6448363475484499,-0.2993370592927352,0.35993909567414256,0
186.22810935372897,7012,-0.6119457318293151,-0.4984370565329122,-0.22231687997743596,0
413.10535516048355,124878,-2.2426997074709627,1.4319605488857483,-1.1674433857074549,0
5.46753975066164,112666,1.8336086584279172,-1.018708780195571,-0.20839981905095042,0
94.64372814823304,102017,0.26486271603812284,1.110381160190795,0.4308017657874565,0
54.26561278662411,19650,0.2561692598886597,0.08459881960607725,0.3429973625481724,0
483.0290108287976,113591,-1.4777113193173255,0.6672300355411118,-0.90594882976224,0
30.96904482211994,144090,-0.5487812225966744,-0.22669312407064238,-0.3707556504345564,0
93.0841034674017,115428,-1.2645432261812706,0.09329471965394014,-1.6577722167412723,0
113.38932963598057,147659,-0.10588978617739407,-0.4202680739069842,-0.44264464616986915,0
6.447861978905248,85898,-0.17799988120915672,-0.019800332850470892,-0.7339864980223049,0
64.94312919400147,10715,-1.6442912861836747,-1.1303788438791154,-0.18399074436443702,0
25.55202087342044,116435,1.1975479030735794,-0.8954530538679283,0.7360501220735075,0
85.18786678278718,36087,1.267256576153822,-0.33385572692846566,-0.6518470370492339,0
6.26023532212781,135875,-0.8140666873344263,-0.12105875229055159,-2.2533530210326678,0
43.781478990139284,21294,-0.08212940861894026,-1.5483523447323657,-1.2364280062781416,0
821.2232241206456,63184,-0.43181146385621516,1.3888229793472513,-0.048422840441267864,0
1.9888942591887677,94319,0.2848595834014934,0.14461298522686278,1.670943383369758,0
417.7466209452341,86991,1.1274714240093238,-0.6972465428564203,-0.4023496240062793,0
69.10947755685139,96996,0.4092494527202589,-0.9391324515398107,1.8791516457725683,0
55.63334749174031,91353,-0.04555392576526826,-0.3715824839915449,-0.5232453085825765,0
7.830119615250374,65843,-0.3511587878839314,0.36620171306080174,0.06759484388543698,0
15.372617496528981,80260,0.9489420515473626,-0.24516994203858927,0.8606243513741076,0
11.207024456303115,58694,-1.31010521658561,-0.43626950128656256,-0.03668345646494619,0
42.158552233021226,26038,-0.13773462569812825,0.3644498140769142,-0.09889711099569845,0
5.647463758367466,26657,-0.170899940208941,0.42000224932118485,0.24004731415048752,0
253.220894180662,167248,0.8770463644871782,-0.6448665704827499,-1.1877401022742549,0
561.8532141947422,114433,-0.6915279952766902,-2.082181976168033,1.3814777209296496,0
91.14852764810061,3352,-0.7753788815300137,-0.6302070739608646,0.2497048157065011,0
14.950721993536135,5257,0.697708114637183,-0.6225413972318677,-1.280430716458385,0
49.73522698591817,79763,-0.05368166375321784,-0.0627458758173544,0.20096224960999093,0
64.30416833638276,87942,-0.9779111503899377,0.3595821697958339,1.4872625456820165,0
73.82810486272366,104303,0.38859895042501763,0.041811816093175955,1.0302674337606754,0
23.731050095001077,91200,0.12562231065503995,-1.8962770213980866,1.0006236275087168,0
296.34651895726,2420,0.24746751192459518,-0.04740362389061888,-0.6366761626649655,0
1083.7056572725487,144341,0.05006045244439916,-1.2987374433113132,0.2975498408625826,0
16.02079872485794,21643,0.6274979767191466,-0.26212983819208824,-2.0624803058084433,0
75.02480320344816,68095,-0.2227297744725816,-1.216766620711483,0.4203769788271012,0
43.009980112364595,112781,0.764089056550667,-0.19915143064961632,0.07353618855298964,0
2.6382320156300785,132156,-0.23983428692892209,-0.2675345588780445,-0.28485032802604543,0
89.386175942508,101383,-0.5821452529912836,-0.04393846702413551,0.5401918281317964,0
3.4404237282911487,45995,-1.7510008828854322,-1.1933481703069408,2.286028845874867,0
3.066357164590236,86257,0.543117097915791,0.02102424825226305,-0.3981229478007664,0
84.04445270625824,15327,-1.7728338809708708,1.4295800405134245,2.6574621163336487,0
373.9763100359513,93920,-1.2110585173479005,-0.4720157861614451,0.9816519114285804,0
24.3204107239709,172668,-0.7226110243155114,-2.006215399605329,0.0022750061729387696,0
13.65226973811541,74332,-1.7306796809996425,-0.7389428321601651,-1.2070711221257855,0
440.8408439454593,70220,-1.6432027710588635,0.7008025306462236,0.1727314980363862,0
306.2825458323596,143842,0.9143053146445108,0.12986274586295551,-0.33481569089584967,0
53.74777691443032,85443,-0.5101707352733327,-0.25612563111655084,-0.10980901760601935,0
156.759110001176,26878,0.8185073716844912,-0.15910284520564752,-0.29854495343980436,0
154.37395444716466,80565,-0.641727015942627,0.5089951105670522,-0.6663880843764302,0
1897.1568657445766,104008,0.17711332015328077,-0.12076846234045172,-0.9843739835940434,0
58.928895304697086,3543,0.10980053831436694,-1.9832552151797183,0.8901037676385098,0
13.777486447198987,133686,-0.3131523188529271,-0.39350717415801745,1.9158343717188728,0
123.17867631966766,76668,0.8989981487345141,1.7321918508748932,1.5865976184633586,0
1.2283353557678427,16679,-1.4202577049167657,0.6972645451605646,-1.123835172098589,0
232.80720306414727,154115,0.11716887864721066,1.427498378367549,2.631443044498839,0
88.62923376826339,161355,-0.09914542588554924,-0.6284606014600648,1.7561843736379417,0
28.576066474392615,56437,1.879090760245002,-1.7788400902691446,0.5777441195212121,0
50.08509057520217,15330,-1.2813510622068875,-0.4654418806194523,-0.13063066542923224,0
18.76023000197131,91634,-1.757186456423062,0.5750050801876521,0.621299300947157,0
36.25183055034013,75604,0.9689278294203088,-0.4741790943815964,-0.346326982409294,0
157.77761890154977,90721,0.7600230548759622,0.044394923098913616,-0.792680225295052,0
90.71698553898858,4073,0.11655528628372504,0.2298565494822603,-0.33059189555089247,0
128.76762423666554,69498,0.8237283807622707,0.5629199771348127,0.037724212103615755,0
345.5028385950915,120295,0.7336677785790328,0.7433423478729467,1.8338437190554382,0
17.14508285133038,164155,-1.0423402509332553,-0.0027297073839734885,1.3603569369188162,0
9.830315525752964,94138,0.11115027834880589,0.3976742706660522,0.560329692250849,0
29.03561786979436,68382,0.3728324058353562,1.2030410110898992,0.011104525796866464,0
331.57855763893133,96696,-0.9024181459309779,0.7523642376450411,1.4860048217842436,0
23.737850604515675,94097,0.5886409981951362,-2.354654620331429,0.16200389211939165,0
38.151990412573845,104296,0.9195058920443906,1.569682454955502,1.2841817212922773,0
32.333810372734746,132735,1.6460389914092888,-0.23290104527811922,-0.8534213642601596,0
382.0272036603954,92345,-0.9206162943713541,-0.96088230104731,-1.0778997770158942,0
10.161992542885493,247,-0.8497999716267224,-0.026113190534835132,0.6530133378250907,0
115.01342202972998,83557,0.8326201890208867,-0.5364637973823974,0.3540952481073258,0
46.044937857484044,126775,-1.160776265078479,-0.08294485871422151,0.48746871901192895,0
12.34080776999154,117028,-0.8329684675202987,-1.1008807428852327,-0.36795366126308154,0
1522.5934091357797,3582,-0.817273213610452,-0.6843108283336535,-0.5681360577981072,0
5.800045604263616,46381,1.2733694452656619,0.030764448536004872,-0.06118391136257951,0
20.868745433811505,163474,0.13822934437987988,0.5761682549663737,-1.3386263869177266,0
56.45962790860874,119045,0.023613527773620167,-0.5749911851059586,0.014368876701985242,0
5.220217981012518,36131,-0.10706778628195388,1.442440787437531,0.9744408779484575,0
3.388787797728175,89262,-0.8416077486243104,0.20847261407091167,1.800258425319377,0
7.266859616098946,25293,-1.7876353632717714,1.57788864744265,-0.30407411672566054,0
3125.949180794167,10273,-0.5432619088910885,-1.7978420135488986,0.895160305102131,0
38.32587310226877,101733,-0.13806145495960762,0.7808760277188792,-1.129839731320617,0
20.9305475970131,61353,0.07335797720012917,-0.14668920634530005,0.3049082910119626,0
4.56178955221739,15198,1.742758933994926,-2.420124170485744,0.8932287661535525,0
9.634749233290687,39732,2.0733306008720414,0.22961948685899453,0.9895067619947588,0
345.8670170790913,26620,-1.8527465292302485,0.936114974717548,-0.19672302764195967,0
32.19684218070796,51137,0.08439801092006835,0.1245043234551832,-1.2336817761337233,0
43.17596332195698,15569,-0.4534723163179655,-0.7129493004588756,0.9132894737092211,0
22.926888835155808,17882,0.01936601139611741,0.023576749089033927,-0.026898340639842016,0
96.73394919920408,53509,-0.5387732638157791,-1.722884007875835,-0.8924562999990119,0
10.065405145309166,169108,-2.447736493810374,-0.23425663710355604,-0.18696144449658872,0
90.1024831812073,157400,1.5676046927814942,0.12776840038748816,1.2605149470702568,0
25.117958074320462,97583,0.3453871808907797,1.129255192125553,-1.3317068850586773,0
24.94822419137278,59938,0.5735795512685687,1.4844059738059576,-0.82393379689637,0
36.94892073207689,44379,-1.0693321848474227,0.223756708756726,0.6643440850633948,0
38.96720583259471,118502,-1.197711067754512,-0.44742951893512156,0.16884085837044754,0
38.427368916260484,125332,0.5671939728032305,0.5127338231295133,-2.3355143750692964,0
18.837291515352984,138260,0.2934053105822367,-1.8387028979615638,-0.25268820206349835,0
3.9760939255097854,107754,-0.8960027018755283,0.02713197774680547,-1.3530453860471625,0
44.29643496602021,3907,-0.7139877137974017,-0.3462299096551731,-0.6976757724373673,0
19.402624470494242,172466,1.7301259956861073,-0.554429001269637,0.16648794789827495,0
31.55528524226675,155608,-0.17887997161012129,0.2059225300092912,-1.351682996669618,0
331.5162645675768,70490,-0.45679088144890617,-0.7095308572074204,-1.1283453263983019,0
25.829548209447314,103512,0.13176679441750327,-0.815443766110078,0.42526134980176844,0
243.2185734500073,106035,0.6942219892830038,-0.20467678631495115,-1.340087283149357,0
105.0412948578087,99379,0.1316912243850263,-0.640719536753962,-0.10253607876970912,0
596.904775017857,22836,2.367954058457647,1.900617195099336,-0.8656340720167219,0
189.4468237667736,99341,2.1608310283151573,-0.038902305682486114,-0.7346288651683572,0
23.822219651533473,92656,-0.40796171906930445,-0.1834600240250681,-1.9870575370370764,0
97.76470221481517,7034,1.294237397528483,0.9399983392057664,-0.26359103472523093,0
324.9023893189257,170767,-0.4853943910939197,0.05524450004161007,-1.693989313103522,0
10.500604980222192,52282,0.9443264138700055,-0.07660616232839738,-1.353037113033328,0
30.187554045721505,119147,0.6846645795741119,-1.7661194648287282,0.11096680444775973,0
172.64181537462605,103467,0.4883798113603926,-0.8462394097054228,0.8956808702511392,0
13.288642521263238,61797,1.5518415845685862,-0.307810725315992,0.6985724158645782,0
270.9668983443607,34826,0.8678038704590612,1.0254845762066058,-0.30735622894638515,0
675.9138531193047,131625,1.1746923749519227,0.35403838403297644,0.7112794091344982,0
16.839952909465662,118981,0.48138912285923013,0.9352772437277459,1.4562163979765228,0
833.0831393777901,143398,0.2732236085554397,0.9223455570244787,-0.41841494999862033,0
10.22886207925312,29870,-0.5061382560520149,0.42546698537740124,1.0640220902596627,0
82.98217183185251,158721,-0.4798176140313472,1.920632942462997,2.569400144766236,0
638.0654034911994,94138,-1.4946596589373575,-1.257929682344612,1.4037436718384309,0
333.282931979561,137403,0.04362593834638617,0.6839758433217689,-0.04792264151158576,0
47.16782207389904,41168,-0.15283225140698692,-0.23076183439621703,-0.8864819191210463,0
50.53603706777154,44828,0.17480150272950462,-0.9951459493015653,-0.5692958114077314,0
143.5187588231394,114190,-0.13990797250789117,0.09353013192126773,0.2840454917566444,0
3.245360479804815,15828,-1.0132437895523776,-0.13961536624247053,-1.2972496243325686,0
16.516000704220538,55505,0.9773373237420643,0.9206354699344959,-0.8201502610727113,0
30.666372123160667,109398,-1.110337928636503,-0.5666766130475246,0.6689857669531774,0
48.38067107748885,122561,0.3534649212690235,1.0806241531134522,0.8826944556672051,0
38.19289438385746,83162,0.2288250976278471,2.4297371587851133,-0.9044115885427243,0
100.90281198130776,17673,-0.7595179511218539,-0.002853599457292746,0.08525331317245471,0
83.24980098839504,170899,0.7311241615980232,0.3608671948900663,0.4471865158445989,0
13.94999766705677,161383,-1.115188489416402,-1.017788612663847,0.2904630968611496,0
5.479281852806781,120469,1.5095817382106513,0.4698218480257681,-0.5705878119266101,0
308.047587119025,9542,-0.5014508801655875,1.0846101183985528,-0.43988004739155023,0
126.42960510570995,125006,-0.7537590437461072,-0.505238421899829,0.5000584180881557,0
37.47786437350812,102715,-0.8855872712432865,-0.8100286750478154,-1.6189962352052938,0
84.74177657150447,161919,0.03278817041999191,-1.08263217359231,1.0666210369581968,0
103.74582733341894,53164,0.21898681183020022,1.0856089542356304,1.3289844224890217,0
26.931942139088004,14530,-0.43476357650214403,0.14922506872845467,-1.5770272137007384,0
27.19611287419164,48534,-0.23904274338182402,-0.04044515306542742,-0.40943658159058816,0
48.49200733775318,22966,-0.8290804628397985,-0.9706083593858852,-0.710339744087952,0
11.30130058672079,79386,-1.790270854281851,-0.03391462548533369,-0.4430005598272459,0
39.51125753341369,81204,0.72840706571004,0.22463114919802202,-0.8568430393264986,0
14.58915536867562,27678,-0.15624290767108137,0.36542711370983955,-0.05566518578817368,0
31.342764881876306,93937,-1.884598317325816,-1.3154176736331613,-0.23531029277183688,0
15.242386318387366,131086,0.21459204296747691,1.0098753242389347,0.02605219794124618,0
32.22458833188904,107960,0.9020582467927044,1.1424075972952052,1.2413577450647244,0
35.315399866855074,141072,1.2650625826637323,0.3537233761908782,-0.7215328113660596,0
6.873080621898,162351,1.3394250692995608,-1.562690527316992,0.6001915744613514,0
2.164689423912882,62552,-1.3334104694862574,-1.3151337339621199,-0.30180874466032587,0
26.065760310354335,82901,0.10722248707606352,0.5619540228636336,-0.4725161640243273,0
1052.383915260868,118177,0.6147938326118453,0.545682721063824,-1.3512004961741104,0
22.558062081919232,26639,-1.7392772792106181,0.3728651889575516,1.6408891791050648,0
630.7980297268342,72423,0.984396430852795,-2.629127934754508,0.03457557563278313,1
9.97287066241121,163073,-0.2800182396607192,0.04581926066557159,-0.61076114440192,0
63.98384866539863,22797,-0.8769569578307223,0.2948638761341194,1.1960832030431898,0
177.45201564536794,156439,1.4056251205951453,-0.7137447250230351,0.16698153964857554,0
27.944700408229757,154557,-1.790567944364242,0.1551060496903945,-0.9906021409159776,0
34.30989451131492,56198,-0.7533461510244603,-1.4409463127599489,-1.3074022868940764,0
61.977890321208314,74099,0.20361220439222424,-0.03296191323181799,-0.08290287888201658,0
41.37375718145044,83197,0.027641178841592656,-0.3475253417960699,-0.8968690870714059,0
23.88679127729086,146192,-0.3432028242609446,-0.23940174652526028,-0.08104875540514292,0
17.104065800274185,85227,-0.17722746137125261,1.240079379824934,-0.5149078418796447,0
23.56419596010165,63721,-0.7036343690547946,0.553489030775609,-0.11125205176188828,0
21.954417018358725,36023,-0.498135098183501,-0.6436763103378008,0.032829317194171696,0
187.515101181262,44023,3.0802481490706928,1.1347132608388217,0.5047997786489263,0
173.7379389590575,21661,0.42816803438433704,0.987130520524418,-0.6089678779163296,0
154.9501902154492,104381,0.2974803436271655,0.33787419961159487,-0.3800614786198939,0
91.81317653777043,131837,0.4481042354580357,-0.20559247657915647,0.535904590869027,0
110.89783996232097,170632,0.14019216780018612,0.39585517891451144,0.7007825305479775,0
6.489492001358271,49229,-0.7589075754189337,0.8666418342849139,-0.44901760414035174,0
335.6308276921193,20264,-0.8330588183148009,-0.3894202502044341,-1.2492166504588385,0
10.841906764344893,144922,-0.6385044816102463,0.5029419571717472,0.1488114079049544,0
14.676943059243246,133915,-0.9503156931028082,0.33463194309032973,0.2932560219645862,0
38.920279120210665,148369,-0.35219706338437057,-0.009811591602196874,0.6249109555441122,0
551.9265310482442,102528,-0.896210028777014,-0.9992547307192698,-0.11919254299369589,0
237.4617016357171,56485,-0.03685003819488654,0.6009601106009884,-1.0621505546670469,0
89.16528390187169,84482,0.1870247133429629,-2.1071570776025923,-2.153908126225013,0
41.16944445819541,162302,0.4529746550455394,0.9206594149553136,0.2601363135829514,0
77.34622386087702,171326,1.121874771402745,0.33524414222808957,0.15310649902031756,0
23.684760885955498,120644,-0.6091179503575874,-0.7791714888782064,-0.7274481112309675,0
45.329948050138405,160074,-1.6453254979943162,1.05211459503366,-0.38110789018017566,0
279.61842207841727,41163,1.202798452892992,0.6801578107997036,-1.6748182049708424,0
22.40497176207401,16959,0.590259515372651,-0.5610470162958854,-0.008233351484527147,0
247.17463394828408,11971,0.22972351148421424,-0.3293493715059369,0.3533104815453023,0
20.40651364055262,146718,0.734333883750841,0.5055775211487189,-1.583588385292872,0
129.1037870302778,55214,0.5339602215589898,1.1788075427293108,-0.07131724623961258,0
7.250210331084798,95547,-0.6783690700887091,-0.4715799657749884,-0.7818028361856721,0
107.20477821985489,70270,1.139274446089479,1.4220803645258162,-0.51021644237772,0
205.50901595413313,156124,-0.05167765770199687,0.45347184306748956,-0.017765963450934737,0
46.18877297169959,146845,0.9463175165627192,0.590290343566945,1.6224186507049425,0
10.798303150397215,149049,0.29438971352960813,0.8209250220996033,1.1219276146303574,0
37.64005172834828,42180,-0.6458089738861694,0.08705792340282963,-0.7607591202788377,0
516.3648629447579,10350,2.704272280426622,-1.8820410984685565,1.874674556076474,1
229.69663192609323,25650,0.7897482029384721,1.3933599410804758,-0.8293739812041819,0
16.317568874003115,144932,1.669900546636963,-1.0246356883636598,0.7710830367909336,0
15.595453354028546,28688,-1.2470980333303519,-0.2335459141179703,-1.1653032568721822,0
14.999781441874193,156640,-1.0836107219968028,0.7157447999644577,0.23041868883538222,0
21.76236629578255,167905,-0.6528444200625282,0.20306091822586794,-0.6562999291254161,0
23.991498843619038,33677,0.04310532422833501,1.7336926129725423,-0.26209008170510023,0
398.5823535223435,140657,0.9309019699624608,1.4041410775482142,1.024728595682013,0
28.531556772783954,131172,0.6429095694756753,1.087635329856665,0.43925025535644846,0
27.441104289884308,97807,-0.6611891326560946,0.422556628012991,0.13420600015126632,0
3.7014039742483718,40194,0.6674958881722913,-0.11476935792340279,-0.3444722940270239,0
136.8911538188475,13706,-1.091255861140903,0.1792329664040169,-0.27640298886875897,0
103.87018396239057,12209,-0.10496279845546626,-0.4198257112406495,-0.14026278473401835,0
91.29426945831166,48671,-0.032471570317534316,-0.7926394382904735,0.1071990246730291,0
344.97458709828095,115650,0.09042197884602851,1.065431702806316,0.09988721194878482,0
23.515584710261706,96428,1.5410950893770377,-0.0004919685543022694,-1.7544264283001878,0
2.389664987203236,66224,-0.7350635805028088,-0.33520151395336373,0.6302470763235172,0
21.913774575287384,17528,-0.3075613265155576,1.1571412399399834,-0.09257405727083486,0
817.7217866901477,8104,-0.4357919060052853,-0.1034313911265204,-1.2749103247417066,0
55.018538108710516,34814,-1.5407410179515901,-0.6563787121010121,0.6404945492615695,0
152.70143180528376,83176,-0.7457306732847465,0.5630288568649512,1.204380144233846,0
54.87529569475644,57450,0.09622019844820677,-1.2023356118323236,0.4972771777079286,0
15.229422937425204,12268,-0.9443208351288443,-1.887173516179057,0.011106159154387304,0
128.60801171130504,145400,-0.8795501963037589,1.1158959961691983,0.4027979651291853,0
515.594400465528,16722,-0.2717544564422458,1.140446378494487,-0.3902462909630183,0
227.85123907316964,16685,-0.9632938553577924,-0.7861856208873007,-0.9120738787258692,0
324.10874018724724,112765,-0.9866739735899551,0.6442408870807267,1.865060686152523,0
26.713506471284187,72321,0.6654617925785523,-0.44892220738372585,0.11438587363235146,0
151.12270215945236,94306,-1.040965098006765,-2.0869795984985773,0.5032018478410292,0
9.104018398998582,74916,-0.139119474193176,-0.5882519677453877,-1.4490253801533162,0
640.9956945994288,22778,0.03091209665132714,-0.5845590002047177,-0.25895819859515423,0
94.2026039458431,76441,0.2508617593723513,2.4708716371443407,-0.6878793620150251,0
13.215374794589406,17332,0.12178477859297364,-1.8401887095357954,0.4213805853648998,0
21.21663947648983,132987,1.410073738079013,-0.7621258529338227,0.7653044643793236,0
15.153928509411779,6066,-0.5073725498769882,-0.44148489770640775,0.38174914650012165,0
107.32966929535372,163233,-0.6891227154626218,0.10054304989514257,0.8154945202221555,0
101.0711908041385,116048,-0.6422872151546583,1.005086911060058,0.3123189249339327,0
47.626351427297635,64459,0.43418042036586124,1.135253473844072,0.4585999648027512,0
68.9089470921416,12453,1.0260062486055184,0.2614465985817695,-2.2692560648639475,0
79.11537089137127,59423,0.2237972517559919,1.163049725881404,-0.5020909857705764,0
60.2562613667628,56577,0.7413367026508446,0.14563709233674113,-0.5954231310468532,0
95.87445203081158,2017,0.8364447111951504,0.43388482793236727,-0.10302513175847929,0
0.4223584110594178,127192,0.9714708022217614,0.4877212817468472,0.36463339355008517,0
83.00507556602248,1304,1.111228914672497,-0.28460495728572677,0.4422164269360101,0
42.921416781444044,145430,-0.764332368880566,-0.19710161718754526,-0.2273650377835668,0
279.8643088941329,79833,1.4996877797463672,0.9349725979881414,0.9724831941748332,0
301.98454150849597,12850,0.5104716562098339,0.8923150767063158,-0.5975760342736152,0
30.599881503795114,106234,0.42520953481070484,-0.03855550731959862,0.3152678703431238,0
18.86653748880208,172324,0.8648831199424332,-0.3502139280858967,-0.7599718505493573,0
16.671110520631782,95830,0.9160884721512306,0.9997129850331891,-0.5054915837433477,0
17.50098207541279,69353,0.2182059730277894,1.6755772250537158,0.08672072586928431,0
119.2275968023969,60064,-1.4341764688712293,1.7874126010226314,0.7209293876630002,0
196.3310603157513,169823,0.46796185766042064,1.7436096261790526,1.5174947078510694,0
76.31414984240656,132533,0.3687862929574055,-0.9010914410870281,0.255725991478371,0
363.4203002799302,84946,0.72060801015708,-1.9435788043060385,0.019247742989998994,0
10.112954357998198,118777,1.3753592981214737,-1.35809652479046,1.5478157123201957,0
62.75682592089475,45097,-0.41834663823770396,0.6957792625272382,-0.24555650754405953,0
181.25644521565778,140415,1.551137608317391,1.2820695157249407,-0.5391900763734907,0
93.47372935166716,3728,2.5521471005838077,-0.3013478033868799,1.1097330712197726,0
68.24955761489063,60910,0.9897667737010253,-0.7183714021167007,-0.7578055336477976,0
162.00767007798578,120168,1.3669056929699666,0.45456717730060225,-0.11398442878118065,0
16.360151454521926,74922,-1.4077558659755953,1.1398527427190672,0.01526898780657882,0
5.108192134665332,23135,-2.0925234295834363,-0.7334496834632611,-1.1330924384488625,0
14.64024095051959,53219,0.2266255912591086,0.701488820348301,0.15980284198078937,0
21.045004959693852,81610,0.23481178176647555,0.609239412159866,-0.9358710052274765,0
43.967880649650425,19322,1.7576034920447288,0.9852247871240526,1.9211093337176508,0
124.07636168015377,98369,-1.7684087928006986,-0.9017545402693808,1.4510128794106738,0
310.7757419056534,31152,-0.7585358815209579,1.694664735999277,1.2730997388301957,0
56.36418709601653,168801,-0.22230461277147992,-0.18393007554961321,-1.9362686925325427,0
16.056852367958097,5720,-1.1865946210865757,-1.1074212081916126,-0.19980813243667686,0
155.74553747648434,25973,1.3056511739923649,1.0830096305730985,-0.4559799208469952,0
8.633721222898673,50337,-0.6427984807884737,-0.30344053577101987,-1.17811902709353,0
3.0007683778115184,22487,-1.4718295585051326,0.6077766697610295,0.8685114297895902,0
68.75762633600611,89848,0.2310489986027734,1.837102216685389,-0.11457331240592482,0
11.842503654408095,3567,-1.1187083268869107,-1.128873461992226,0.40788417835150387,0
27.568965756447888,89523,0.4552813833759566,0.728821149910589,-0.579180725693495,0
371.2163263414658,122232,-0.8655111573191633,-0.3956559287309167,1.1716659677673766,0
30.54956499158988,165549,0.005901772284287428,-0.40349442389295337,-0.9840064965912203,0
131.36098639518974,24136,-1.722300099627042,-0.014955534809136405,-1.1210637262683367,0
228.03844822904028,166247,-0.006609289019293244,0.9624040873811391,-0.29541193615589195,0
88.82675560987057,26221,-0.8125190178938152,1.7672896578983264,-1.2286914437031098,0
277.154985667675,68625,-0.9902048326557027,0.19476408000377884,-1.0769890944541665,0
340.7782417271158,55178,0.8672701456500196,-0.1510465686745339,0.4400882813285163,0
2.0403456366850063,68466,0.42891151504462904,0.5486154993951617,-0.30855344162327686,0
2324.7103901848036,140944,-1.2373215261798731,-1.935380207780184,-1.516963220161751,0
1.2714304995669026,76821,-0.08092601168428296,0.11467422797067794,0.9417928568810886,0
943.7137623752214,71727,-0.16075609590843024,1.5502877824181112,0.5465468946732234,0
29.313836766532923,32934,1.8147850828105958,-0.13896865147700369,0.8403745893638065,0
103.11390218271295,121185,0.885134489537891,-0.4550223424931703,0.6039358936698139,0
56.227132487198446,36088,-0.8709242213976452,0.8452856724450664,-0.42313949646651294,0
15.764004648126125,143285,0.3339577578646487,-1.1277033829700716,-0.4927640178303769,0
3.6791358119223756,98557,0.8795168482345708,0.09896483904467485,-0.4119882517899898,0
3.84896180517038,131059,-0.9710101987570282,0.1417975218107899,0.10868804439299053,0
459.7837967751967,83187,0.5631135271793231,-1.324657246805357,0.28987714732465913,0
57.45558096678961,36201,0.939686404909751,3.6402316001779296,0.5024903286179795,0
218.3371720695133,163161,1.3082259801922773,0.9226867466943494,-0.6593846524697117,0
23.158941250004283,102433,0.5144274550226803,0.3592864177879267,-1.5197187984032001,0
13.030804494939431,168561,-0.2097224725953284,0.37906730064687133,-0.7699312146659382,0
17.073981650853675,19144,0.5531111434887582,-0.5853149848909867,-0.31846725094068923,0
196.92092685192415,77402,-0.7391390789159228,0.5228899213546258,-0.09879579470206999,0
402.2237770148279,159501,-0.2925143233104326,0.08269836688240764,2.4446358151641574,0
2297.3217712731025,96818,-0.369321082367381,0.5160900979762215,1.8477762322567386,0
63.77155413188159,24707,-0.1570237097998654,-2.5229558318568808,1.3932538334923577,0
216.74710526983543,42912,0.38777274221761915,-0.6420960039422141,-0.1778721810813822,0
11.200448252558104,98902,1.791700059654988,1.173512196472264,0.8615531993129063,0
187.71406487368603,126328,-0.45826751252721126,0.66621207901062,-3.0294364377039393,0
284.6419565413557,73728,1.0845847873412773,2.166541621777072,-0.4810415494031607,0
1106.7015925069697,137750,-1.2247763289949907,-0.6627919716070985,1.1027888897386973,0
18.893929552619984,33208,-0.15975502736700475,4.0994503329339205,-1.0647187878153952,0
42.75129785419324,26515,-1.0871049874692014,-0.03886771156847338,1.604197738311582,0
24.163973927610396,102379,-0.10862066595157159,0.6157942009896958,-0.18880241873000905,0
465.58122054386837,24718,-0.5184908037190292,-0.4596673228607876,0.9657327966098378,0
1.2877654071156721,65179,1.4226708322521013,1.768308098854606,0.5697844217271563,0
379.21013657198165,105065,1.1230637669174854,-0.6013802426664674,-0.6365995592296966,0
2.897916748612532,49800,-0.6880908084158425,0.35452928838035785,0.5523332976162479,0
75.28292968514135,2634,-0.3627738297846138,2.273760542510402,0.7449188988345563,0
250.61197718278137,10485,0.18240575918007904,0.5166871203260941,3.257741148351105,0
2.247345559213523,50486,1.0956163217035402,0.41563707225555097,-0.25313122072110306,0
23.334719013654247,89825,0.22210628380417038,-1.0801886515287549,-1.045211165799752,0
201.992316293366,81863,0.9475571620625642,-0.3925744989063634,1.3543293557589178,0
56.95558400258107,134950,-0.7505968622627588,-0.8136198129853003,0.9372747155389065,0
7.677816157864849,149301,-2.5548930697378687,-1.021380260306088,0.46980918081645123,0
17.623034583080027,84271,-0.43274052865539786,-0.6398141530901325,-1.135546643858196,0
77.99132416574867,13763,0.39690750269985065,-1.2252849594223674,-1.3770939838549583,0
21.93902510703729,119070,-2.360447499755531,-1.5407947815996723,0.11203683045961588,0
28.14097246351678,40131,-0.1682022131908305,-1.8497294703681078,1.6526784354049542,0
40.76727029775542,85290,1.0226088099484727,0.1415819050970799,0.4022031379446379,1
171.75081431279102,54457,0.15424956318583552,0.3057099604575184,-0.6877340841144725,0
44.62324106432125,134277,1.935345364646927,1.5008462854416753,-1.044949227937903,0
22.168430698687864,84943,-0.5391424414440781,-0.27536104570605124,-0.07026861908554972,0
14.292391907161557,50603,1.9361971968418243,-0.6445741531056761,-1.2438592708102834,0
64.3355726556214,88260,0.17567433203936594,3.061001317338618,0.37551035088775436,0
97.38039940664069,61604,-1.271730186906965,-0.802958568819954,-1.6764219202581854,0
31.314413973237354,164813,-0.7601284132174722,-0.08279806259241744,0.6599761097624779,0
119.68158749145304,160749,1.5366684155243187,-0.45561368037062655,0.46132633235984405,0
4.468715967124009,105614,0.8087074715828316,0.8321495427107657,0.44538456385856057,0
244.07275259464527,9442,-0.13702941546552538,-1.8550148569520806,1.547225339304313,0
8.442431209854115,143361,-0.27864715328365675,0.2621438766584245,-0.16135933843947212,0
42.20292447991949,57782,0.8354381926432753,-0.5395462914138169,-0.25415545921363086,0
18.133909774051382,33808,1.0059213523113169,-1.7192353233461373,0.323047470774597,0
227.99229187209198,158797,0.3428155766330056,0.8985754948244113,-0.751354370973961,0
231.8030606326977,166588,1.4762518484950837,-0.6593339557070612,2.26130984772548,0
671.8572680503768,27186,1.9410195856333146,-0.04793232016081867,-0.3704905049417251,0
366.45784998398545,28812,0.4779780981268822,-2.3500398510794307,0.31857518049144623,0
3.278837434258069,117503,0.3554051696941473,-0.13244828633006153,-0.4006159875490876,0
133.2922650345317,64555,-0.17029728242145184,-0.0723463982485278,0.26817935828606576,0
807.3978210115546,44870,-0.3325020095185175,-0.42555288244641887,-0.0336977919407159,0
0.7595378187026668,105940,1.0880632023322807,-0.1355021807664276,-1.3042936683383006,0
76.47983326496228,132267,-0.19351770918837627,0.623112330700177,-0.6369645123050129,0
342.3742771696221,20311,-0.8226930055326904,0.0769611435229494,1.664753242127131,0
472.12973104004965,74891,0.9641700317756366,0.755237102491883,0.08484083833430037,0
139.02183704484182,20914,-1.3001062023696894,0.060604424307264,0.07581323433525584,0
5.086882919157097,27729,0.7515735055489263,0.7176135422886365,0.7315906819653655,0
118.22066267422738,16433,-0.8313762282064611,-0.9326833648750156,1.000908197365898,0
204.73574139668878,44890,-0.7655756545525233,1.516420405838499,1.4803191722824556,0
28.66129287627815,146424,-1.817863063746693,-1.3940496611686566,-2.364617762341895,0
99.58011116078971,61645,-1.5961109179746098,-0.8671928617903091,0.21316969345666031,0
2.3053733540566776,159152,0.16919250278092404,-0.5343568394474463,1.2681255244331546,0
6.700275461920742,83324,-0.6624178425095217,-0.41536047611792104,0.322324732107955,0
87.46111063458629,117775,-0.029867733267455055,-0.8722660228819246,0.38335591104881256,0
137.04056256128513,48355,-0.5727054506520985,0.021185634858676975,-0.5255720510710724,0
21.726121314933433,66741,-0.2854119088436912,-1.2731804020275115,0.7678900670378528,0
12.870083225335303,16318,1.1282807303569657,-0.1651490210008496,1.3714680331140177,0
158.22669317820308,93657,-1.1977649823329932,-1.3075696587535024,0.2676429746537377,0
73.50298308467366,124016,1.2406026117267943,0.1018814842193883,1.1210129703895242,0
219.06888782368623,80483,-0.12122319036784425,0.43888682720879707,0.7724048801012856,0
683.7014994535242,137378,0.5523832827494378,-1.294736491782701,-0.659298554260196,0
314.4504776395506,127162,1.0806067077644848,-1.281206673298373,-0.5355370453038902,0
151.87808073575195,64079,-0.34675898725786564,-0.333813050619725,1.6973420994328896,0
127.18997215136827,56395,1.2180018436910287,-0.40054895027345966,-1.4950769579822496,0
18.276138378863617,56902,1.3739445702211734,0.4327942054837949,0.7558721088111698,0
578.9523511151264,140978,-1.3352669001509854,0.005052632357025895,-0.09282143341116349,0
8.90134094299051,85293,0.024190203879403016,0.1276207123134191,0.22689946958060828,0
130.29302181555454,99011,0.40881037412963644,0.38331220203628963,0.9399408054071925,0
49.816872804940814,144475,0.28813190461146315,0.24033979130897534,0.06349037232540211,0
17.546491834782206,115042,-1.8534763834475565,-1.240460614865551,-0.20249124822545497,0
6.695143131124076,101958,0.9931757358184188,-0.5697087715450257,0.51221249702774,0
114.19171623677786,67690,0.31947988328125443,1.3647978729764314,-0.8472002329379139,0
184.48319169748464,7782,-0.4692621450744578,-0.49903499737474916,1.5949718426018764,0
98.05703425642903,108878,1.9152827724679944,-2.300736021779789,1.0418171852015488,0
4.756407320669296,44273,0.352951432069085,1.3325696078942741,0.8960960893100106,0
5.554471527473298,67258,-1.105631945143854,-1.0907220445001535,1.8516621101757582,0
467.3367887248176,164483,0.4842211590190325,-0.4988260942574209,0.5995590443002103,0
350.1702726288058,84225,-0.32388556381498834,-0.23712910454153913,-0.23749610675728014,0
17.776118569341897,135172,0.5852159654626119,-0.26588196542740017,-0.1306814045860905,0
197.88314406618935,163652,-0.2838403906811896,1.3241417671061315,-0.2989172299905624,0
63.598177400312224,57773,-0.3716689486605086,-0.23896275201578054,0.11147036426360302,0
184.71031511554145,6015,-0.6144271363134823,-0.38829816124238403,0.577210105648784,0
98.07154613370432,3801,0.716046138112683,-1.1200269057069874,-0.5352004103653736,0
6.015056082476237,73338,-0.3555490163567812,0.1982418806894304,0.27559009493765185,0
8.12102948912698,126077,-0.49229540048168086,0.0548744486727515,1.798448678471189,0
201.8114709432735,105858,-0.7551788995885249,0.30581715032380963,-0.12225539516887049,0
101.19369441168098,113655,0.25459947359080143,-0.20177282561933402,0.001429351778512213,0
7.118788936609733,12651,-1.5183355992683556,0.02106011895103365,0.694391615910799,0
44.155229563713945,89795,-0.896925392044678,-0.9007713043849931,-0.10554832319341169,0
610.5016514738422,122850,-1.008091665264177,2.1431136575894105,0.10619795582712377,0
797.0041987001392,92205,0.22812792457386152,-0.10731125029914301,-0.38815512652798567,0
53.269591684988704,94449,0.16770336697494134,0.01605419240771166,-0.036409902803274774,0
27.976470295722166,127510,-0.9990193148861457,0.03948011130741714,0.5674795858259345,0
36.1629233079842,599,-0.3845017271987163,-0.000541537388655104,-1.9800356456263237,0
80.24834975456803,130865,0.35576655112013317,-1.013628687474561,2.4627305678887095,0
9.10405594878806,30173,-0.8706929553810522,-0.9357671320877686,-0.14014197310918816,0
120.51316798852459,72454,0.14572829421010072,-1.3249590645365772,0.6118738039161349,0
162.00408754466523,153043,-1.8966714097705868,-0.3410395399789194,0.1919270112566094,0
20.55024770371439,9458,0.6001641384599478,-0.44486384646248583,0.10691391709630944,0
3.355180063493658,70160,-0.060217781435762126,-0.2822516034343255,-0.782289691580964,0
98.73474940848753,120359,1.0873172760734866,-2.646551402348082,-1.557251062567014,0
35.81438257637767,34103,-0.0917939946029801,-1.8821010410785117,0.6320378437240723,0
65.9832950278468,119492,-1.1085866705083027,0.21841297269200025,-0.08028223469060844,0
177.79423626794613,58914,0.6882170523873422,0.7408170593383755,0.20398440599678638,0
56.269896849220075,12202,-0.38552182181233074,-0.5108053421131065,-1.54684978738618,0
27.583055217135207,94951,0.35672428043859256,-1.2797381910678653,2.213672852491004,0
2429.7763691968,31131,-0.22425342749688398,0.47472172448737066,1.519549124177744,0
130.43193640048756,136803,0.36644303213691104,0.5877465269876281,-0.03426660171416179,0
6.975369534109827,45161,0.48947249604515874,-0.7837964740533025,0.04832477958877342,0
23.091163089349624,67628,-0.8240700879449715,-0.24904501403030516,1.130037731014394,0
631.3026282715621,12926,-0.5007892997969016,0.08673815989298722,0.33451937995157977,0
81.16103887674575,110551,0.39567438104262437,-0.165542771992642,-1.2514096314271816,0
1.5136795107097925,45099,0.35715749882147874,-0.9157004233290513,1.07054348199792,0
154.4172587626604,159931,-0.04152072329162385,1.1814717478739227,-1.0984874547196228,0
0.6973398976996887,82158,0.6174648205071471,0.3353862643167488,0.003887913159202691,0
28.532498203995868,77665,-0.6338879404889071,0.5508484275368513,0.7397471550675333,0
5.179263787287788,61330,0.16342741123551757,-1.0202278385803887,1.032283660377124,0
72.28818143602675,143857,0.3263180277425046,0.589594551344663,-0.4435083896862453,0
6.615194551711318,133931,0.9112747053282689,0.2265001436136757,-0.0025188094185660246,0
66.76971596930275,16623,2.1310812809112702,0.05144850325632227,0.32623304803646697,0
233.7036719389677,26730,-0.4202037869701699,-0.2659351217487272,-0.3721425700681467,0
1110.6597826137609,55277,-0.9206179339705403,1.2730246427232226,1.1030742425325604,0
29.34603920048457,62232,-0.3422331675546796,0.21895452101806562,-0.8924031153293239,0
40.35691272311048,120332,1.15315087644801,1.618432057628817,-0.26956572050804545,0
27.189997430219627,156908,-1.2022680417525509,1.592625275170018,0.39479976539968664,0
165.92326575643096,34075,0.07371847423596391,-1.358512196375165,-0.11894801266009473,0
60.03022706425863,109877,0.5043491157196414,-0.1459939376471328,0.5780098647209895,0
68.30704209390684,154229,0.1309018828182171,1.1292897111810645,-0.8981237908553331,0
459.5636297055003,125940,2.2950441847534226,-0.9264835668630459,0.027081813067852754,0
154.3598208941486,85000,-1.039638736075713,2.0417887573499227,1.480174642936517,0
142.70997195746776,134643,-0.22153330208920968,-0.7226931068796004,-0.1400366447603745,0
26.225333401546795,121103,-1.1890832584644864,-0.4771610963669886,-0.8210872166656011,0
14.071317951861728,47427,-1.4511668062991991,-0.07983514496753616,-2.1062114159432612,0
65.14145445195314,144878,1.024522546395625,-0.9914622750727752,-0.5695477313830157,0
35.050137027389745,67847,-0.6333693909065526,-0.2838055585322593,-0.002008057552088493,0
78.97453217610914,65638,-1.3764343527161778,-0.10735780073494476,-1.3464767747860782,0
7.365284268233803,99219,0.1868287944921853,-0.4095641678566811,0.6509888865413225,0
1075.5545494972325,90444,0.46126019824959,-0.9466746157343959,0.8017348647089116,0
5.62785943524627,94792,0.25488639900310345,-0.48638300457435546,0.6029306941619779,0
12.201945858649738,116558,1.7752916583865217,-0.21541690464923893,-0.5700224366840323,0
9.713132876211132,121691,0.5544463600173206,0.4885880975297614,-0.17880799897755734,0
53.84176775534999,85411,-0.006221143392870997,-1.4676509537622684,-0.5409222537218261,0
33.44922626505197,60332,0.004830367629899082,1.7081550981597378,2.7128627289825458,0
89.27591648258112,65252,3.030318146546308,-0.1848477401243561,0.09865197200687896,0
20.549491070390957,119443,-1.1570057904411666,-0.9268975878603396,0.6814164606078772,0
12.51553602016692,29543,0.17253420634233288,-0.7244293440904451,1.5791179985958368,0
65.05579337026371,67035,-0.1316281870212281,0.9713111843270839,-0.5103758556167347,0
23.431441349988518,67916,0.2054069412009975,0.2287125929851129,-0.9877648198840097,0
34.78899415754036,84545,-0.48219347773586296,-1.5604354726861833,0.797562607018605,0
12.373508737645814,17705,0.8463721472327861,1.4056701596207737,0.5070108401864744,0
9.918985771352618,104531,0.5821654619354527,0.5142007690711226,-0.6496038204897648,0
92.45741881916511,36389,-0.8932529035903695,-0.4131654917398247,-0.46321466339787226,0
347.4380645136432,27618,1.0138192368213195,0.9439214790578425,-0.5120061107384106,0
42.03357119403969,67695,-0.5984713127878097,-2.195510576011717,-0.8028496355048671,0
156.61647320445417,73072,-0.6982203820465762,0.46102834853433494,1.3102201421424933,0
827.7182651435455,143489,0.6654944754208969,0.42184736263783207,-0.02283410687956751,0
324.2513811444522,72752,0.7856753837514879,-0.30310037992887984,-1.1682578267370014,0
821.7582142225815,12583,-0.3214370108587559,-0.7248798924955199,-0.8718453780354496,0
7.22635263114132,96939,-0.6911568698666488,-0.10530251873981337,-0.07852269535381161,0
92.34719425885106,127845,0.08229033983712261,-0.22403659950070895,1.070868900224402,0
137.1739803984888,56152,1.6282021692920394,-0.9832979393798539,0.7580640861998548,0
67.32155948757406,83031,-0.7441889341219295,0.6634448288630944,-1.026283630631153,0
23.07791580230038,161361,-1.044364746568217,0.5755750767661835,-0.24150333088910445,0
51.31899566416856,131692,1.4109514811386785,-0.6176246257459557,-0.3873043435514571,0
19.12273975178161,17801,0.3690943134475529,-0.8681384500343265,0.967721400104093,0
74.02364219329299,83568,1.2958131758632485,-0.15418924102621606,0.5213618686247696,0
4.151591594454584,144499,0.038648846426330784,-1.746376087394066,-0.03011056906176935,0
