Date,Product,Region,Salesperson,Units_Sold,Unit_Price,Total_Sales,Cost,Profit,Month,Quarter,Year
2025-02-21 00:02:46.093452,Laptop,West,Sales_Person_7,13,50000.0,650000.0,390000.0,260000.0,2025-02,2025Q1,2025
2025-02-21 00:02:46.093452,Mosue,East,Sales_Person_1,7,,,,,2025-02,2025Q1,2025
2025-02-21 00:02:46.093452,Laptop,East,Sales_Person_10,17,50000.0,850000.0,510000.0,340000.0,2025-02,2025Q1,2025
2025-02-21 00:02:46.093452,Headphone,Central,Sales_Person_8,6,,,,,2025-02,2025Q1,2025
2025-02-21 00:02:46.093452,Monitor,Central,Sales_Person_1,6,15000.0,90000.0,54000.0,36000.0,2025-02,2025Q1,2025
2025-02-21 00:02:46.093452,Mosue,Central,Sales_Person_10,16,,,,,2025-02,2025Q1,2025
2025-02-21 00:02:46.093452,Mosue,North,Sales_Person_10,2,,,,,2025-02,2025Q1,2025
2025-02-21 00:02:46.093452,Mosue,East,Sales_Person_5,12,,,,,2025-02,2025Q1,2025
2025-02-21 00:02:46.093452,Headphone,Central,Sales_Person_4,2,,,,,2025-02,2025Q1,2025
2025-02-22 00:02:46.093452,Headphone,North,Sales_Person_4,7,,,,,2025-02,2025Q1,2025
2025-02-22 00:02:46.093452,Headphone,North,Sales_Person_1,10,,,,,2025-02,2025Q1,2025
2025-02-22 00:02:46.093452,Laptop,South,Sales_Person_7,3,50000.0,150000.0,90000.0,60000.0,2025-02,2025Q1,2025
2025-02-22 00:02:46.093452,Monitor,South,Sales_Person_8,3,15000.0,45000.0,27000.0,18000.0,2025-02,2025Q1,2025
2025-02-22 00:02:46.093452,Monitor,Central,Sales_Person_9,18,15000.0,270000.0,162000.0,108000.0,2025-02,2025Q1,2025
2025-02-22 00:02:46.093452,Keyboard,South,Sales_Person_1,10,2000.0,20000.0,12000.0,8000.0,2025-02,2025Q1,2025
2025-02-23 00:02:46.093452,Mosue,Central,Sales_Person_6,17,,,,,2025-02,2025Q1,2025
2025-02-23 00:02:46.093452,Laptop,Central,Sales_Person_8,15,50000.0,750000.0,450000.0,300000.0,2025-02,2025Q1,2025
2025-02-23 00:02:46.093452,Laptop,North,Sales_Person_10,6,50000.0,300000.0,180000.0,120000.0,2025-02,2025Q1,2025
2025-02-23 00:02:46.093452,Desktop,East,Sales_Person_2,11,40000.0,440000.0,264000.0,176000.0,2025-02,2025Q1,2025
2025-02-24 00:02:46.093452,Laptop,Central,Sales_Person_3,9,50000.0,450000.0,270000.0,180000.0,2025-02,2025Q1,2025
2025-02-24 00:02:46.093452,Keyboard,East,Sales_Person_4,1,2000.0,2000.0,1200.0,800.0,2025-02,2025Q1,2025
2025-02-24 00:02:46.093452,Headphone,West,Sales_Person_3,7,,,,,2025-02,2025Q1,2025
2025-02-24 00:02:46.093452,Monitor,North,Sales_Person_10,19,15000.0,285000.0,171000.0,114000.0,2025-02,2025Q1,2025
2025-02-24 00:02:46.093452,Laptop,West,Sales_Person_9,17,50000.0,850000.0,510000.0,340000.0,2025-02,2025Q1,2025
2025-02-24 00:02:46.093452,Mosue,Central,Sales_Person_1,1,,,,,2025-02,2025Q1,2025
2025-02-24 00:02:46.093452,Laptop,Central,Sales_Person_1,11,50000.0,550000.0,330000.0,220000.0,2025-02,2025Q1,2025
2025-02-24 00:02:46.093452,Desktop,South,Sales_Person_1,18,40000.0,720000.0,432000.0,288000.0,2025-02,2025Q1,2025
2025-02-25 00:02:46.093452,Mosue,West,Sales_Person_7,12,,,,,2025-02,2025Q1,2025
2025-02-25 00:02:46.093452,Keyboard,Central,Sales_Person_2,10,2000.0,20000.0,12000.0,8000.0,2025-02,2025Q1,2025
2025-02-25 00:02:46.093452,Laptop,West,Sales_Person_6,15,50000.0,750000.0,450000.0,300000.0,2025-02,2025Q1,2025
2025-02-25 00:02:46.093452,Mosue,North,Sales_Person_2,19,,,,,2025-02,2025Q1,2025
2025-02-25 00:02:46.093452,Mosue,South,Sales_Person_6,8,,,,,2025-02,2025Q1,2025
2025-02-25 00:02:46.093452,Monitor,Central,Sales_Person_3,18,15000.0,270000.0,162000.0,108000.0,2025-02,2025Q1,2025
2025-02-25 00:02:46.093452,Laptop,West,Sales_Person_1,9,50000.0,450000.0,270000.0,180000.0,2025-02,2025Q1,2025
2025-02-25 00:02:46.093452,Mosue,South,Sales_Person_2,16,,,,,2025-02,2025Q1,2025
2025-02-26 00:02:46.093452,Mosue,Central,Sales_Person_1,13,,,,,2025-02,2025Q1,2025
2025-02-26 00:02:46.093452,Mosue,Central,Sales_Person_3,7,,,,,2025-02,2025Q1,2025
2025-02-26 00:02:46.093452,Desktop,Central,Sales_Person_8,11,40000.0,440000.0,264000.0,176000.0,2025-02,2025Q1,2025
2025-02-26 00:02:46.093452,Mosue,South,Sales_Person_4,18,,,,,2025-02,2025Q1,2025
2025-02-27 00:02:46.093452,Laptop,North,Sales_Person_4,12,50000.0,600000.0,360000.0,240000.0,2025-02,2025Q1,2025
2025-02-27 00:02:46.093452,Mosue,East,Sales_Person_7,9,,,,,2025-02,2025Q1,2025
2025-02-27 00:02:46.093452,Mosue,North,Sales_Person_2,17,,,,,2025-02,2025Q1,2025
2025-02-27 00:02:46.093452,Keyboard,Central,Sales_Person_2,7,2000.0,14000.0,8400.0,5600.0,2025-02,2025Q1,2025
2025-02-27 00:02:46.093452,Laptop,South,Sales_Person_3,11,50000.0,550000.0,330000.0,220000.0,2025-02,2025Q1,2025
2025-02-27 00:02:46.093452,Keyboard,East,Sales_Person_8,13,2000.0,26000.0,15600.0,10400.0,2025-02,2025Q1,2025
2025-02-27 00:02:46.093452,Mosue,Central,Sales_Person_2,14,,,,,2025-02,2025Q1,2025
2025-02-28 00:02:46.093452,Mosue,Central,Sales_Person_10,9,,,,,2025-02,2025Q1,2025
2025-02-28 00:02:46.093452,Laptop,West,Sales_Person_10,16,50000.0,800000.0,480000.0,320000.0,2025-02,2025Q1,2025
2025-02-28 00:02:46.093452,Monitor,Central,Sales_Person_5,9,15000.0,135000.0,81000.0,54000.0,2025-02,2025Q1,2025
2025-02-28 00:02:46.093452,Headphone,Central,Sales_Person_5,14,,,,,2025-02,2025Q1,2025
2025-02-28 00:02:46.093452,Keyboard,South,Sales_Person_3,19,2000.0,38000.0,22800.0,15200.0,2025-02,2025Q1,2025
2025-02-28 00:02:46.093452,Headphone,South,Sales_Person_7,15,,,,,2025-02,2025Q1,2025
2025-03-01 00:02:46.093452,Laptop,Central,Sales_Person_8,3,50000.0,150000.0,90000.0,60000.0,2025-03,2025Q1,2025
2025-03-01 00:02:46.093452,Laptop,East,Sales_Person_6,2,50000.0,100000.0,60000.0,40000.0,2025-03,2025Q1,2025
2025-03-01 00:02:46.093452,Headphone,North,Sales_Person_10,4,,,,,2025-03,2025Q1,2025
2025-03-01 00:02:46.093452,Laptop,Central,Sales_Person_3,3,50000.0,150000.0,90000.0,60000.0,2025-03,2025Q1,2025
2025-03-01 00:02:46.093452,Laptop,East,Sales_Person_2,18,50000.0,900000.0,540000.0,360000.0,2025-03,2025Q1,2025
2025-03-01 00:02:46.093452,Monitor,North,Sales_Person_4,19,15000.0,285000.0,171000.0,114000.0,2025-03,2025Q1,2025
2025-03-01 00:02:46.093452,Desktop,East,Sales_Person_5,11,40000.0,440000.0,264000.0,176000.0,2025-03,2025Q1,2025
2025-03-01 00:02:46.093452,Laptop,South,Sales_Person_8,11,50000.0,550000.0,330000.0,220000.0,2025-03,2025Q1,2025
2025-03-02 00:02:46.093452,Monitor,South,Sales_Person_1,4,15000.0,60000.0,36000.0,24000.0,2025-03,2025Q1,2025
2025-03-02 00:02:46.093452,Monitor,West,Sales_Person_5,13,15000.0,195000.0,117000.0,78000.0,2025-03,2025Q1,2025
2025-03-02 00:02:46.093452,Monitor,West,Sales_Person_7,8,15000.0,120000.0,72000.0,48000.0,2025-03,2025Q1,2025
2025-03-02 00:02:46.093452,Headphone,Central,Sales_Person_5,9,,,,,2025-03,2025Q1,2025
2025-03-02 00:02:46.093452,Keyboard,South,Sales_Person_5,16,2000.0,32000.0,19200.0,12800.0,2025-03,2025Q1,2025
2025-03-03 00:02:46.093452,Keyboard,West,Sales_Person_3,13,2000.0,26000.0,15600.0,10400.0,2025-03,2025Q1,2025
2025-03-03 00:02:46.093452,Monitor,West,Sales_Person_2,3,15000.0,45000.0,27000.0,18000.0,2025-03,2025Q1,2025
2025-03-03 00:02:46.093452,Mosue,Central,Sales_Person_1,15,,,,,2025-03,2025Q1,2025
2025-03-03 00:02:46.093452,Laptop,South,Sales_Person_5,14,50000.0,700000.0,420000.0,280000.0,2025-03,2025Q1,2025
2025-03-03 00:02:46.093452,Monitor,West,Sales_Person_7,17,15000.0,255000.0,153000.0,102000.0,2025-03,2025Q1,2025
2025-03-04 00:02:46.093452,Laptop,West,Sales_Person_8,15,50000.0,750000.0,450000.0,300000.0,2025-03,2025Q1,2025
2025-03-04 00:02:46.093452,Desktop,Central,Sales_Person_3,15,40000.0,600000.0,360000.0,240000.0,2025-03,2025Q1,2025
2025-03-04 00:02:46.093452,Mosue,Central,Sales_Person_1,8,,,,,2025-03,2025Q1,2025
2025-03-04 00:02:46.093452,Monitor,North,Sales_Person_10,3,15000.0,45000.0,27000.0,18000.0,2025-03,2025Q1,2025
2025-03-04 00:02:46.093452,Keyboard,East,Sales_Person_1,17,2000.0,34000.0,20400.0,13600.0,2025-03,2025Q1,2025
2025-03-04 00:02:46.093452,Keyboard,North,Sales_Person_8,8,2000.0,16000.0,9600.0,6400.0,2025-03,2025Q1,2025
2025-03-04 00:02:46.093452,Headphone,North,Sales_Person_7,11,,,,,2025-03,2025Q1,2025
2025-03-04 00:02:46.093452,Keyboard,North,Sales_Person_9,1,2000.0,2000.0,1200.0,800.0,2025-03,2025Q1,2025
2025-03-04 00:02:46.093452,Monitor,East,Sales_Person_10,5,15000.0,75000.0,45000.0,30000.0,2025-03,2025Q1,2025
2025-03-04 00:02:46.093452,Desktop,South,Sales_Person_5,1,40000.0,40000.0,24000.0,16000.0,2025-03,2025Q1,2025
2025-03-05 00:02:46.093452,Mosue,East,Sales_Person_9,3,,,,,2025-03,2025Q1,2025
2025-03-05 00:02:46.093452,Keyboard,South,Sales_Person_1,15,2000.0,30000.0,18000.0,12000.0,2025-03,2025Q1,2025
2025-03-05 00:02:46.093452,Monitor,West,Sales_Person_10,11,15000.0,165000.0,99000.0,66000.0,2025-03,2025Q1,2025
2025-03-05 00:02:46.093452,Desktop,North,Sales_Person_9,6,40000.0,240000.0,144000.0,96000.0,2025-03,2025Q1,2025
2025-03-05 00:02:46.093452,Desktop,North,Sales_Person_5,18,40000.0,720000.0,432000.0,288000.0,2025-03,2025Q1,2025
2025-03-05 00:02:46.093452,Keyboard,East,Sales_Person_9,1,2000.0,2000.0,1200.0,800.0,2025-03,2025Q1,2025
2025-03-06 00:02:46.093452,Laptop,West,Sales_Person_5,10,50000.0,500000.0,300000.0,200000.0,2025-03,2025Q1,2025
2025-03-06 00:02:46.093452,Desktop,South,Sales_Person_10,4,40000.0,160000.0,96000.0,64000.0,2025-03,2025Q1,2025
2025-03-06 00:02:46.093452,Desktop,South,Sales_Person_3,15,40000.0,600000.0,360000.0,240000.0,2025-03,2025Q1,2025
2025-03-06 00:02:46.093452,Mosue,East,Sales_Person_10,7,,,,,2025-03,2025Q1,2025
2025-03-06 00:02:46.093452,Keyboard,Central,Sales_Person_2,3,2000.0,6000.0,3600.0,2400.0,2025-03,2025Q1,2025
2025-03-06 00:02:46.093452,Monitor,South,Sales_Person_8,1,15000.0,15000.0,9000.0,6000.0,2025-03,2025Q1,2025
2025-03-06 00:02:46.093452,Monitor,North,Sales_Person_5,4,15000.0,60000.0,36000.0,24000.0,2025-03,2025Q1,2025
2025-03-06 00:02:46.093452,Keyboard,South,Sales_Person_3,15,2000.0,30000.0,18000.0,12000.0,2025-03,2025Q1,2025
2025-03-06 00:02:46.093452,Laptop,Central,Sales_Person_1,18,50000.0,900000.0,540000.0,360000.0,2025-03,2025Q1,2025
2025-03-06 00:02:46.093452,Laptop,West,Sales_Person_5,7,50000.0,350000.0,210000.0,140000.0,2025-03,2025Q1,2025
2025-03-07 00:02:46.093452,Desktop,Central,Sales_Person_4,11,40000.0,440000.0,264000.0,176000.0,2025-03,2025Q1,2025
2025-03-07 00:02:46.093452,Laptop,Central,Sales_Person_4,1,50000.0,50000.0,30000.0,20000.0,2025-03,2025Q1,2025
2025-03-07 00:02:46.093452,Mosue,West,Sales_Person_4,3,,,,,2025-03,2025Q1,2025
2025-03-07 00:02:46.093452,Monitor,West,Sales_Person_4,16,15000.0,240000.0,144000.0,96000.0,2025-03,2025Q1,2025
2025-03-07 00:02:46.093452,Monitor,North,Sales_Person_6,17,15000.0,255000.0,153000.0,102000.0,2025-03,2025Q1,2025
2025-03-07 00:02:46.093452,Desktop,South,Sales_Person_4,18,40000.0,720000.0,432000.0,288000.0,2025-03,2025Q1,2025
2025-03-07 00:02:46.093452,Keyboard,East,Sales_Person_4,7,2000.0,14000.0,8400.0,5600.0,2025-03,2025Q1,2025
2025-03-07 00:02:46.093452,Keyboard,Central,Sales_Person_2,13,2000.0,26000.0,15600.0,10400.0,2025-03,2025Q1,2025
2025-03-08 00:02:46.093452,Keyboard,North,Sales_Person_10,17,2000.0,34000.0,20400.0,13600.0,2025-03,2025Q1,2025
2025-03-08 00:02:46.093452,Monitor,East,Sales_Person_10,16,15000.0,240000.0,144000.0,96000.0,2025-03,2025Q1,2025
2025-03-08 00:02:46.093452,Laptop,South,Sales_Person_6,3,50000.0,150000.0,90000.0,60000.0,2025-03,2025Q1,2025
2025-03-09 00:02:46.093452,Mosue,North,Sales_Person_1,12,,,,,2025-03,2025Q1,2025
2025-03-09 00:02:46.093452,Monitor,Central,Sales_Person_8,11,15000.0,165000.0,99000.0,66000.0,2025-03,2025Q1,2025
2025-03-09 00:02:46.093452,Keyboard,Central,Sales_Person_1,2,2000.0,4000.0,2400.0,1600.0,2025-03,2025Q1,2025
2025-03-09 00:02:46.093452,Keyboard,South,Sales_Person_1,14,2000.0,28000.0,16800.0,11200.0,2025-03,2025Q1,2025
2025-03-09 00:02:46.093452,Keyboard,East,Sales_Person_4,9,2000.0,18000.0,10800.0,7200.0,2025-03,2025Q1,2025
2025-03-09 00:02:46.093452,Laptop,North,Sales_Person_2,19,50000.0,950000.0,570000.0,380000.0,2025-03,2025Q1,2025
2025-03-09 00:02:46.093452,Keyboard,East,Sales_Person_3,17,2000.0,34000.0,20400.0,13600.0,2025-03,2025Q1,2025
2025-03-10 00:02:46.093452,Headphone,East,Sales_Person_3,1,,,,,2025-03,2025Q1,2025
2025-03-10 00:02:46.093452,Mosue,East,Sales_Person_9,3,,,,,2025-03,2025Q1,2025
2025-03-10 00:02:46.093452,Laptop,East,Sales_Person_1,11,50000.0,550000.0,330000.0,220000.0,2025-03,2025Q1,2025
2025-03-11 00:02:46.093452,Laptop,West,Sales_Person_9,13,50000.0,650000.0,390000.0,260000.0,2025-03,2025Q1,2025
2025-03-11 00:02:46.093452,Keyboard,West,Sales_Person_8,14,2000.0,28000.0,16800.0,11200.0,2025-03,2025Q1,2025
2025-03-11 00:02:46.093452,Laptop,Central,Sales_Person_1,14,50000.0,700000.0,420000.0,280000.0,2025-03,2025Q1,2025
2025-03-12 00:02:46.093452,Headphone,Central,Sales_Person_4,13,,,,,2025-03,2025Q1,2025
2025-03-12 00:02:46.093452,Headphone,South,Sales_Person_4,6,,,,,2025-03,2025Q1,2025
2025-03-12 00:02:46.093452,Desktop,Central,Sales_Person_4,5,40000.0,200000.0,120000.0,80000.0,2025-03,2025Q1,2025
2025-03-12 00:02:46.093452,Keyboard,North,Sales_Person_2,1,2000.0,2000.0,1200.0,800.0,2025-03,2025Q1,2025
2025-03-12 00:02:46.093452,Monitor,Central,Sales_Person_4,16,15000.0,240000.0,144000.0,96000.0,2025-03,2025Q1,2025
2025-03-12 00:02:46.093452,Mosue,West,Sales_Person_6,11,,,,,2025-03,2025Q1,2025
2025-03-13 00:02:46.093452,Mosue,North,Sales_Person_7,11,,,,,2025-03,2025Q1,2025
2025-03-13 00:02:46.093452,Keyboard,North,Sales_Person_1,13,2000.0,26000.0,15600.0,10400.0,2025-03,2025Q1,2025
2025-03-13 00:02:46.093452,Keyboard,North,Sales_Person_7,3,2000.0,6000.0,3600.0,2400.0,2025-03,2025Q1,2025
2025-03-13 00:02:46.093452,Mosue,East,Sales_Person_8,9,,,,,2025-03,2025Q1,2025
2025-03-14 00:02:46.093452,Laptop,West,Sales_Person_1,19,50000.0,950000.0,570000.0,380000.0,2025-03,2025Q1,2025
2025-03-14 00:02:46.093452,Laptop,East,Sales_Person_5,18,50000.0,900000.0,540000.0,360000.0,2025-03,2025Q1,2025
2025-03-14 00:02:46.093452,Monitor,Central,Sales_Person_9,13,15000.0,195000.0,117000.0,78000.0,2025-03,2025Q1,2025
2025-03-14 00:02:46.093452,Headphone,East,Sales_Person_10,19,,,,,2025-03,2025Q1,2025
2025-03-14 00:02:46.093452,Mosue,East,Sales_Person_2,18,,,,,2025-03,2025Q1,2025
2025-03-14 00:02:46.093452,Desktop,Central,Sales_Person_3,6,40000.0,240000.0,144000.0,96000.0,2025-03,2025Q1,2025
2025-03-15 00:02:46.093452,Laptop,South,Sales_Person_1,16,50000.0,800000.0,480000.0,320000.0,2025-03,2025Q1,2025
2025-03-15 00:02:46.093452,Headphone,East,Sales_Person_9,17,,,,,2025-03,2025Q1,2025
2025-03-15 00:02:46.093452,Monitor,North,Sales_Person_6,14,15000.0,210000.0,126000.0,84000.0,2025-03,2025Q1,2025
2025-03-15 00:02:46.093452,Desktop,South,Sales_Person_6,19,40000.0,760000.0,456000.0,304000.0,2025-03,2025Q1,2025
2025-03-15 00:02:46.093452,Desktop,Central,Sales_Person_10,7,40000.0,280000.0,168000.0,112000.0,2025-03,2025Q1,2025
2025-03-16 00:02:46.093452,Mosue,East,Sales_Person_4,11,,,,,2025-03,2025Q1,2025
2025-03-16 00:02:46.093452,Desktop,Central,Sales_Person_10,6,40000.0,240000.0,144000.0,96000.0,2025-03,2025Q1,2025
2025-03-17 00:02:46.093452,Laptop,West,Sales_Person_7,12,50000.0,600000.0,360000.0,240000.0,2025-03,2025Q1,2025
2025-03-17 00:02:46.093452,Monitor,West,Sales_Person_7,4,15000.0,60000.0,36000.0,24000.0,2025-03,2025Q1,2025
2025-03-17 00:02:46.093452,Desktop,West,Sales_Person_8,8,40000.0,320000.0,192000.0,128000.0,2025-03,2025Q1,2025
2025-03-17 00:02:46.093452,Mosue,East,Sales_Person_5,15,,,,,2025-03,2025Q1,2025
2025-03-17 00:02:46.093452,Keyboard,East,Sales_Person_10,14,2000.0,28000.0,16800.0,11200.0,2025-03,2025Q1,2025
2025-03-17 00:02:46.093452,Mosue,West,Sales_Person_8,13,,,,,2025-03,2025Q1,2025
2025-03-17 00:02:46.093452,Headphone,East,Sales_Person_5,2,,,,,2025-03,2025Q1,2025
2025-03-17 00:02:46.093452,Monitor,Central,Sales_Person_5,14,15000.0,210000.0,126000.0,84000.0,2025-03,2025Q1,2025
2025-03-17 00:02:46.093452,Keyboard,West,Sales_Person_2,6,2000.0,12000.0,7200.0,4800.0,2025-03,2025Q1,2025
2025-03-18 00:02:46.093452,Laptop,North,Sales_Person_9,7,50000.0,350000.0,210000.0,140000.0,2025-03,2025Q1,2025
2025-03-18 00:02:46.093452,Headphone,West,Sales_Person_8,15,,,,,2025-03,2025Q1,2025
2025-03-18 00:02:46.093452,Laptop,East,Sales_Person_1,1,50000.0,50000.0,30000.0,20000.0,2025-03,2025Q1,2025
2025-03-18 00:02:46.093452,Desktop,Central,Sales_Person_4,7,40000.0,280000.0,168000.0,112000.0,2025-03,2025Q1,2025
2025-03-18 00:02:46.093452,Mosue,West,Sales_Person_6,3,,,,,2025-03,2025Q1,2025
2025-03-19 00:02:46.093452,Monitor,North,Sales_Person_3,13,15000.0,195000.0,117000.0,78000.0,2025-03,2025Q1,2025
2025-03-19 00:02:46.093452,Mosue,West,Sales_Person_9,17,,,,,2025-03,2025Q1,2025
2025-03-19 00:02:46.093452,Mosue,Central,Sales_Person_6,13,,,,,2025-03,2025Q1,2025
2025-03-19 00:02:46.093452,Mosue,North,Sales_Person_3,14,,,,,2025-03,2025Q1,2025
2025-03-19 00:02:46.093452,Monitor,Central,Sales_Person_2,17,15000.0,255000.0,153000.0,102000.0,2025-03,2025Q1,2025
2025-03-20 00:02:46.093452,Keyboard,South,Sales_Person_1,19,2000.0,38000.0,22800.0,15200.0,2025-03,2025Q1,2025
2025-03-20 00:02:46.093452,Monitor,South,Sales_Person_7,5,15000.0,75000.0,45000.0,30000.0,2025-03,2025Q1,2025
2025-03-20 00:02:46.093452,Mosue,Central,Sales_Person_5,17,,,,,2025-03,2025Q1,2025
2025-03-20 00:02:46.093452,Headphone,South,Sales_Person_2,5,,,,,2025-03,2025Q1,2025
2025-03-20 00:02:46.093452,Desktop,South,Sales_Person_7,2,40000.0,80000.0,48000.0,32000.0,2025-03,2025Q1,2025
2025-03-20 00:02:46.093452,Headphone,East,Sales_Person_1,11,,,,,2025-03,2025Q1,2025
2025-03-21 00:02:46.093452,Monitor,Central,Sales_Person_1,17,15000.0,255000.0,153000.0,102000.0,2025-03,2025Q1,2025
2025-03-21 00:02:46.093452,Monitor,Central,Sales_Person_10,16,15000.0,240000.0,144000.0,96000.0,2025-03,2025Q1,2025
2025-03-21 00:02:46.093452,Keyboard,North,Sales_Person_4,11,2000.0,22000.0,13200.0,8800.0,2025-03,2025Q1,2025
2025-03-21 00:02:46.093452,Mosue,South,Sales_Person_10,12,,,,,2025-03,2025Q1,2025
2025-03-21 00:02:46.093452,Keyboard,Central,Sales_Person_8,16,2000.0,32000.0,19200.0,12800.0,2025-03,2025Q1,2025
2025-03-21 00:02:46.093452,Monitor,South,Sales_Person_1,15,15000.0,225000.0,135000.0,90000.0,2025-03,2025Q1,2025
2025-03-21 00:02:46.093452,Mosue,East,Sales_Person_7,18,,,,,2025-03,2025Q1,2025
2025-03-21 00:02:46.093452,Desktop,East,Sales_Person_6,11,40000.0,440000.0,264000.0,176000.0,2025-03,2025Q1,2025
2025-03-22 00:02:46.093452,Monitor,South,Sales_Person_2,4,15000.0,60000.0,36000.0,24000.0,2025-03,2025Q1,2025
2025-03-23 00:02:46.093452,Laptop,West,Sales_Person_9,8,50000.0,400000.0,240000.0,160000.0,2025-03,2025Q1,2025
2025-03-23 00:02:46.093452,Desktop,West,Sales_Person_4,1,40000.0,40000.0,24000.0,16000.0,2025-03,2025Q1,2025
2025-03-24 00:02:46.093452,Keyboard,Central,Sales_Person_8,9,2000.0,18000.0,10800.0,7200.0,2025-03,2025Q1,2025
2025-03-24 00:02:46.093452,Desktop,West,Sales_Person_10,4,40000.0,160000.0,96000.0,64000.0,2025-03,2025Q1,2025
2025-03-25 00:02:46.093452,Monitor,North,Sales_Person_3,1,15000.0,15000.0,9000.0,6000.0,2025-03,2025Q1,2025
2025-03-25 00:02:46.093452,Laptop,South,Sales_Person_4,4,50000.0,200000.0,120000.0,80000.0,2025-03,2025Q1,2025
2025-03-25 00:02:46.093452,Desktop,North,Sales_Person_7,3,40000.0,120000.0,72000.0,48000.0,2025-03,2025Q1,2025
2025-03-25 00:02:46.093452,Headphone,North,Sales_Person_8,8,,,,,2025-03,2025Q1,2025
2025-03-26 00:02:46.093452,Monitor,East,Sales_Person_7,7,15000.0,105000.0,63000.0,42000.0,2025-03,2025Q1,2025
2025-03-26 00:02:46.093452,Headphone,East,Sales_Person_6,16,,,,,2025-03,2025Q1,2025
2025-03-26 00:02:46.093452,Keyboard,West,Sales_Person_6,13,2000.0,26000.0,15600.0,10400.0,2025-03,2025Q1,2025
2025-03-26 00:02:46.093452,Monitor,East,Sales_Person_1,6,15000.0,90000.0,54000.0,36000.0,2025-03,2025Q1,2025
2025-03-26 00:02:46.093452,Desktop,North,Sales_Person_2,15,40000.0,600000.0,360000.0,240000.0,2025-03,2025Q1,2025
2025-03-26 00:02:46.093452,Mosue,North,Sales_Person_4,18,,,,,2025-03,2025Q1,2025
2025-03-27 00:02:46.093452,Monitor,South,Sales_Person_4,7,15000.0,105000.0,63000.0,42000.0,2025-03,2025Q1,2025
2025-03-27 00:02:46.093452,Headphone,South,Sales_Person_9,10,,,,,2025-03,2025Q1,2025
2025-03-27 00:02:46.093452,Headphone,East,Sales_Person_10,8,,,,,2025-03,2025Q1,2025
2025-03-27 00:02:46.093452,Mosue,Central,Sales_Person_3,12,,,,,2025-03,2025Q1,2025
2025-03-27 00:02:46.093452,Monitor,West,Sales_Person_7,19,15000.0,285000.0,171000.0,114000.0,2025-03,2025Q1,2025
2025-03-27 00:02:46.093452,Headphone,North,Sales_Person_3,5,,,,,2025-03,2025Q1,2025
2025-03-27 00:02:46.093452,Mosue,North,Sales_Person_7,2,,,,,2025-03,2025Q1,2025
2025-03-28 00:02:46.093452,Laptop,Central,Sales_Person_7,4,50000.0,200000.0,120000.0,80000.0,2025-03,2025Q1,2025
2025-03-28 00:02:46.093452,Desktop,Central,Sales_Person_4,14,40000.0,560000.0,336000.0,224000.0,2025-03,2025Q1,2025
2025-03-28 00:02:46.093452,Monitor,Central,Sales_Person_8,2,15000.0,30000.0,18000.0,12000.0,2025-03,2025Q1,2025
2025-03-28 00:02:46.093452,Mosue,North,Sales_Person_6,13,,,,,2025-03,2025Q1,2025
2025-03-28 00:02:46.093452,Desktop,West,Sales_Person_2,14,40000.0,560000.0,336000.0,224000.0,2025-03,2025Q1,2025
2025-03-28 00:02:46.093452,Laptop,North,Sales_Person_8,18,50000.0,900000.0,540000.0,360000.0,2025-03,2025Q1,2025
2025-03-29 00:02:46.093452,Keyboard,North,Sales_Person_8,2,2000.0,4000.0,2400.0,1600.0,2025-03,2025Q1,2025
2025-03-29 00:02:46.093452,Monitor,North,Sales_Person_5,7,15000.0,105000.0,63000.0,42000.0,2025-03,2025Q1,2025
2025-03-29 00:02:46.093452,Mosue,Central,Sales_Person_8,1,,,,,2025-03,2025Q1,2025
2025-03-29 00:02:46.093452,Laptop,East,Sales_Person_1,2,50000.0,100000.0,60000.0,40000.0,2025-03,2025Q1,2025
2025-03-29 00:02:46.093452,Mosue,North,Sales_Person_5,15,,,,,2025-03,2025Q1,2025
2025-03-29 00:02:46.093452,Mosue,South,Sales_Person_7,1,,,,,2025-03,2025Q1,2025
2025-03-30 00:02:46.093452,Mosue,North,Sales_Person_7,19,,,,,2025-03,2025Q1,2025
2025-03-30 00:02:46.093452,Monitor,Central,Sales_Person_6,7,15000.0,105000.0,63000.0,42000.0,2025-03,2025Q1,2025
2025-03-30 00:02:46.093452,Desktop,West,Sales_Person_2,9,40000.0,360000.0,216000.0,144000.0,2025-03,2025Q1,2025
2025-03-30 00:02:46.093452,Monitor,West,Sales_Person_5,10,15000.0,150000.0,90000.0,60000.0,2025-03,2025Q1,2025
2025-03-30 00:02:46.093452,Headphone,West,Sales_Person_9,10,,,,,2025-03,2025Q1,2025
2025-03-30 00:02:46.093452,Keyboard,North,Sales_Person_8,14,2000.0,28000.0,16800.0,11200.0,2025-03,2025Q1,2025
2025-03-31 00:02:46.093452,Keyboard,East,Sales_Person_4,11,2000.0,22000.0,13200.0,8800.0,2025-03,2025Q1,2025
2025-03-31 00:02:46.093452,Laptop,West,Sales_Person_7,7,50000.0,350000.0,210000.0,140000.0,2025-03,2025Q1,2025
2025-03-31 00:02:46.093452,Mosue,North,Sales_Person_4,6,,,,,2025-03,2025Q1,2025
2025-03-31 00:02:46.093452,Desktop,Central,Sales_Person_9,16,40000.0,640000.0,384000.0,256000.0,2025-03,2025Q1,2025
2025-03-31 00:02:46.093452,Headphone,East,Sales_Person_6,1,,,,,2025-03,2025Q1,2025
2025-03-31 00:02:46.093452,Monitor,East,Sales_Person_6,14,15000.0,210000.0,126000.0,84000.0,2025-03,2025Q1,2025
2025-03-31 00:02:46.093452,Laptop,North,Sales_Person_9,3,50000.0,150000.0,90000.0,60000.0,2025-03,2025Q1,2025
2025-03-31 00:02:46.093452,Monitor,South,Sales_Person_1,5,15000.0,75000.0,45000.0,30000.0,2025-03,2025Q1,2025
2025-03-31 00:02:46.093452,Headphone,South,Sales_Person_2,16,,,,,2025-03,2025Q1,2025
2025-03-31 00:02:46.093452,Laptop,Central,Sales_Person_4,8,50000.0,400000.0,240000.0,160000.0,2025-03,2025Q1,2025
2025-03-31 00:02:46.093452,Keyboard,Central,Sales_Person_8,14,2000.0,28000.0,16800.0,11200.0,2025-03,2025Q1,2025
2025-03-31 00:02:46.093452,Headphone,North,Sales_Person_3,17,,,,,2025-03,2025Q1,2025
2025-03-31 00:02:46.093452,Keyboard,North,Sales_Person_3,19,2000.0,38000.0,22800.0,15200.0,2025-03,2025Q1,2025
2025-04-01 00:02:46.093452,Mosue,West,Sales_Person_7,11,,,,,2025-04,2025Q2,2025
2025-04-01 00:02:46.093452,Monitor,South,Sales_Person_1,9,15000.0,135000.0,81000.0,54000.0,2025-04,2025Q2,2025
2025-04-01 00:02:46.093452,Monitor,North,Sales_Person_2,18,15000.0,270000.0,162000.0,108000.0,2025-04,2025Q2,2025
2025-04-01 00:02:46.093452,Laptop,South,Sales_Person_8,9,50000.0,450000.0,270000.0,180000.0,2025-04,2025Q2,2025
2025-04-01 00:02:46.093452,Mosue,East,Sales_Person_7,18,,,,,2025-04,2025Q2,2025
2025-04-01 00:02:46.093452,Keyboard,West,Sales_Person_10,14,2000.0,28000.0,16800.0,11200.0,2025-04,2025Q2,2025
2025-04-01 00:02:46.093452,Headphone,North,Sales_Person_3,10,,,,,2025-04,2025Q2,2025
2025-04-02 00:02:46.093452,Desktop,Central,Sales_Person_10,18,40000.0,720000.0,432000.0,288000.0,2025-04,2025Q2,2025
2025-04-02 00:02:46.093452,Desktop,East,Sales_Person_4,6,40000.0,240000.0,144000.0,96000.0,2025-04,2025Q2,2025
2025-04-02 00:02:46.093452,Laptop,East,Sales_Person_7,10,50000.0,500000.0,300000.0,200000.0,2025-04,2025Q2,2025
2025-04-02 00:02:46.093452,Laptop,West,Sales_Person_4,17,50000.0,850000.0,510000.0,340000.0,2025-04,2025Q2,2025
2025-04-02 00:02:46.093452,Desktop,North,Sales_Person_8,13,40000.0,520000.0,312000.0,208000.0,2025-04,2025Q2,2025
2025-04-02 00:02:46.093452,Headphone,West,Sales_Person_10,1,,,,,2025-04,2025Q2,2025
2025-04-02 00:02:46.093452,Mosue,North,Sales_Person_8,9,,,,,2025-04,2025Q2,2025
2025-04-03 00:02:46.093452,Mosue,West,Sales_Person_10,8,,,,,2025-04,2025Q2,2025
2025-04-03 00:02:46.093452,Keyboard,East,Sales_Person_1,7,2000.0,14000.0,8400.0,5600.0,2025-04,2025Q2,2025
2025-04-03 00:02:46.093452,Keyboard,Central,Sales_Person_10,11,2000.0,22000.0,13200.0,8800.0,2025-04,2025Q2,2025
2025-04-03 00:02:46.093452,Keyboard,Central,Sales_Person_4,17,2000.0,34000.0,20400.0,13600.0,2025-04,2025Q2,2025
2025-04-03 00:02:46.093452,Monitor,Central,Sales_Person_5,18,15000.0,270000.0,162000.0,108000.0,2025-04,2025Q2,2025
2025-04-03 00:02:46.093452,Headphone,South,Sales_Person_1,2,,,,,2025-04,2025Q2,2025
2025-04-03 00:02:46.093452,Mosue,South,Sales_Person_3,19,,,,,2025-04,2025Q2,2025
2025-04-04 00:02:46.093452,Keyboard,South,Sales_Person_3,13,2000.0,26000.0,15600.0,10400.0,2025-04,2025Q2,2025
2025-04-04 00:02:46.093452,Mosue,North,Sales_Person_10,10,,,,,2025-04,2025Q2,2025
2025-04-05 00:02:46.093452,Laptop,West,Sales_Person_7,2,50000.0,100000.0,60000.0,40000.0,2025-04,2025Q2,2025
2025-04-05 00:02:46.093452,Headphone,Central,Sales_Person_1,17,,,,,2025-04,2025Q2,2025
2025-04-05 00:02:46.093452,Desktop,East,Sales_Person_6,19,40000.0,760000.0,456000.0,304000.0,2025-04,2025Q2,2025
2025-04-05 00:02:46.093452,Mosue,West,Sales_Person_5,3,,,,,2025-04,2025Q2,2025
2025-04-05 00:02:46.093452,Laptop,Central,Sales_Person_1,6,50000.0,300000.0,180000.0,120000.0,2025-04,2025Q2,2025
2025-04-06 00:02:46.093452,Keyboard,Central,Sales_Person_4,18,2000.0,36000.0,21600.0,14400.0,2025-04,2025Q2,2025
2025-04-06 00:02:46.093452,Keyboard,East,Sales_Person_5,9,2000.0,18000.0,10800.0,7200.0,2025-04,2025Q2,2025
2025-04-06 00:02:46.093452,Headphone,North,Sales_Person_3,17,,,,,2025-04,2025Q2,2025
2025-04-07 00:02:46.093452,Mosue,North,Sales_Person_4,14,,,,,2025-04,2025Q2,2025
2025-04-07 00:02:46.093452,Desktop,Central,Sales_Person_3,15,40000.0,600000.0,360000.0,240000.0,2025-04,2025Q2,2025
2025-04-07 00:02:46.093452,Keyboard,North,Sales_Person_6,6,2000.0,12000.0,7200.0,4800.0,2025-04,2025Q2,2025
2025-04-07 00:02:46.093452,Laptop,East,Sales_Person_7,4,50000.0,200000.0,120000.0,80000.0,2025-04,2025Q2,2025
2025-04-07 00:02:46.093452,Mosue,East,Sales_Person_2,7,,,,,2025-04,2025Q2,2025
2025-04-07 00:02:46.093452,Keyboard,South,Sales_Person_2,18,2000.0,36000.0,21600.0,14400.0,2025-04,2025Q2,2025
2025-04-07 00:02:46.093452,Headphone,North,Sales_Person_9,19,,,,,2025-04,2025Q2,2025
2025-04-08 00:02:46.093452,Laptop,West,Sales_Person_2,11,50000.0,550000.0,330000.0,220000.0,2025-04,2025Q2,2025
2025-04-08 00:02:46.093452,Mosue,North,Sales_Person_9,1,,,,,2025-04,2025Q2,2025
2025-04-08 00:02:46.093452,Monitor,South,Sales_Person_9,18,15000.0,270000.0,162000.0,108000.0,2025-04,2025Q2,2025
2025-04-08 00:02:46.093452,Monitor,South,Sales_Person_1,7,15000.0,105000.0,63000.0,42000.0,2025-04,2025Q2,2025
2025-04-08 00:02:46.093452,Laptop,Central,Sales_Person_4,9,50000.0,450000.0,270000.0,180000.0,2025-04,2025Q2,2025
2025-04-08 00:02:46.093452,Mosue,Central,Sales_Person_10,4,,,,,2025-04,2025Q2,2025
2025-04-08 00:02:46.093452,Desktop,West,Sales_Person_3,15,40000.0,600000.0,360000.0,240000.0,2025-04,2025Q2,2025
2025-04-08 00:02:46.093452,Laptop,South,Sales_Person_5,9,50000.0,450000.0,270000.0,180000.0,2025-04,2025Q2,2025
2025-04-09 00:02:46.093452,Laptop,East,Sales_Person_3,19,50000.0,950000.0,570000.0,380000.0,2025-04,2025Q2,2025
2025-04-09 00:02:46.093452,Keyboard,East,Sales_Person_10,12,2000.0,24000.0,14400.0,9600.0,2025-04,2025Q2,2025
2025-04-09 00:02:46.093452,Mosue,South,Sales_Person_1,7,,,,,2025-04,2025Q2,2025
2025-04-10 00:02:46.093452,Laptop,East,Sales_Person_5,3,50000.0,150000.0,90000.0,60000.0,2025-04,2025Q2,2025
2025-04-10 00:02:46.093452,Headphone,East,Sales_Person_7,12,,,,,2025-04,2025Q2,2025
2025-04-10 00:02:46.093452,Keyboard,North,Sales_Person_5,5,2000.0,10000.0,6000.0,4000.0,2025-04,2025Q2,2025
2025-04-10 00:02:46.093452,Monitor,Central,Sales_Person_10,18,15000.0,270000.0,162000.0,108000.0,2025-04,2025Q2,2025
2025-04-11 00:02:46.093452,Keyboard,Central,Sales_Person_2,8,2000.0,16000.0,9600.0,6400.0,2025-04,2025Q2,2025
2025-04-11 00:02:46.093452,Laptop,South,Sales_Person_9,19,50000.0,950000.0,570000.0,380000.0,2025-04,2025Q2,2025
2025-04-11 00:02:46.093452,Laptop,South,Sales_Person_4,18,50000.0,900000.0,540000.0,360000.0,2025-04,2025Q2,2025
2025-04-12 00:02:46.093452,Headphone,East,Sales_Person_10,12,,,,,2025-04,2025Q2,2025
2025-04-12 00:02:46.093452,Laptop,West,Sales_Person_1,7,50000.0,350000.0,210000.0,140000.0,2025-04,2025Q2,2025
2025-04-12 00:02:46.093452,Monitor,West,Sales_Person_6,11,15000.0,165000.0,99000.0,66000.0,2025-04,2025Q2,2025
2025-04-12 00:02:46.093452,Laptop,North,Sales_Person_7,1,50000.0,50000.0,30000.0,20000.0,2025-04,2025Q2,2025
2025-04-12 00:02:46.093452,Monitor,East,Sales_Person_4,16,15000.0,240000.0,144000.0,96000.0,2025-04,2025Q2,2025
2025-04-12 00:02:46.093452,Laptop,Central,Sales_Person_10,6,50000.0,300000.0,180000.0,120000.0,2025-04,2025Q2,2025
2025-04-12 00:02:46.093452,Monitor,Central,Sales_Person_8,19,15000.0,285000.0,171000.0,114000.0,2025-04,2025Q2,2025
2025-04-12 00:02:46.093452,Headphone,Central,Sales_Person_10,8,,,,,2025-04,2025Q2,2025
2025-04-13 00:02:46.093452,Laptop,Central,Sales_Person_7,15,50000.0,750000.0,450000.0,300000.0,2025-04,2025Q2,2025
2025-04-13 00:02:46.093452,Monitor,West,Sales_Person_10,16,15000.0,240000.0,144000.0,96000.0,2025-04,2025Q2,2025
2025-04-13 00:02:46.093452,Mosue,East,Sales_Person_2,16,,,,,2025-04,2025Q2,2025
2025-04-13 00:02:46.093452,Laptop,Central,Sales_Person_6,14,50000.0,700000.0,420000.0,280000.0,2025-04,2025Q2,2025
2025-04-14 00:02:46.093452,Laptop,Central,Sales_Person_8,2,50000.0,100000.0,60000.0,40000.0,2025-04,2025Q2,2025
2025-04-14 00:02:46.093452,Keyboard,North,Sales_Person_2,19,2000.0,38000.0,22800.0,15200.0,2025-04,2025Q2,2025
2025-04-14 00:02:46.093452,Desktop,East,Sales_Person_1,6,40000.0,240000.0,144000.0,96000.0,2025-04,2025Q2,2025
2025-04-14 00:02:46.093452,Keyboard,North,Sales_Person_7,7,2000.0,14000.0,8400.0,5600.0,2025-04,2025Q2,2025
2025-04-14 00:02:46.093452,Keyboard,East,Sales_Person_9,5,2000.0,10000.0,6000.0,4000.0,2025-04,2025Q2,2025
2025-04-14 00:02:46.093452,Headphone,South,Sales_Person_7,17,,,,,2025-04,2025Q2,2025
2025-04-14 00:02:46.093452,Mosue,West,Sales_Person_9,16,,,,,2025-04,2025Q2,2025
2025-04-14 00:02:46.093452,Laptop,East,Sales_Person_4,9,50000.0,450000.0,270000.0,180000.0,2025-04,2025Q2,2025
2025-04-15 00:02:46.093452,Headphone,South,Sales_Person_8,10,,,,,2025-04,2025Q2,2025
2025-04-15 00:02:46.093452,Desktop,West,Sales_Person_1,11,40000.0,440000.0,264000.0,176000.0,2025-04,2025Q2,2025
2025-04-15 00:02:46.093452,Keyboard,Central,Sales_Person_3,8,2000.0,16000.0,9600.0,6400.0,2025-04,2025Q2,2025
2025-04-15 00:02:46.093452,Headphone,South,Sales_Person_9,9,,,,,2025-04,2025Q2,2025
2025-04-15 00:02:46.093452,Desktop,South,Sales_Person_9,18,40000.0,720000.0,432000.0,288000.0,2025-04,2025Q2,2025
2025-04-15 00:02:46.093452,Desktop,Central,Sales_Person_1,14,40000.0,560000.0,336000.0,224000.0,2025-04,2025Q2,2025
2025-04-15 00:02:46.093452,Headphone,South,Sales_Person_1,6,,,,,2025-04,2025Q2,2025
2025-04-15 00:02:46.093452,Laptop,North,Sales_Person_2,14,50000.0,700000.0,420000.0,280000.0,2025-04,2025Q2,2025
2025-04-15 00:02:46.093452,Mosue,Central,Sales_Person_10,5,,,,,2025-04,2025Q2,2025
2025-04-16 00:02:46.093452,Monitor,East,Sales_Person_5,10,15000.0,150000.0,90000.0,60000.0,2025-04,2025Q2,2025
2025-04-16 00:02:46.093452,Keyboard,North,Sales_Person_7,2,2000.0,4000.0,2400.0,1600.0,2025-04,2025Q2,2025
2025-04-16 00:02:46.093452,Mosue,East,Sales_Person_7,3,,,,,2025-04,2025Q2,2025
2025-04-16 00:02:46.093452,Laptop,West,Sales_Person_7,13,50000.0,650000.0,390000.0,260000.0,2025-04,2025Q2,2025
2025-04-16 00:02:46.093452,Headphone,East,Sales_Person_7,13,,,,,2025-04,2025Q2,2025
2025-04-16 00:02:46.093452,Laptop,Central,Sales_Person_6,9,50000.0,450000.0,270000.0,180000.0,2025-04,2025Q2,2025
2025-04-17 00:02:46.093452,Headphone,East,Sales_Person_9,12,,,,,2025-04,2025Q2,2025
2025-04-17 00:02:46.093452,Laptop,East,Sales_Person_5,11,50000.0,550000.0,330000.0,220000.0,2025-04,2025Q2,2025
2025-04-17 00:02:46.093452,Headphone,South,Sales_Person_8,13,,,,,2025-04,2025Q2,2025
2025-04-18 00:02:46.093452,Monitor,North,Sales_Person_2,8,15000.0,120000.0,72000.0,48000.0,2025-04,2025Q2,2025
2025-04-18 00:02:46.093452,Mosue,East,Sales_Person_3,10,,,,,2025-04,2025Q2,2025
2025-04-19 00:02:46.093452,Headphone,East,Sales_Person_9,11,,,,,2025-04,2025Q2,2025
2025-04-19 00:02:46.093452,Mosue,West,Sales_Person_3,11,,,,,2025-04,2025Q2,2025
2025-04-19 00:02:46.093452,Laptop,Central,Sales_Person_8,10,50000.0,500000.0,300000.0,200000.0,2025-04,2025Q2,2025
2025-04-19 00:02:46.093452,Laptop,West,Sales_Person_7,18,50000.0,900000.0,540000.0,360000.0,2025-04,2025Q2,2025
2025-04-19 00:02:46.093452,Headphone,South,Sales_Person_7,13,,,,,2025-04,2025Q2,2025
2025-04-19 00:02:46.093452,Desktop,East,Sales_Person_9,6,40000.0,240000.0,144000.0,96000.0,2025-04,2025Q2,2025
2025-04-19 00:02:46.093452,Headphone,North,Sales_Person_3,9,,,,,2025-04,2025Q2,2025
2025-04-19 00:02:46.093452,Keyboard,Central,Sales_Person_1,11,2000.0,22000.0,13200.0,8800.0,2025-04,2025Q2,2025
2025-04-20 00:02:46.093452,Laptop,East,Sales_Person_7,13,50000.0,650000.0,390000.0,260000.0,2025-04,2025Q2,2025
2025-04-20 00:02:46.093452,Laptop,North,Sales_Person_9,2,50000.0,100000.0,60000.0,40000.0,2025-04,2025Q2,2025
2025-04-20 00:02:46.093452,Mosue,Central,Sales_Person_6,3,,,,,2025-04,2025Q2,2025
2025-04-20 00:02:46.093452,Mosue,North,Sales_Person_2,4,,,,,2025-04,2025Q2,2025
2025-04-20 00:02:46.093452,Headphone,South,Sales_Person_9,10,,,,,2025-04,2025Q2,2025
2025-04-20 00:02:46.093452,Mosue,Central,Sales_Person_8,3,,,,,2025-04,2025Q2,2025
2025-04-20 00:02:46.093452,Desktop,South,Sales_Person_10,3,40000.0,120000.0,72000.0,48000.0,2025-04,2025Q2,2025
2025-04-21 00:02:46.093452,Desktop,Central,Sales_Person_9,3,40000.0,120000.0,72000.0,48000.0,2025-04,2025Q2,2025
2025-04-21 00:02:46.093452,Keyboard,Central,Sales_Person_3,15,2000.0,30000.0,18000.0,12000.0,2025-04,2025Q2,2025
2025-04-21 00:02:46.093452,Headphone,Central,Sales_Person_2,7,,,,,2025-04,2025Q2,2025
2025-04-21 00:02:46.093452,Monitor,South,Sales_Person_5,9,15000.0,135000.0,81000.0,54000.0,2025-04,2025Q2,2025
2025-04-21 00:02:46.093452,Mosue,West,Sales_Person_10,14,,,,,2025-04,2025Q2,2025
2025-04-22 00:02:46.093452,Mosue,North,Sales_Person_1,6,,,,,2025-04,2025Q2,2025
2025-04-22 00:02:46.093452,Keyboard,West,Sales_Person_5,10,2000.0,20000.0,12000.0,8000.0,2025-04,2025Q2,2025
2025-04-22 00:02:46.093452,Mosue,South,Sales_Person_2,13,,,,,2025-04,2025Q2,2025
2025-04-22 00:02:46.093452,Keyboard,West,Sales_Person_2,3,2000.0,6000.0,3600.0,2400.0,2025-04,2025Q2,2025
2025-04-22 00:02:46.093452,Mosue,East,Sales_Person_3,11,,,,,2025-04,2025Q2,2025
2025-04-23 00:02:46.093452,Headphone,East,Sales_Person_7,9,,,,,2025-04,2025Q2,2025
2025-04-23 00:02:46.093452,Laptop,Central,Sales_Person_3,9,50000.0,450000.0,270000.0,180000.0,2025-04,2025Q2,2025
2025-04-23 00:02:46.093452,Headphone,North,Sales_Person_10,5,,,,,2025-04,2025Q2,2025
2025-04-23 00:02:46.093452,Monitor,Central,Sales_Person_4,6,15000.0,90000.0,54000.0,36000.0,2025-04,2025Q2,2025
2025-04-23 00:02:46.093452,Laptop,South,Sales_Person_7,4,50000.0,200000.0,120000.0,80000.0,2025-04,2025Q2,2025
2025-04-23 00:02:46.093452,Headphone,East,Sales_Person_7,18,,,,,2025-04,2025Q2,2025
2025-04-23 00:02:46.093452,Headphone,North,Sales_Person_7,5,,,,,2025-04,2025Q2,2025
2025-04-24 00:02:46.093452,Keyboard,Central,Sales_Person_9,1,2000.0,2000.0,1200.0,800.0,2025-04,2025Q2,2025
2025-04-24 00:02:46.093452,Desktop,South,Sales_Person_9,2,40000.0,80000.0,48000.0,32000.0,2025-04,2025Q2,2025
2025-04-24 00:02:46.093452,Keyboard,Central,Sales_Person_2,7,2000.0,14000.0,8400.0,5600.0,2025-04,2025Q2,2025
2025-04-24 00:02:46.093452,Headphone,North,Sales_Person_3,13,,,,,2025-04,2025Q2,2025
2025-04-24 00:02:46.093452,Desktop,West,Sales_Person_1,19,40000.0,760000.0,456000.0,304000.0,2025-04,2025Q2,2025
2025-04-24 00:02:46.093452,Keyboard,East,Sales_Person_10,2,2000.0,4000.0,2400.0,1600.0,2025-04,2025Q2,2025
2025-04-24 00:02:46.093452,Headphone,North,Sales_Person_7,9,,,,,2025-04,2025Q2,2025
2025-04-24 00:02:46.093452,Mosue,Central,Sales_Person_5,3,,,,,2025-04,2025Q2,2025
2025-04-24 00:02:46.093452,Desktop,Central,Sales_Person_5,19,40000.0,760000.0,456000.0,304000.0,2025-04,2025Q2,2025
2025-04-25 00:02:46.093452,Mosue,South,Sales_Person_6,11,,,,,2025-04,2025Q2,2025
2025-04-25 00:02:46.093452,Headphone,Central,Sales_Person_1,9,,,,,2025-04,2025Q2,2025
2025-04-25 00:02:46.093452,Laptop,Central,Sales_Person_4,9,50000.0,450000.0,270000.0,180000.0,2025-04,2025Q2,2025
2025-04-26 00:02:46.093452,Headphone,East,Sales_Person_5,14,,,,,2025-04,2025Q2,2025
2025-04-26 00:02:46.093452,Laptop,South,Sales_Person_2,14,50000.0,700000.0,420000.0,280000.0,2025-04,2025Q2,2025
2025-04-26 00:02:46.093452,Headphone,South,Sales_Person_1,3,,,,,2025-04,2025Q2,2025
2025-04-26 00:02:46.093452,Laptop,East,Sales_Person_10,7,50000.0,350000.0,210000.0,140000.0,2025-04,2025Q2,2025
2025-04-27 00:02:46.093452,Keyboard,Central,Sales_Person_9,9,2000.0,18000.0,10800.0,7200.0,2025-04,2025Q2,2025
2025-04-27 00:02:46.093452,Laptop,South,Sales_Person_2,18,50000.0,900000.0,540000.0,360000.0,2025-04,2025Q2,2025
2025-04-27 00:02:46.093452,Keyboard,East,Sales_Person_6,10,2000.0,20000.0,12000.0,8000.0,2025-04,2025Q2,2025
2025-04-27 00:02:46.093452,Monitor,West,Sales_Person_8,9,15000.0,135000.0,81000.0,54000.0,2025-04,2025Q2,2025
2025-04-28 00:02:46.093452,Monitor,North,Sales_Person_10,16,15000.0,240000.0,144000.0,96000.0,2025-04,2025Q2,2025
2025-04-28 00:02:46.093452,Headphone,West,Sales_Person_6,15,,,,,2025-04,2025Q2,2025
2025-04-28 00:02:46.093452,Desktop,West,Sales_Person_6,5,40000.0,200000.0,120000.0,80000.0,2025-04,2025Q2,2025
2025-04-29 00:02:46.093452,Monitor,North,Sales_Person_10,13,15000.0,195000.0,117000.0,78000.0,2025-04,2025Q2,2025
2025-04-29 00:02:46.093452,Desktop,West,Sales_Person_5,13,40000.0,520000.0,312000.0,208000.0,2025-04,2025Q2,2025
2025-04-29 00:02:46.093452,Desktop,Central,Sales_Person_6,4,40000.0,160000.0,96000.0,64000.0,2025-04,2025Q2,2025
2025-04-30 00:02:46.093452,Headphone,South,Sales_Person_2,9,,,,,2025-04,2025Q2,2025
2025-04-30 00:02:46.093452,Headphone,West,Sales_Person_4,1,,,,,2025-04,2025Q2,2025
2025-04-30 00:02:46.093452,Monitor,West,Sales_Person_3,15,15000.0,225000.0,135000.0,90000.0,2025-04,2025Q2,2025
2025-04-30 00:02:46.093452,Keyboard,West,Sales_Person_2,18,2000.0,36000.0,21600.0,14400.0,2025-04,2025Q2,2025
2025-04-30 00:02:46.093452,Desktop,East,Sales_Person_6,6,40000.0,240000.0,144000.0,96000.0,2025-04,2025Q2,2025
2025-04-30 00:02:46.093452,Monitor,East,Sales_Person_4,10,15000.0,150000.0,90000.0,60000.0,2025-04,2025Q2,2025
2025-04-30 00:02:46.093452,Laptop,North,Sales_Person_2,16,50000.0,800000.0,480000.0,320000.0,2025-04,2025Q2,2025
2025-05-01 00:02:46.093452,Desktop,East,Sales_Person_3,16,40000.0,640000.0,384000.0,256000.0,2025-05,2025Q2,2025
2025-05-01 00:02:46.093452,Laptop,West,Sales_Person_9,10,50000.0,500000.0,300000.0,200000.0,2025-05,2025Q2,2025
2025-05-03 00:02:46.093452,Headphone,South,Sales_Person_5,4,,,,,2025-05,2025Q2,2025
2025-05-03 00:02:46.093452,Keyboard,East,Sales_Person_2,8,2000.0,16000.0,9600.0,6400.0,2025-05,2025Q2,2025
2025-05-03 00:02:46.093452,Keyboard,North,Sales_Person_8,4,2000.0,8000.0,4800.0,3200.0,2025-05,2025Q2,2025
2025-05-03 00:02:46.093452,Desktop,South,Sales_Person_5,17,40000.0,680000.0,408000.0,272000.0,2025-05,2025Q2,2025
2025-05-03 00:02:46.093452,Keyboard,East,Sales_Person_7,7,2000.0,14000.0,8400.0,5600.0,2025-05,2025Q2,2025
2025-05-03 00:02:46.093452,Headphone,East,Sales_Person_1,12,,,,,2025-05,2025Q2,2025
2025-05-04 00:02:46.093452,Desktop,East,Sales_Person_2,12,40000.0,480000.0,288000.0,192000.0,2025-05,2025Q2,2025
2025-05-04 00:02:46.093452,Desktop,North,Sales_Person_10,15,40000.0,600000.0,360000.0,240000.0,2025-05,2025Q2,2025
2025-05-04 00:02:46.093452,Monitor,South,Sales_Person_3,10,15000.0,150000.0,90000.0,60000.0,2025-05,2025Q2,2025
2025-05-04 00:02:46.093452,Monitor,West,Sales_Person_10,11,15000.0,165000.0,99000.0,66000.0,2025-05,2025Q2,2025
2025-05-05 00:02:46.093452,Laptop,West,Sales_Person_10,8,50000.0,400000.0,240000.0,160000.0,2025-05,2025Q2,2025
2025-05-05 00:02:46.093452,Monitor,South,Sales_Person_10,4,15000.0,60000.0,36000.0,24000.0,2025-05,2025Q2,2025
2025-05-06 00:02:46.093452,Laptop,North,Sales_Person_10,3,50000.0,150000.0,90000.0,60000.0,2025-05,2025Q2,2025
2025-05-06 00:02:46.093452,Laptop,East,Sales_Person_10,14,50000.0,700000.0,420000.0,280000.0,2025-05,2025Q2,2025
2025-05-06 00:02:46.093452,Desktop,West,Sales_Person_10,3,40000.0,120000.0,72000.0,48000.0,2025-05,2025Q2,2025
2025-05-06 00:02:46.093452,Laptop,West,Sales_Person_7,5,50000.0,250000.0,150000.0,100000.0,2025-05,2025Q2,2025
2025-05-06 00:02:46.093452,Keyboard,North,Sales_Person_2,8,2000.0,16000.0,9600.0,6400.0,2025-05,2025Q2,2025
2025-05-06 00:02:46.093452,Mosue,East,Sales_Person_1,1,,,,,2025-05,2025Q2,2025
2025-05-06 00:02:46.093452,Keyboard,West,Sales_Person_2,9,2000.0,18000.0,10800.0,7200.0,2025-05,2025Q2,2025
2025-05-07 00:02:46.093452,Laptop,South,Sales_Person_2,5,50000.0,250000.0,150000.0,100000.0,2025-05,2025Q2,2025
2025-05-07 00:02:46.093452,Monitor,Central,Sales_Person_1,16,15000.0,240000.0,144000.0,96000.0,2025-05,2025Q2,2025
2025-05-07 00:02:46.093452,Keyboard,North,Sales_Person_6,8,2000.0,16000.0,9600.0,6400.0,2025-05,2025Q2,2025
2025-05-07 00:02:46.093452,Laptop,Central,Sales_Person_7,8,50000.0,400000.0,240000.0,160000.0,2025-05,2025Q2,2025
2025-05-07 00:02:46.093452,Headphone,North,Sales_Person_2,4,,,,,2025-05,2025Q2,2025
2025-05-07 00:02:46.093452,Keyboard,Central,Sales_Person_8,1,2000.0,2000.0,1200.0,800.0,2025-05,2025Q2,2025
2025-05-08 00:02:46.093452,Headphone,West,Sales_Person_7,10,,,,,2025-05,2025Q2,2025
2025-05-08 00:02:46.093452,Monitor,Central,Sales_Person_9,12,15000.0,180000.0,108000.0,72000.0,2025-05,2025Q2,2025
2025-05-09 00:02:46.093452,Mosue,West,Sales_Person_7,17,,,,,2025-05,2025Q2,2025
2025-05-09 00:02:46.093452,Laptop,East,Sales_Person_10,11,50000.0,550000.0,330000.0,220000.0,2025-05,2025Q2,2025
2025-05-09 00:02:46.093452,Laptop,South,Sales_Person_10,15,50000.0,750000.0,450000.0,300000.0,2025-05,2025Q2,2025
2025-05-09 00:02:46.093452,Monitor,West,Sales_Person_4,4,15000.0,60000.0,36000.0,24000.0,2025-05,2025Q2,2025
2025-05-09 00:02:46.093452,Mosue,Central,Sales_Person_8,6,,,,,2025-05,2025Q2,2025
2025-05-09 00:02:46.093452,Laptop,South,Sales_Person_4,10,50000.0,500000.0,300000.0,200000.0,2025-05,2025Q2,2025
2025-05-10 00:02:46.093452,Headphone,North,Sales_Person_3,19,,,,,2025-05,2025Q2,2025
2025-05-10 00:02:46.093452,Laptop,South,Sales_Person_1,13,50000.0,650000.0,390000.0,260000.0,2025-05,2025Q2,2025
2025-05-11 00:02:46.093452,Desktop,West,Sales_Person_1,18,40000.0,720000.0,432000.0,288000.0,2025-05,2025Q2,2025
2025-05-11 00:02:46.093452,Headphone,Central,Sales_Person_6,12,,,,,2025-05,2025Q2,2025
2025-05-11 00:02:46.093452,Mosue,West,Sales_Person_6,7,,,,,2025-05,2025Q2,2025
2025-05-11 00:02:46.093452,Desktop,North,Sales_Person_1,4,40000.0,160000.0,96000.0,64000.0,2025-05,2025Q2,2025
2025-05-12 00:02:46.093452,Laptop,South,Sales_Person_7,1,50000.0,50000.0,30000.0,20000.0,2025-05,2025Q2,2025
2025-05-12 00:02:46.093452,Keyboard,Central,Sales_Person_4,6,2000.0,12000.0,7200.0,4800.0,2025-05,2025Q2,2025
2025-05-12 00:02:46.093452,Headphone,East,Sales_Person_8,14,,,,,2025-05,2025Q2,2025
2025-05-12 00:02:46.093452,Headphone,Central,Sales_Person_4,7,,,,,2025-05,2025Q2,2025
2025-05-12 00:02:46.093452,Keyboard,West,Sales_Person_8,16,2000.0,32000.0,19200.0,12800.0,2025-05,2025Q2,2025
2025-05-12 00:02:46.093452,Keyboard,East,Sales_Person_2,16,2000.0,32000.0,19200.0,12800.0,2025-05,2025Q2,2025
2025-05-12 00:02:46.093452,Desktop,East,Sales_Person_2,6,40000.0,240000.0,144000.0,96000.0,2025-05,2025Q2,2025
2025-05-13 00:02:46.093452,Keyboard,West,Sales_Person_2,15,2000.0,30000.0,18000.0,12000.0,2025-05,2025Q2,2025
2025-05-13 00:02:46.093452,Headphone,West,Sales_Person_8,13,,,,,2025-05,2025Q2,2025
2025-05-13 00:02:46.093452,Mosue,East,Sales_Person_10,13,,,,,2025-05,2025Q2,2025
2025-05-13 00:02:46.093452,Mosue,North,Sales_Person_9,7,,,,,2025-05,2025Q2,2025
2025-05-13 00:02:46.093452,Desktop,North,Sales_Person_8,6,40000.0,240000.0,144000.0,96000.0,2025-05,2025Q2,2025
2025-05-14 00:02:46.093452,Keyboard,East,Sales_Person_8,11,2000.0,22000.0,13200.0,8800.0,2025-05,2025Q2,2025
2025-05-14 00:02:46.093452,Laptop,East,Sales_Person_3,5,50000.0,250000.0,150000.0,100000.0,2025-05,2025Q2,2025
2025-05-15 00:02:46.093452,Desktop,South,Sales_Person_1,14,40000.0,560000.0,336000.0,224000.0,2025-05,2025Q2,2025
2025-05-15 00:02:46.093452,Desktop,West,Sales_Person_3,8,40000.0,320000.0,192000.0,128000.0,2025-05,2025Q2,2025
2025-05-15 00:02:46.093452,Mosue,West,Sales_Person_1,17,,,,,2025-05,2025Q2,2025
2025-05-15 00:02:46.093452,Headphone,South,Sales_Person_10,14,,,,,2025-05,2025Q2,2025
2025-05-15 00:02:46.093452,Desktop,South,Sales_Person_1,10,40000.0,400000.0,240000.0,160000.0,2025-05,2025Q2,2025
2025-05-15 00:02:46.093452,Headphone,East,Sales_Person_9,4,,,,,2025-05,2025Q2,2025
2025-05-15 00:02:46.093452,Keyboard,South,Sales_Person_6,1,2000.0,2000.0,1200.0,800.0,2025-05,2025Q2,2025
2025-05-15 00:02:46.093452,Mosue,Central,Sales_Person_5,12,,,,,2025-05,2025Q2,2025
2025-05-16 00:02:46.093452,Keyboard,Central,Sales_Person_6,12,2000.0,24000.0,14400.0,9600.0,2025-05,2025Q2,2025
2025-05-16 00:02:46.093452,Headphone,East,Sales_Person_1,9,,,,,2025-05,2025Q2,2025
2025-05-17 00:02:46.093452,Headphone,Central,Sales_Person_9,10,,,,,2025-05,2025Q2,2025
2025-05-17 00:02:46.093452,Mosue,East,Sales_Person_7,19,,,,,2025-05,2025Q2,2025
2025-05-17 00:02:46.093452,Monitor,East,Sales_Person_9,9,15000.0,135000.0,81000.0,54000.0,2025-05,2025Q2,2025
2025-05-17 00:02:46.093452,Mosue,East,Sales_Person_3,3,,,,,2025-05,2025Q2,2025
2025-05-17 00:02:46.093452,Mosue,West,Sales_Person_9,16,,,,,2025-05,2025Q2,2025
2025-05-17 00:02:46.093452,Headphone,West,Sales_Person_10,4,,,,,2025-05,2025Q2,2025
2025-05-18 00:02:46.093452,Desktop,East,Sales_Person_1,11,40000.0,440000.0,264000.0,176000.0,2025-05,2025Q2,2025
2025-05-18 00:02:46.093452,Monitor,South,Sales_Person_9,1,15000.0,15000.0,9000.0,6000.0,2025-05,2025Q2,2025
2025-05-18 00:02:46.093452,Laptop,North,Sales_Person_6,1,50000.0,50000.0,30000.0,20000.0,2025-05,2025Q2,2025
2025-05-18 00:02:46.093452,Laptop,South,Sales_Person_8,6,50000.0,300000.0,180000.0,120000.0,2025-05,2025Q2,2025
2025-05-19 00:02:46.093452,Laptop,Central,Sales_Person_4,12,50000.0,600000.0,360000.0,240000.0,2025-05,2025Q2,2025
2025-05-19 00:02:46.093452,Headphone,Central,Sales_Person_6,2,,,,,2025-05,2025Q2,2025
2025-05-19 00:02:46.093452,Desktop,West,Sales_Person_7,2,40000.0,80000.0,48000.0,32000.0,2025-05,2025Q2,2025
2025-05-20 00:02:46.093452,Monitor,Central,Sales_Person_2,13,15000.0,195000.0,117000.0,78000.0,2025-05,2025Q2,2025
2025-05-20 00:02:46.093452,Desktop,North,Sales_Person_7,10,40000.0,400000.0,240000.0,160000.0,2025-05,2025Q2,2025
2025-05-20 00:02:46.093452,Headphone,West,Sales_Person_7,18,,,,,2025-05,2025Q2,2025
2025-05-20 00:02:46.093452,Mosue,West,Sales_Person_1,8,,,,,2025-05,2025Q2,2025
2025-05-20 00:02:46.093452,Mosue,West,Sales_Person_1,12,,,,,2025-05,2025Q2,2025
2025-05-20 00:02:46.093452,Mosue,North,Sales_Person_3,3,,,,,2025-05,2025Q2,2025
2025-05-21 00:02:46.093452,Desktop,East,Sales_Person_4,4,40000.0,160000.0,96000.0,64000.0,2025-05,2025Q2,2025
2025-05-21 00:02:46.093452,Headphone,South,Sales_Person_10,16,,,,,2025-05,2025Q2,2025
2025-05-21 00:02:46.093452,Desktop,East,Sales_Person_7,12,40000.0,480000.0,288000.0,192000.0,2025-05,2025Q2,2025
2025-05-21 00:02:46.093452,Laptop,East,Sales_Person_10,6,50000.0,300000.0,180000.0,120000.0,2025-05,2025Q2,2025
2025-05-21 00:02:46.093452,Keyboard,West,Sales_Person_10,15,2000.0,30000.0,18000.0,12000.0,2025-05,2025Q2,2025
2025-05-21 00:02:46.093452,Keyboard,West,Sales_Person_1,6,2000.0,12000.0,7200.0,4800.0,2025-05,2025Q2,2025
2025-05-21 00:02:46.093452,Laptop,South,Sales_Person_1,6,50000.0,300000.0,180000.0,120000.0,2025-05,2025Q2,2025
2025-05-22 00:02:46.093452,Keyboard,East,Sales_Person_10,5,2000.0,10000.0,6000.0,4000.0,2025-05,2025Q2,2025
2025-05-23 00:02:46.093452,Monitor,South,Sales_Person_8,15,15000.0,225000.0,135000.0,90000.0,2025-05,2025Q2,2025
2025-05-23 00:02:46.093452,Headphone,Central,Sales_Person_10,15,,,,,2025-05,2025Q2,2025
2025-05-23 00:02:46.093452,Keyboard,West,Sales_Person_4,13,2000.0,26000.0,15600.0,10400.0,2025-05,2025Q2,2025
2025-05-23 00:02:46.093452,Keyboard,East,Sales_Person_7,12,2000.0,24000.0,14400.0,9600.0,2025-05,2025Q2,2025
2025-05-23 00:02:46.093452,Mosue,North,Sales_Person_9,17,,,,,2025-05,2025Q2,2025
2025-05-23 00:02:46.093452,Monitor,Central,Sales_Person_2,17,15000.0,255000.0,153000.0,102000.0,2025-05,2025Q2,2025
2025-05-23 00:02:46.093452,Keyboard,West,Sales_Person_3,4,2000.0,8000.0,4800.0,3200.0,2025-05,2025Q2,2025
2025-05-23 00:02:46.093452,Headphone,West,Sales_Person_7,6,,,,,2025-05,2025Q2,2025
2025-05-23 00:02:46.093452,Laptop,North,Sales_Person_5,11,50000.0,550000.0,330000.0,220000.0,2025-05,2025Q2,2025
2025-05-24 00:02:46.093452,Mosue,North,Sales_Person_2,13,,,,,2025-05,2025Q2,2025
2025-05-24 00:02:46.093452,Headphone,East,Sales_Person_2,1,,,,,2025-05,2025Q2,2025
2025-05-24 00:02:46.093452,Headphone,Central,Sales_Person_5,2,,,,,2025-05,2025Q2,2025
2025-05-24 00:02:46.093452,Laptop,South,Sales_Person_3,17,50000.0,850000.0,510000.0,340000.0,2025-05,2025Q2,2025
2025-05-24 00:02:46.093452,Headphone,West,Sales_Person_3,19,,,,,2025-05,2025Q2,2025
2025-05-25 00:02:46.093452,Laptop,West,Sales_Person_3,7,50000.0,350000.0,210000.0,140000.0,2025-05,2025Q2,2025
2025-05-25 00:02:46.093452,Laptop,East,Sales_Person_2,9,50000.0,450000.0,270000.0,180000.0,2025-05,2025Q2,2025
2025-05-25 00:02:46.093452,Mosue,North,Sales_Person_5,3,,,,,2025-05,2025Q2,2025
2025-05-26 00:02:46.093452,Monitor,West,Sales_Person_9,2,15000.0,30000.0,18000.0,12000.0,2025-05,2025Q2,2025
2025-05-26 00:02:46.093452,Mosue,North,Sales_Person_10,7,,,,,2025-05,2025Q2,2025
2025-05-26 00:02:46.093452,Desktop,North,Sales_Person_6,4,40000.0,160000.0,96000.0,64000.0,2025-05,2025Q2,2025
2025-05-26 00:02:46.093452,Keyboard,North,Sales_Person_6,16,2000.0,32000.0,19200.0,12800.0,2025-05,2025Q2,2025
2025-05-26 00:02:46.093452,Keyboard,North,Sales_Person_8,1,2000.0,2000.0,1200.0,800.0,2025-05,2025Q2,2025
2025-05-26 00:02:46.093452,Desktop,South,Sales_Person_3,19,40000.0,760000.0,456000.0,304000.0,2025-05,2025Q2,2025
2025-05-26 00:02:46.093452,Desktop,Central,Sales_Person_5,7,40000.0,280000.0,168000.0,112000.0,2025-05,2025Q2,2025
2025-05-26 00:02:46.093452,Mosue,East,Sales_Person_10,17,,,,,2025-05,2025Q2,2025
2025-05-27 00:02:46.093452,Headphone,South,Sales_Person_4,13,,,,,2025-05,2025Q2,2025
2025-05-27 00:02:46.093452,Headphone,South,Sales_Person_8,16,,,,,2025-05,2025Q2,2025
2025-05-27 00:02:46.093452,Desktop,North,Sales_Person_3,1,40000.0,40000.0,24000.0,16000.0,2025-05,2025Q2,2025
2025-05-27 00:02:46.093452,Mosue,East,Sales_Person_3,13,,,,,2025-05,2025Q2,2025
2025-05-27 00:02:46.093452,Laptop,South,Sales_Person_7,2,50000.0,100000.0,60000.0,40000.0,2025-05,2025Q2,2025
2025-05-27 00:02:46.093452,Keyboard,East,Sales_Person_4,14,2000.0,28000.0,16800.0,11200.0,2025-05,2025Q2,2025
2025-05-27 00:02:46.093452,Monitor,Central,Sales_Person_7,16,15000.0,240000.0,144000.0,96000.0,2025-05,2025Q2,2025
2025-05-27 00:02:46.093452,Keyboard,North,Sales_Person_1,2,2000.0,4000.0,2400.0,1600.0,2025-05,2025Q2,2025
2025-05-28 00:02:46.093452,Headphone,Central,Sales_Person_4,17,,,,,2025-05,2025Q2,2025
2025-05-28 00:02:46.093452,Headphone,North,Sales_Person_5,12,,,,,2025-05,2025Q2,2025
2025-05-28 00:02:46.093452,Desktop,West,Sales_Person_3,10,40000.0,400000.0,240000.0,160000.0,2025-05,2025Q2,2025
2025-05-28 00:02:46.093452,Mosue,South,Sales_Person_8,3,,,,,2025-05,2025Q2,2025
2025-05-29 00:02:46.093452,Desktop,West,Sales_Person_3,13,40000.0,520000.0,312000.0,208000.0,2025-05,2025Q2,2025
2025-05-29 00:02:46.093452,Monitor,West,Sales_Person_8,4,15000.0,60000.0,36000.0,24000.0,2025-05,2025Q2,2025
2025-05-29 00:02:46.093452,Headphone,South,Sales_Person_10,7,,,,,2025-05,2025Q2,2025
2025-05-29 00:02:46.093452,Monitor,West,Sales_Person_2,10,15000.0,150000.0,90000.0,60000.0,2025-05,2025Q2,2025
2025-05-29 00:02:46.093452,Mosue,West,Sales_Person_7,9,,,,,2025-05,2025Q2,2025
2025-05-29 00:02:46.093452,Keyboard,East,Sales_Person_3,5,2000.0,10000.0,6000.0,4000.0,2025-05,2025Q2,2025
2025-05-29 00:02:46.093452,Keyboard,East,Sales_Person_1,15,2000.0,30000.0,18000.0,12000.0,2025-05,2025Q2,2025
2025-05-29 00:02:46.093452,Mosue,Central,Sales_Person_4,14,,,,,2025-05,2025Q2,2025
2025-05-30 00:02:46.093452,Laptop,East,Sales_Person_4,19,50000.0,950000.0,570000.0,380000.0,2025-05,2025Q2,2025
2025-05-30 00:02:46.093452,Keyboard,North,Sales_Person_3,9,2000.0,18000.0,10800.0,7200.0,2025-05,2025Q2,2025
2025-05-30 00:02:46.093452,Laptop,West,Sales_Person_10,16,50000.0,800000.0,480000.0,320000.0,2025-05,2025Q2,2025
2025-05-30 00:02:46.093452,Headphone,West,Sales_Person_4,7,,,,,2025-05,2025Q2,2025
2025-05-30 00:02:46.093452,Mosue,South,Sales_Person_6,12,,,,,2025-05,2025Q2,2025
2025-05-30 00:02:46.093452,Laptop,East,Sales_Person_2,18,50000.0,900000.0,540000.0,360000.0,2025-05,2025Q2,2025
2025-05-30 00:02:46.093452,Desktop,North,Sales_Person_5,2,40000.0,80000.0,48000.0,32000.0,2025-05,2025Q2,2025
2025-05-30 00:02:46.093452,Keyboard,West,Sales_Person_3,3,2000.0,6000.0,3600.0,2400.0,2025-05,2025Q2,2025
2025-05-30 00:02:46.093452,Mosue,West,Sales_Person_2,16,,,,,2025-05,2025Q2,2025
2025-05-30 00:02:46.093452,Laptop,West,Sales_Person_8,19,50000.0,950000.0,570000.0,380000.0,2025-05,2025Q2,2025
2025-05-30 00:02:46.093452,Mosue,Central,Sales_Person_7,5,,,,,2025-05,2025Q2,2025
2025-05-31 00:02:46.093452,Keyboard,South,Sales_Person_2,2,2000.0,4000.0,2400.0,1600.0,2025-05,2025Q2,2025
2025-05-31 00:02:46.093452,Desktop,West,Sales_Person_10,13,40000.0,520000.0,312000.0,208000.0,2025-05,2025Q2,2025
2025-05-31 00:02:46.093452,Keyboard,Central,Sales_Person_7,19,2000.0,38000.0,22800.0,15200.0,2025-05,2025Q2,2025
2025-05-31 00:02:46.093452,Headphone,West,Sales_Person_2,8,,,,,2025-05,2025Q2,2025
2025-05-31 00:02:46.093452,Laptop,Central,Sales_Person_2,16,50000.0,800000.0,480000.0,320000.0,2025-05,2025Q2,2025
2025-06-01 00:02:46.093452,Mosue,West,Sales_Person_10,15,,,,,2025-06,2025Q2,2025
2025-06-01 00:02:46.093452,Desktop,East,Sales_Person_10,3,40000.0,120000.0,72000.0,48000.0,2025-06,2025Q2,2025
2025-06-01 00:02:46.093452,Keyboard,West,Sales_Person_6,2,2000.0,4000.0,2400.0,1600.0,2025-06,2025Q2,2025
2025-06-01 00:02:46.093452,Keyboard,West,Sales_Person_1,19,2000.0,38000.0,22800.0,15200.0,2025-06,2025Q2,2025
2025-06-01 00:02:46.093452,Laptop,West,Sales_Person_8,2,50000.0,100000.0,60000.0,40000.0,2025-06,2025Q2,2025
2025-06-01 00:02:46.093452,Headphone,Central,Sales_Person_4,14,,,,,2025-06,2025Q2,2025
2025-06-01 00:02:46.093452,Headphone,South,Sales_Person_6,16,,,,,2025-06,2025Q2,2025
2025-06-01 00:02:46.093452,Monitor,North,Sales_Person_8,9,15000.0,135000.0,81000.0,54000.0,2025-06,2025Q2,2025
2025-06-02 00:02:46.093452,Monitor,East,Sales_Person_10,17,15000.0,255000.0,153000.0,102000.0,2025-06,2025Q2,2025
2025-06-02 00:02:46.093452,Desktop,West,Sales_Person_9,18,40000.0,720000.0,432000.0,288000.0,2025-06,2025Q2,2025
2025-06-03 00:02:46.093452,Keyboard,West,Sales_Person_10,17,2000.0,34000.0,20400.0,13600.0,2025-06,2025Q2,2025
2025-06-03 00:02:46.093452,Mosue,North,Sales_Person_10,14,,,,,2025-06,2025Q2,2025
2025-06-03 00:02:46.093452,Desktop,Central,Sales_Person_1,12,40000.0,480000.0,288000.0,192000.0,2025-06,2025Q2,2025
2025-06-03 00:02:46.093452,Monitor,West,Sales_Person_9,3,15000.0,45000.0,27000.0,18000.0,2025-06,2025Q2,2025
2025-06-03 00:02:46.093452,Monitor,West,Sales_Person_6,8,15000.0,120000.0,72000.0,48000.0,2025-06,2025Q2,2025
2025-06-03 00:02:46.093452,Monitor,Central,Sales_Person_2,9,15000.0,135000.0,81000.0,54000.0,2025-06,2025Q2,2025
2025-06-04 00:02:46.093452,Laptop,West,Sales_Person_4,14,50000.0,700000.0,420000.0,280000.0,2025-06,2025Q2,2025
2025-06-04 00:02:46.093452,Keyboard,East,Sales_Person_8,3,2000.0,6000.0,3600.0,2400.0,2025-06,2025Q2,2025
2025-06-04 00:02:46.093452,Mosue,North,Sales_Person_8,15,,,,,2025-06,2025Q2,2025
2025-06-04 00:02:46.093452,Headphone,East,Sales_Person_5,5,,,,,2025-06,2025Q2,2025
2025-06-04 00:02:46.093452,Keyboard,North,Sales_Person_3,1,2000.0,2000.0,1200.0,800.0,2025-06,2025Q2,2025
2025-06-04 00:02:46.093452,Desktop,West,Sales_Person_10,7,40000.0,280000.0,168000.0,112000.0,2025-06,2025Q2,2025
2025-06-04 00:02:46.093452,Desktop,East,Sales_Person_4,17,40000.0,680000.0,408000.0,272000.0,2025-06,2025Q2,2025
2025-06-04 00:02:46.093452,Monitor,Central,Sales_Person_4,10,15000.0,150000.0,90000.0,60000.0,2025-06,2025Q2,2025
2025-06-05 00:02:46.093452,Mosue,South,Sales_Person_8,4,,,,,2025-06,2025Q2,2025
2025-06-05 00:02:46.093452,Laptop,East,Sales_Person_6,17,50000.0,850000.0,510000.0,340000.0,2025-06,2025Q2,2025
2025-06-05 00:02:46.093452,Laptop,West,Sales_Person_8,18,50000.0,900000.0,540000.0,360000.0,2025-06,2025Q2,2025
2025-06-05 00:02:46.093452,Monitor,West,Sales_Person_9,11,15000.0,165000.0,99000.0,66000.0,2025-06,2025Q2,2025
2025-06-06 00:02:46.093452,Keyboard,South,Sales_Person_3,7,2000.0,14000.0,8400.0,5600.0,2025-06,2025Q2,2025
2025-06-06 00:02:46.093452,Laptop,South,Sales_Person_1,5,50000.0,250000.0,150000.0,100000.0,2025-06,2025Q2,2025
2025-06-06 00:02:46.093452,Desktop,East,Sales_Person_1,18,40000.0,720000.0,432000.0,288000.0,2025-06,2025Q2,2025
2025-06-06 00:02:46.093452,Headphone,Central,Sales_Person_5,14,,,,,2025-06,2025Q2,2025
2025-06-06 00:02:46.093452,Headphone,Central,Sales_Person_5,16,,,,,2025-06,2025Q2,2025
2025-06-07 00:02:46.093452,Keyboard,West,Sales_Person_4,7,2000.0,14000.0,8400.0,5600.0,2025-06,2025Q2,2025
2025-06-07 00:02:46.093452,Laptop,South,Sales_Person_10,16,50000.0,800000.0,480000.0,320000.0,2025-06,2025Q2,2025
2025-06-07 00:02:46.093452,Monitor,East,Sales_Person_10,18,15000.0,270000.0,162000.0,108000.0,2025-06,2025Q2,2025
2025-06-07 00:02:46.093452,Mosue,West,Sales_Person_10,19,,,,,2025-06,2025Q2,2025
2025-06-08 00:02:46.093452,Headphone,Central,Sales_Person_9,3,,,,,2025-06,2025Q2,2025
2025-06-08 00:02:46.093452,Mosue,West,Sales_Person_3,18,,,,,2025-06,2025Q2,2025
2025-06-08 00:02:46.093452,Laptop,South,Sales_Person_6,15,50000.0,750000.0,450000.0,300000.0,2025-06,2025Q2,2025
2025-06-08 00:02:46.093452,Keyboard,South,Sales_Person_3,1,2000.0,2000.0,1200.0,800.0,2025-06,2025Q2,2025
2025-06-08 00:02:46.093452,Monitor,Central,Sales_Person_1,16,15000.0,240000.0,144000.0,96000.0,2025-06,2025Q2,2025
2025-06-09 00:02:46.093452,Laptop,Central,Sales_Person_2,1,50000.0,50000.0,30000.0,20000.0,2025-06,2025Q2,2025
2025-06-09 00:02:46.093452,Monitor,Central,Sales_Person_5,3,15000.0,45000.0,27000.0,18000.0,2025-06,2025Q2,2025
2025-06-09 00:02:46.093452,Laptop,West,Sales_Person_6,13,50000.0,650000.0,390000.0,260000.0,2025-06,2025Q2,2025
2025-06-10 00:02:46.093452,Laptop,West,Sales_Person_2,9,50000.0,450000.0,270000.0,180000.0,2025-06,2025Q2,2025
2025-06-11 00:02:46.093452,Laptop,North,Sales_Person_6,16,50000.0,800000.0,480000.0,320000.0,2025-06,2025Q2,2025
2025-06-11 00:02:46.093452,Headphone,East,Sales_Person_3,14,,,,,2025-06,2025Q2,2025
2025-06-11 00:02:46.093452,Mosue,East,Sales_Person_5,14,,,,,2025-06,2025Q2,2025
2025-06-11 00:02:46.093452,Mosue,East,Sales_Person_7,19,,,,,2025-06,2025Q2,2025
2025-06-11 00:02:46.093452,Monitor,West,Sales_Person_10,14,15000.0,210000.0,126000.0,84000.0,2025-06,2025Q2,2025
2025-06-11 00:02:46.093452,Keyboard,South,Sales_Person_7,13,2000.0,26000.0,15600.0,10400.0,2025-06,2025Q2,2025
2025-06-11 00:02:46.093452,Monitor,North,Sales_Person_6,3,15000.0,45000.0,27000.0,18000.0,2025-06,2025Q2,2025
2025-06-11 00:02:46.093452,Keyboard,Central,Sales_Person_10,18,2000.0,36000.0,21600.0,14400.0,2025-06,2025Q2,2025
2025-06-11 00:02:46.093452,Headphone,North,Sales_Person_4,17,,,,,2025-06,2025Q2,2025
2025-06-11 00:02:46.093452,Desktop,North,Sales_Person_9,9,40000.0,360000.0,216000.0,144000.0,2025-06,2025Q2,2025
2025-06-12 00:02:46.093452,Monitor,South,Sales_Person_4,10,15000.0,150000.0,90000.0,60000.0,2025-06,2025Q2,2025
2025-06-12 00:02:46.093452,Monitor,North,Sales_Person_1,5,15000.0,75000.0,45000.0,30000.0,2025-06,2025Q2,2025
2025-06-12 00:02:46.093452,Desktop,West,Sales_Person_9,3,40000.0,120000.0,72000.0,48000.0,2025-06,2025Q2,2025
2025-06-12 00:02:46.093452,Headphone,West,Sales_Person_10,1,,,,,2025-06,2025Q2,2025
2025-06-12 00:02:46.093452,Laptop,West,Sales_Person_10,18,50000.0,900000.0,540000.0,360000.0,2025-06,2025Q2,2025
2025-06-13 00:02:46.093452,Mosue,West,Sales_Person_3,12,,,,,2025-06,2025Q2,2025
2025-06-13 00:02:46.093452,Monitor,East,Sales_Person_6,3,15000.0,45000.0,27000.0,18000.0,2025-06,2025Q2,2025
2025-06-13 00:02:46.093452,Laptop,West,Sales_Person_9,7,50000.0,350000.0,210000.0,140000.0,2025-06,2025Q2,2025
2025-06-13 00:02:46.093452,Desktop,Central,Sales_Person_9,10,40000.0,400000.0,240000.0,160000.0,2025-06,2025Q2,2025
2025-06-13 00:02:46.093452,Monitor,Central,Sales_Person_9,9,15000.0,135000.0,81000.0,54000.0,2025-06,2025Q2,2025
2025-06-13 00:02:46.093452,Headphone,South,Sales_Person_10,14,,,,,2025-06,2025Q2,2025
2025-06-13 00:02:46.093452,Headphone,West,Sales_Person_6,6,,,,,2025-06,2025Q2,2025
2025-06-13 00:02:46.093452,Monitor,North,Sales_Person_4,9,15000.0,135000.0,81000.0,54000.0,2025-06,2025Q2,2025
2025-06-13 00:02:46.093452,Desktop,South,Sales_Person_1,17,40000.0,680000.0,408000.0,272000.0,2025-06,2025Q2,2025
2025-06-13 00:02:46.093452,Keyboard,North,Sales_Person_2,9,2000.0,18000.0,10800.0,7200.0,2025-06,2025Q2,2025
2025-06-14 00:02:46.093452,Headphone,North,Sales_Person_8,4,,,,,2025-06,2025Q2,2025
2025-06-14 00:02:46.093452,Mosue,West,Sales_Person_10,11,,,,,2025-06,2025Q2,2025
2025-06-14 00:02:46.093452,Mosue,North,Sales_Person_9,15,,,,,2025-06,2025Q2,2025
2025-06-14 00:02:46.093452,Desktop,East,Sales_Person_5,11,40000.0,440000.0,264000.0,176000.0,2025-06,2025Q2,2025
2025-06-15 00:02:46.093452,Laptop,South,Sales_Person_6,4,50000.0,200000.0,120000.0,80000.0,2025-06,2025Q2,2025
2025-06-15 00:02:46.093452,Keyboard,West,Sales_Person_4,10,2000.0,20000.0,12000.0,8000.0,2025-06,2025Q2,2025
2025-06-15 00:02:46.093452,Mosue,South,Sales_Person_7,11,,,,,2025-06,2025Q2,2025
2025-06-15 00:02:46.093452,Desktop,East,Sales_Person_3,15,40000.0,600000.0,360000.0,240000.0,2025-06,2025Q2,2025
2025-06-16 00:02:46.093452,Keyboard,North,Sales_Person_3,12,2000.0,24000.0,14400.0,9600.0,2025-06,2025Q2,2025
2025-06-16 00:02:46.093452,Mosue,South,Sales_Person_2,7,,,,,2025-06,2025Q2,2025
2025-06-16 00:02:46.093452,Laptop,South,Sales_Person_5,10,50000.0,500000.0,300000.0,200000.0,2025-06,2025Q2,2025
2025-06-16 00:02:46.093452,Laptop,West,Sales_Person_9,1,50000.0,50000.0,30000.0,20000.0,2025-06,2025Q2,2025
2025-06-17 00:02:46.093452,Keyboard,North,Sales_Person_6,6,2000.0,12000.0,7200.0,4800.0,2025-06,2025Q2,2025
2025-06-17 00:02:46.093452,Desktop,South,Sales_Person_1,7,40000.0,280000.0,168000.0,112000.0,2025-06,2025Q2,2025
2025-06-17 00:02:46.093452,Mosue,West,Sales_Person_6,12,,,,,2025-06,2025Q2,2025
2025-06-17 00:02:46.093452,Laptop,West,Sales_Person_6,13,50000.0,650000.0,390000.0,260000.0,2025-06,2025Q2,2025
2025-06-17 00:02:46.093452,Headphone,West,Sales_Person_5,5,,,,,2025-06,2025Q2,2025
2025-06-17 00:02:46.093452,Keyboard,West,Sales_Person_6,2,2000.0,4000.0,2400.0,1600.0,2025-06,2025Q2,2025
2025-06-17 00:02:46.093452,Headphone,South,Sales_Person_9,18,,,,,2025-06,2025Q2,2025
2025-06-18 00:02:46.093452,Mosue,Central,Sales_Person_4,1,,,,,2025-06,2025Q2,2025
2025-06-18 00:02:46.093452,Laptop,Central,Sales_Person_6,11,50000.0,550000.0,330000.0,220000.0,2025-06,2025Q2,2025
2025-06-18 00:02:46.093452,Laptop,North,Sales_Person_2,6,50000.0,300000.0,180000.0,120000.0,2025-06,2025Q2,2025
2025-06-18 00:02:46.093452,Headphone,Central,Sales_Person_7,9,,,,,2025-06,2025Q2,2025
2025-06-18 00:02:46.093452,Headphone,East,Sales_Person_4,11,,,,,2025-06,2025Q2,2025
2025-06-18 00:02:46.093452,Laptop,North,Sales_Person_8,10,50000.0,500000.0,300000.0,200000.0,2025-06,2025Q2,2025
2025-06-18 00:02:46.093452,Laptop,South,Sales_Person_2,3,50000.0,150000.0,90000.0,60000.0,2025-06,2025Q2,2025
2025-06-19 00:02:46.093452,Headphone,East,Sales_Person_2,3,,,,,2025-06,2025Q2,2025
2025-06-19 00:02:46.093452,Desktop,Central,Sales_Person_7,10,40000.0,400000.0,240000.0,160000.0,2025-06,2025Q2,2025
2025-06-19 00:02:46.093452,Keyboard,South,Sales_Person_6,10,2000.0,20000.0,12000.0,8000.0,2025-06,2025Q2,2025
2025-06-19 00:02:46.093452,Keyboard,East,Sales_Person_5,12,2000.0,24000.0,14400.0,9600.0,2025-06,2025Q2,2025
2025-06-20 00:02:46.093452,Headphone,South,Sales_Person_5,18,,,,,2025-06,2025Q2,2025
2025-06-20 00:02:46.093452,Monitor,East,Sales_Person_2,14,15000.0,210000.0,126000.0,84000.0,2025-06,2025Q2,2025
2025-06-20 00:02:46.093452,Mosue,North,Sales_Person_3,8,,,,,2025-06,2025Q2,2025
2025-06-20 00:02:46.093452,Keyboard,East,Sales_Person_2,16,2000.0,32000.0,19200.0,12800.0,2025-06,2025Q2,2025
2025-06-20 00:02:46.093452,Monitor,East,Sales_Person_5,10,15000.0,150000.0,90000.0,60000.0,2025-06,2025Q2,2025
2025-06-20 00:02:46.093452,Keyboard,Central,Sales_Person_3,1,2000.0,2000.0,1200.0,800.0,2025-06,2025Q2,2025
2025-06-21 00:02:46.093452,Mosue,South,Sales_Person_7,19,,,,,2025-06,2025Q2,2025
2025-06-21 00:02:46.093452,Monitor,East,Sales_Person_6,1,15000.0,15000.0,9000.0,6000.0,2025-06,2025Q2,2025
2025-06-21 00:02:46.093452,Monitor,East,Sales_Person_6,12,15000.0,180000.0,108000.0,72000.0,2025-06,2025Q2,2025
2025-06-22 00:02:46.093452,Mosue,West,Sales_Person_5,16,,,,,2025-06,2025Q2,2025
2025-06-22 00:02:46.093452,Monitor,South,Sales_Person_3,11,15000.0,165000.0,99000.0,66000.0,2025-06,2025Q2,2025
2025-06-22 00:02:46.093452,Keyboard,South,Sales_Person_2,17,2000.0,34000.0,20400.0,13600.0,2025-06,2025Q2,2025
2025-06-22 00:02:46.093452,Keyboard,North,Sales_Person_9,6,2000.0,12000.0,7200.0,4800.0,2025-06,2025Q2,2025
2025-06-22 00:02:46.093452,Monitor,West,Sales_Person_7,9,15000.0,135000.0,81000.0,54000.0,2025-06,2025Q2,2025
2025-06-22 00:02:46.093452,Mosue,South,Sales_Person_8,10,,,,,2025-06,2025Q2,2025
2025-06-22 00:02:46.093452,Laptop,South,Sales_Person_9,14,50000.0,700000.0,420000.0,280000.0,2025-06,2025Q2,2025
2025-06-22 00:02:46.093452,Headphone,Central,Sales_Person_6,10,,,,,2025-06,2025Q2,2025
2025-06-22 00:02:46.093452,Mosue,South,Sales_Person_4,2,,,,,2025-06,2025Q2,2025
2025-06-23 00:02:46.093452,Laptop,West,Sales_Person_2,9,50000.0,450000.0,270000.0,180000.0,2025-06,2025Q2,2025
2025-06-23 00:02:46.093452,Mosue,East,Sales_Person_6,5,,,,,2025-06,2025Q2,2025
2025-06-23 00:02:46.093452,Headphone,West,Sales_Person_2,18,,,,,2025-06,2025Q2,2025
2025-06-23 00:02:46.093452,Headphone,Central,Sales_Person_3,6,,,,,2025-06,2025Q2,2025
2025-06-24 00:02:46.093452,Desktop,West,Sales_Person_10,16,40000.0,640000.0,384000.0,256000.0,2025-06,2025Q2,2025
2025-06-24 00:02:46.093452,Desktop,East,Sales_Person_1,3,40000.0,120000.0,72000.0,48000.0,2025-06,2025Q2,2025
2025-06-24 00:02:46.093452,Desktop,South,Sales_Person_2,14,40000.0,560000.0,336000.0,224000.0,2025-06,2025Q2,2025
2025-06-25 00:02:46.093452,Mosue,East,Sales_Person_9,18,,,,,2025-06,2025Q2,2025
2025-06-25 00:02:46.093452,Keyboard,Central,Sales_Person_5,2,2000.0,4000.0,2400.0,1600.0,2025-06,2025Q2,2025
2025-06-25 00:02:46.093452,Monitor,East,Sales_Person_10,2,15000.0,30000.0,18000.0,12000.0,2025-06,2025Q2,2025
2025-06-26 00:02:46.093452,Keyboard,South,Sales_Person_10,2,2000.0,4000.0,2400.0,1600.0,2025-06,2025Q2,2025
2025-06-26 00:02:46.093452,Keyboard,North,Sales_Person_5,15,2000.0,30000.0,18000.0,12000.0,2025-06,2025Q2,2025
2025-06-26 00:02:46.093452,Headphone,East,Sales_Person_4,2,,,,,2025-06,2025Q2,2025
2025-06-26 00:02:46.093452,Laptop,West,Sales_Person_2,1,50000.0,50000.0,30000.0,20000.0,2025-06,2025Q2,2025
2025-06-26 00:02:46.093452,Desktop,Central,Sales_Person_7,19,40000.0,760000.0,456000.0,304000.0,2025-06,2025Q2,2025
2025-06-26 00:02:46.093452,Headphone,West,Sales_Person_1,9,,,,,2025-06,2025Q2,2025
2025-06-27 00:02:46.093452,Mosue,Central,Sales_Person_8,16,,,,,2025-06,2025Q2,2025
2025-06-27 00:02:46.093452,Laptop,East,Sales_Person_5,2,50000.0,100000.0,60000.0,40000.0,2025-06,2025Q2,2025
2025-06-27 00:02:46.093452,Monitor,East,Sales_Person_2,3,15000.0,45000.0,27000.0,18000.0,2025-06,2025Q2,2025
2025-06-27 00:02:46.093452,Keyboard,East,Sales_Person_3,17,2000.0,34000.0,20400.0,13600.0,2025-06,2025Q2,2025
2025-06-27 00:02:46.093452,Keyboard,Central,Sales_Person_1,17,2000.0,34000.0,20400.0,13600.0,2025-06,2025Q2,2025
2025-06-28 00:02:46.093452,Keyboard,East,Sales_Person_2,17,2000.0,34000.0,20400.0,13600.0,2025-06,2025Q2,2025
2025-06-28 00:02:46.093452,Headphone,West,Sales_Person_4,10,,,,,2025-06,2025Q2,2025
2025-06-28 00:02:46.093452,Mosue,East,Sales_Person_4,10,,,,,2025-06,2025Q2,2025
2025-06-28 00:02:46.093452,Laptop,South,Sales_Person_2,9,50000.0,450000.0,270000.0,180000.0,2025-06,2025Q2,2025
2025-06-28 00:02:46.093452,Headphone,Central,Sales_Person_2,14,,,,,2025-06,2025Q2,2025
2025-06-28 00:02:46.093452,Desktop,Central,Sales_Person_10,19,40000.0,760000.0,456000.0,304000.0,2025-06,2025Q2,2025
2025-06-28 00:02:46.093452,Keyboard,North,Sales_Person_4,19,2000.0,38000.0,22800.0,15200.0,2025-06,2025Q2,2025
2025-06-29 00:02:46.093452,Keyboard,West,Sales_Person_8,8,2000.0,16000.0,9600.0,6400.0,2025-06,2025Q2,2025
2025-06-29 00:02:46.093452,Headphone,South,Sales_Person_7,2,,,,,2025-06,2025Q2,2025
2025-06-29 00:02:46.093452,Headphone,South,Sales_Person_9,1,,,,,2025-06,2025Q2,2025
2025-06-29 00:02:46.093452,Laptop,Central,Sales_Person_8,17,50000.0,850000.0,510000.0,340000.0,2025-06,2025Q2,2025
2025-06-30 00:02:46.093452,Headphone,South,Sales_Person_2,2,,,,,2025-06,2025Q2,2025
2025-06-30 00:02:46.093452,Headphone,East,Sales_Person_2,16,,,,,2025-06,2025Q2,2025
2025-06-30 00:02:46.093452,Keyboard,South,Sales_Person_10,10,2000.0,20000.0,12000.0,8000.0,2025-06,2025Q2,2025
2025-06-30 00:02:46.093452,Keyboard,South,Sales_Person_10,6,2000.0,12000.0,7200.0,4800.0,2025-06,2025Q2,2025
2025-06-30 00:02:46.093452,Desktop,Central,Sales_Person_5,17,40000.0,680000.0,408000.0,272000.0,2025-06,2025Q2,2025
2025-06-30 00:02:46.093452,Headphone,Central,Sales_Person_4,6,,,,,2025-06,2025Q2,2025
2025-06-30 00:02:46.093452,Mosue,North,Sales_Person_8,13,,,,,2025-06,2025Q2,2025
2025-07-01 00:02:46.093452,Laptop,West,Sales_Person_4,1,50000.0,50000.0,30000.0,20000.0,2025-07,2025Q3,2025
2025-07-01 00:02:46.093452,Headphone,Central,Sales_Person_6,18,,,,,2025-07,2025Q3,2025
2025-07-01 00:02:46.093452,Laptop,East,Sales_Person_3,13,50000.0,650000.0,390000.0,260000.0,2025-07,2025Q3,2025
2025-07-01 00:02:46.093452,Mosue,Central,Sales_Person_7,7,,,,,2025-07,2025Q3,2025
2025-07-01 00:02:46.093452,Keyboard,North,Sales_Person_7,18,2000.0,36000.0,21600.0,14400.0,2025-07,2025Q3,2025
2025-07-01 00:02:46.093452,Laptop,East,Sales_Person_4,4,50000.0,200000.0,120000.0,80000.0,2025-07,2025Q3,2025
2025-07-01 00:02:46.093452,Keyboard,West,Sales_Person_9,2,2000.0,4000.0,2400.0,1600.0,2025-07,2025Q3,2025
2025-07-01 00:02:46.093452,Mosue,South,Sales_Person_5,3,,,,,2025-07,2025Q3,2025
2025-07-01 00:02:46.093452,Desktop,North,Sales_Person_8,11,40000.0,440000.0,264000.0,176000.0,2025-07,2025Q3,2025
2025-07-02 00:02:46.093452,Desktop,Central,Sales_Person_5,18,40000.0,720000.0,432000.0,288000.0,2025-07,2025Q3,2025
2025-07-02 00:02:46.093452,Headphone,West,Sales_Person_5,4,,,,,2025-07,2025Q3,2025
2025-07-02 00:02:46.093452,Laptop,East,Sales_Person_10,5,50000.0,250000.0,150000.0,100000.0,2025-07,2025Q3,2025
2025-07-03 00:02:46.093452,Keyboard,Central,Sales_Person_10,17,2000.0,34000.0,20400.0,13600.0,2025-07,2025Q3,2025
2025-07-03 00:02:46.093452,Mosue,North,Sales_Person_2,16,,,,,2025-07,2025Q3,2025
2025-07-03 00:02:46.093452,Desktop,East,Sales_Person_10,5,40000.0,200000.0,120000.0,80000.0,2025-07,2025Q3,2025
2025-07-03 00:02:46.093452,Laptop,North,Sales_Person_8,14,50000.0,700000.0,420000.0,280000.0,2025-07,2025Q3,2025
2025-07-03 00:02:46.093452,Laptop,East,Sales_Person_8,19,50000.0,950000.0,570000.0,380000.0,2025-07,2025Q3,2025
2025-07-03 00:02:46.093452,Keyboard,Central,Sales_Person_1,14,2000.0,28000.0,16800.0,11200.0,2025-07,2025Q3,2025
2025-07-03 00:02:46.093452,Headphone,South,Sales_Person_6,1,,,,,2025-07,2025Q3,2025
2025-07-03 00:02:46.093452,Mosue,East,Sales_Person_10,18,,,,,2025-07,2025Q3,2025
2025-07-04 00:02:46.093452,Laptop,North,Sales_Person_5,15,50000.0,750000.0,450000.0,300000.0,2025-07,2025Q3,2025
2025-07-04 00:02:46.093452,Laptop,West,Sales_Person_9,3,50000.0,150000.0,90000.0,60000.0,2025-07,2025Q3,2025
2025-07-04 00:02:46.093452,Desktop,South,Sales_Person_7,7,40000.0,280000.0,168000.0,112000.0,2025-07,2025Q3,2025
2025-07-04 00:02:46.093452,Keyboard,Central,Sales_Person_3,5,2000.0,10000.0,6000.0,4000.0,2025-07,2025Q3,2025
2025-07-04 00:02:46.093452,Headphone,East,Sales_Person_7,17,,,,,2025-07,2025Q3,2025
2025-07-04 00:02:46.093452,Mosue,South,Sales_Person_8,17,,,,,2025-07,2025Q3,2025
2025-07-04 00:02:46.093452,Laptop,West,Sales_Person_2,10,50000.0,500000.0,300000.0,200000.0,2025-07,2025Q3,2025
2025-07-05 00:02:46.093452,Mosue,South,Sales_Person_2,6,,,,,2025-07,2025Q3,2025
2025-07-05 00:02:46.093452,Desktop,North,Sales_Person_8,16,40000.0,640000.0,384000.0,256000.0,2025-07,2025Q3,2025
2025-07-05 00:02:46.093452,Mosue,South,Sales_Person_9,8,,,,,2025-07,2025Q3,2025
2025-07-06 00:02:46.093452,Mosue,East,Sales_Person_3,12,,,,,2025-07,2025Q3,2025
2025-07-06 00:02:46.093452,Desktop,East,Sales_Person_7,9,40000.0,360000.0,216000.0,144000.0,2025-07,2025Q3,2025
2025-07-06 00:02:46.093452,Mosue,North,Sales_Person_5,18,,,,,2025-07,2025Q3,2025
2025-07-06 00:02:46.093452,Monitor,North,Sales_Person_1,18,15000.0,270000.0,162000.0,108000.0,2025-07,2025Q3,2025
2025-07-07 00:02:46.093452,Headphone,East,Sales_Person_4,13,,,,,2025-07,2025Q3,2025
2025-07-07 00:02:46.093452,Desktop,Central,Sales_Person_10,17,40000.0,680000.0,408000.0,272000.0,2025-07,2025Q3,2025
2025-07-07 00:02:46.093452,Mosue,West,Sales_Person_6,16,,,,,2025-07,2025Q3,2025
2025-07-07 00:02:46.093452,Mosue,East,Sales_Person_9,7,,,,,2025-07,2025Q3,2025
2025-07-07 00:02:46.093452,Laptop,North,Sales_Person_7,4,50000.0,200000.0,120000.0,80000.0,2025-07,2025Q3,2025
2025-07-07 00:02:46.093452,Desktop,West,Sales_Person_7,2,40000.0,80000.0,48000.0,32000.0,2025-07,2025Q3,2025
2025-07-08 00:02:46.093452,Headphone,East,Sales_Person_9,3,,,,,2025-07,2025Q3,2025
2025-07-08 00:02:46.093452,Keyboard,South,Sales_Person_8,19,2000.0,38000.0,22800.0,15200.0,2025-07,2025Q3,2025
2025-07-09 00:02:46.093452,Monitor,North,Sales_Person_10,5,15000.0,75000.0,45000.0,30000.0,2025-07,2025Q3,2025
2025-07-09 00:02:46.093452,Headphone,East,Sales_Person_9,2,,,,,2025-07,2025Q3,2025
2025-07-10 00:02:46.093452,Monitor,North,Sales_Person_8,8,15000.0,120000.0,72000.0,48000.0,2025-07,2025Q3,2025
2025-07-10 00:02:46.093452,Monitor,West,Sales_Person_6,17,15000.0,255000.0,153000.0,102000.0,2025-07,2025Q3,2025
2025-07-10 00:02:46.093452,Headphone,Central,Sales_Person_7,2,,,,,2025-07,2025Q3,2025
2025-07-11 00:02:46.093452,Mosue,East,Sales_Person_6,18,,,,,2025-07,2025Q3,2025
2025-07-11 00:02:46.093452,Monitor,North,Sales_Person_5,4,15000.0,60000.0,36000.0,24000.0,2025-07,2025Q3,2025
2025-07-11 00:02:46.093452,Headphone,North,Sales_Person_5,12,,,,,2025-07,2025Q3,2025
2025-07-11 00:02:46.093452,Mosue,East,Sales_Person_1,19,,,,,2025-07,2025Q3,2025
2025-07-11 00:02:46.093452,Desktop,Central,Sales_Person_5,7,40000.0,280000.0,168000.0,112000.0,2025-07,2025Q3,2025
2025-07-12 00:02:46.093452,Headphone,South,Sales_Person_6,5,,,,,2025-07,2025Q3,2025
2025-07-12 00:02:46.093452,Keyboard,South,Sales_Person_6,12,2000.0,24000.0,14400.0,9600.0,2025-07,2025Q3,2025
2025-07-12 00:02:46.093452,Headphone,West,Sales_Person_3,18,,,,,2025-07,2025Q3,2025
2025-07-13 00:02:46.093452,Monitor,South,Sales_Person_1,12,15000.0,180000.0,108000.0,72000.0,2025-07,2025Q3,2025
2025-07-13 00:02:46.093452,Desktop,North,Sales_Person_8,3,40000.0,120000.0,72000.0,48000.0,2025-07,2025Q3,2025
2025-07-13 00:02:46.093452,Laptop,North,Sales_Person_5,2,50000.0,100000.0,60000.0,40000.0,2025-07,2025Q3,2025
2025-07-13 00:02:46.093452,Headphone,East,Sales_Person_8,8,,,,,2025-07,2025Q3,2025
2025-07-13 00:02:46.093452,Headphone,South,Sales_Person_3,5,,,,,2025-07,2025Q3,2025
2025-07-13 00:02:46.093452,Keyboard,East,Sales_Person_9,14,2000.0,28000.0,16800.0,11200.0,2025-07,2025Q3,2025
2025-07-14 00:02:46.093452,Mosue,South,Sales_Person_10,14,,,,,2025-07,2025Q3,2025
2025-07-14 00:02:46.093452,Desktop,Central,Sales_Person_8,7,40000.0,280000.0,168000.0,112000.0,2025-07,2025Q3,2025
2025-07-14 00:02:46.093452,Headphone,East,Sales_Person_10,11,,,,,2025-07,2025Q3,2025
2025-07-14 00:02:46.093452,Mosue,Central,Sales_Person_7,2,,,,,2025-07,2025Q3,2025
2025-07-14 00:02:46.093452,Desktop,South,Sales_Person_9,18,40000.0,720000.0,432000.0,288000.0,2025-07,2025Q3,2025
2025-07-14 00:02:46.093452,Desktop,South,Sales_Person_9,12,40000.0,480000.0,288000.0,192000.0,2025-07,2025Q3,2025
2025-07-14 00:02:46.093452,Desktop,South,Sales_Person_8,10,40000.0,400000.0,240000.0,160000.0,2025-07,2025Q3,2025
2025-07-14 00:02:46.093452,Monitor,West,Sales_Person_1,15,15000.0,225000.0,135000.0,90000.0,2025-07,2025Q3,2025
2025-07-15 00:02:46.093452,Headphone,East,Sales_Person_2,2,,,,,2025-07,2025Q3,2025
2025-07-15 00:02:46.093452,Mosue,Central,Sales_Person_1,11,,,,,2025-07,2025Q3,2025
2025-07-15 00:02:46.093452,Keyboard,East,Sales_Person_1,14,2000.0,28000.0,16800.0,11200.0,2025-07,2025Q3,2025
2025-07-15 00:02:46.093452,Mosue,Central,Sales_Person_7,18,,,,,2025-07,2025Q3,2025
2025-07-15 00:02:46.093452,Monitor,East,Sales_Person_10,13,15000.0,195000.0,117000.0,78000.0,2025-07,2025Q3,2025
2025-07-15 00:02:46.093452,Desktop,North,Sales_Person_4,11,40000.0,440000.0,264000.0,176000.0,2025-07,2025Q3,2025
2025-07-15 00:02:46.093452,Laptop,North,Sales_Person_1,4,50000.0,200000.0,120000.0,80000.0,2025-07,2025Q3,2025
2025-07-15 00:02:46.093452,Laptop,South,Sales_Person_2,11,50000.0,550000.0,330000.0,220000.0,2025-07,2025Q3,2025
2025-07-15 00:02:46.093452,Keyboard,West,Sales_Person_4,10,2000.0,20000.0,12000.0,8000.0,2025-07,2025Q3,2025
2025-07-16 00:02:46.093452,Mosue,North,Sales_Person_2,9,,,,,2025-07,2025Q3,2025
2025-07-16 00:02:46.093452,Laptop,East,Sales_Person_8,16,50000.0,800000.0,480000.0,320000.0,2025-07,2025Q3,2025
2025-07-16 00:02:46.093452,Mosue,North,Sales_Person_10,16,,,,,2025-07,2025Q3,2025
2025-07-16 00:02:46.093452,Keyboard,South,Sales_Person_1,16,2000.0,32000.0,19200.0,12800.0,2025-07,2025Q3,2025
2025-07-16 00:02:46.093452,Laptop,East,Sales_Person_5,19,50000.0,950000.0,570000.0,380000.0,2025-07,2025Q3,2025
2025-07-17 00:02:46.093452,Monitor,North,Sales_Person_10,15,15000.0,225000.0,135000.0,90000.0,2025-07,2025Q3,2025
2025-07-17 00:02:46.093452,Headphone,West,Sales_Person_8,15,,,,,2025-07,2025Q3,2025
2025-07-17 00:02:46.093452,Monitor,North,Sales_Person_2,6,15000.0,90000.0,54000.0,36000.0,2025-07,2025Q3,2025
2025-07-17 00:02:46.093452,Desktop,West,Sales_Person_10,11,40000.0,440000.0,264000.0,176000.0,2025-07,2025Q3,2025
2025-07-17 00:02:46.093452,Laptop,South,Sales_Person_8,15,50000.0,750000.0,450000.0,300000.0,2025-07,2025Q3,2025
2025-07-17 00:02:46.093452,Desktop,North,Sales_Person_10,5,40000.0,200000.0,120000.0,80000.0,2025-07,2025Q3,2025
2025-07-17 00:02:46.093452,Headphone,South,Sales_Person_9,18,,,,,2025-07,2025Q3,2025
2025-07-17 00:02:46.093452,Mosue,West,Sales_Person_3,1,,,,,2025-07,2025Q3,2025
2025-07-17 00:02:46.093452,Monitor,East,Sales_Person_2,6,15000.0,90000.0,54000.0,36000.0,2025-07,2025Q3,2025
2025-07-17 00:02:46.093452,Headphone,Central,Sales_Person_5,15,,,,,2025-07,2025Q3,2025
2025-07-18 00:02:46.093452,Monitor,West,Sales_Person_7,8,15000.0,120000.0,72000.0,48000.0,2025-07,2025Q3,2025
2025-07-18 00:02:46.093452,Laptop,North,Sales_Person_6,9,50000.0,450000.0,270000.0,180000.0,2025-07,2025Q3,2025
2025-07-18 00:02:46.093452,Desktop,West,Sales_Person_7,9,40000.0,360000.0,216000.0,144000.0,2025-07,2025Q3,2025
2025-07-18 00:02:46.093452,Monitor,Central,Sales_Person_9,18,15000.0,270000.0,162000.0,108000.0,2025-07,2025Q3,2025
2025-07-18 00:02:46.093452,Laptop,East,Sales_Person_5,8,50000.0,400000.0,240000.0,160000.0,2025-07,2025Q3,2025
2025-07-18 00:02:46.093452,Laptop,Central,Sales_Person_1,17,50000.0,850000.0,510000.0,340000.0,2025-07,2025Q3,2025
2025-07-18 00:02:46.093452,Laptop,South,Sales_Person_2,16,50000.0,800000.0,480000.0,320000.0,2025-07,2025Q3,2025
2025-07-18 00:02:46.093452,Laptop,West,Sales_Person_10,13,50000.0,650000.0,390000.0,260000.0,2025-07,2025Q3,2025
2025-07-19 00:02:46.093452,Desktop,West,Sales_Person_5,16,40000.0,640000.0,384000.0,256000.0,2025-07,2025Q3,2025
2025-07-19 00:02:46.093452,Laptop,East,Sales_Person_9,3,50000.0,150000.0,90000.0,60000.0,2025-07,2025Q3,2025
2025-07-19 00:02:46.093452,Monitor,South,Sales_Person_6,11,15000.0,165000.0,99000.0,66000.0,2025-07,2025Q3,2025
2025-07-19 00:02:46.093452,Monitor,East,Sales_Person_8,15,15000.0,225000.0,135000.0,90000.0,2025-07,2025Q3,2025
2025-07-20 00:02:46.093452,Mosue,East,Sales_Person_9,11,,,,,2025-07,2025Q3,2025
2025-07-20 00:02:46.093452,Mosue,Central,Sales_Person_10,2,,,,,2025-07,2025Q3,2025
2025-07-20 00:02:46.093452,Desktop,South,Sales_Person_5,3,40000.0,120000.0,72000.0,48000.0,2025-07,2025Q3,2025
2025-07-20 00:02:46.093452,Laptop,South,Sales_Person_9,10,50000.0,500000.0,300000.0,200000.0,2025-07,2025Q3,2025
2025-07-20 00:02:46.093452,Monitor,North,Sales_Person_1,14,15000.0,210000.0,126000.0,84000.0,2025-07,2025Q3,2025
2025-07-21 00:02:46.093452,Keyboard,East,Sales_Person_9,7,2000.0,14000.0,8400.0,5600.0,2025-07,2025Q3,2025
2025-07-21 00:02:46.093452,Mosue,South,Sales_Person_2,1,,,,,2025-07,2025Q3,2025
2025-07-21 00:02:46.093452,Monitor,East,Sales_Person_3,5,15000.0,75000.0,45000.0,30000.0,2025-07,2025Q3,2025
2025-07-21 00:02:46.093452,Monitor,East,Sales_Person_6,19,15000.0,285000.0,171000.0,114000.0,2025-07,2025Q3,2025
2025-07-21 00:02:46.093452,Mosue,North,Sales_Person_4,4,,,,,2025-07,2025Q3,2025
2025-07-21 00:02:46.093452,Laptop,Central,Sales_Person_7,1,50000.0,50000.0,30000.0,20000.0,2025-07,2025Q3,2025
2025-07-22 00:02:46.093452,Keyboard,West,Sales_Person_2,9,2000.0,18000.0,10800.0,7200.0,2025-07,2025Q3,2025
2025-07-22 00:02:46.093452,Monitor,Central,Sales_Person_9,11,15000.0,165000.0,99000.0,66000.0,2025-07,2025Q3,2025
2025-07-22 00:02:46.093452,Laptop,East,Sales_Person_10,7,50000.0,350000.0,210000.0,140000.0,2025-07,2025Q3,2025
2025-07-22 00:02:46.093452,Laptop,North,Sales_Person_3,17,50000.0,850000.0,510000.0,340000.0,2025-07,2025Q3,2025
2025-07-22 00:02:46.093452,Mosue,West,Sales_Person_10,1,,,,,2025-07,2025Q3,2025
2025-07-22 00:02:46.093452,Monitor,East,Sales_Person_3,5,15000.0,75000.0,45000.0,30000.0,2025-07,2025Q3,2025
2025-07-22 00:02:46.093452,Desktop,South,Sales_Person_2,1,40000.0,40000.0,24000.0,16000.0,2025-07,2025Q3,2025
2025-07-22 00:02:46.093452,Keyboard,North,Sales_Person_6,13,2000.0,26000.0,15600.0,10400.0,2025-07,2025Q3,2025
2025-07-22 00:02:46.093452,Mosue,South,Sales_Person_7,19,,,,,2025-07,2025Q3,2025
2025-07-22 00:02:46.093452,Keyboard,North,Sales_Person_5,6,2000.0,12000.0,7200.0,4800.0,2025-07,2025Q3,2025
2025-07-23 00:02:46.093452,Desktop,Central,Sales_Person_10,18,40000.0,720000.0,432000.0,288000.0,2025-07,2025Q3,2025
2025-07-23 00:02:46.093452,Laptop,North,Sales_Person_10,14,50000.0,700000.0,420000.0,280000.0,2025-07,2025Q3,2025
2025-07-23 00:02:46.093452,Mosue,North,Sales_Person_4,6,,,,,2025-07,2025Q3,2025
2025-07-23 00:02:46.093452,Desktop,North,Sales_Person_7,14,40000.0,560000.0,336000.0,224000.0,2025-07,2025Q3,2025
2025-07-23 00:02:46.093452,Mosue,West,Sales_Person_5,11,,,,,2025-07,2025Q3,2025
2025-07-23 00:02:46.093452,Mosue,West,Sales_Person_6,7,,,,,2025-07,2025Q3,2025
2025-07-23 00:02:46.093452,Keyboard,West,Sales_Person_5,3,2000.0,6000.0,3600.0,2400.0,2025-07,2025Q3,2025
2025-07-24 00:02:46.093452,Headphone,South,Sales_Person_1,10,,,,,2025-07,2025Q3,2025
2025-07-24 00:02:46.093452,Keyboard,South,Sales_Person_6,15,2000.0,30000.0,18000.0,12000.0,2025-07,2025Q3,2025
2025-07-24 00:02:46.093452,Keyboard,East,Sales_Person_8,6,2000.0,12000.0,7200.0,4800.0,2025-07,2025Q3,2025
2025-07-24 00:02:46.093452,Keyboard,West,Sales_Person_4,17,2000.0,34000.0,20400.0,13600.0,2025-07,2025Q3,2025
2025-07-24 00:02:46.093452,Desktop,West,Sales_Person_4,19,40000.0,760000.0,456000.0,304000.0,2025-07,2025Q3,2025
2025-07-24 00:02:46.093452,Laptop,North,Sales_Person_2,3,50000.0,150000.0,90000.0,60000.0,2025-07,2025Q3,2025
2025-07-24 00:02:46.093452,Headphone,East,Sales_Person_7,9,,,,,2025-07,2025Q3,2025
2025-07-24 00:02:46.093452,Mosue,North,Sales_Person_5,2,,,,,2025-07,2025Q3,2025
2025-07-25 00:02:46.093452,Mosue,North,Sales_Person_9,2,,,,,2025-07,2025Q3,2025
2025-07-25 00:02:46.093452,Keyboard,East,Sales_Person_7,1,2000.0,2000.0,1200.0,800.0,2025-07,2025Q3,2025
2025-07-25 00:02:46.093452,Headphone,East,Sales_Person_6,2,,,,,2025-07,2025Q3,2025
2025-07-25 00:02:46.093452,Monitor,South,Sales_Person_5,11,15000.0,165000.0,99000.0,66000.0,2025-07,2025Q3,2025
2025-07-26 00:02:46.093452,Monitor,North,Sales_Person_5,3,15000.0,45000.0,27000.0,18000.0,2025-07,2025Q3,2025
2025-07-26 00:02:46.093452,Headphone,Central,Sales_Person_2,19,,,,,2025-07,2025Q3,2025
2025-07-27 00:02:46.093452,Monitor,North,Sales_Person_5,9,15000.0,135000.0,81000.0,54000.0,2025-07,2025Q3,2025
2025-07-27 00:02:46.093452,Mosue,Central,Sales_Person_5,2,,,,,2025-07,2025Q3,2025
2025-07-27 00:02:46.093452,Laptop,West,Sales_Person_3,17,50000.0,850000.0,510000.0,340000.0,2025-07,2025Q3,2025
2025-07-27 00:02:46.093452,Laptop,Central,Sales_Person_5,2,50000.0,100000.0,60000.0,40000.0,2025-07,2025Q3,2025
2025-07-27 00:02:46.093452,Mosue,North,Sales_Person_8,11,,,,,2025-07,2025Q3,2025
2025-07-27 00:02:46.093452,Laptop,East,Sales_Person_1,2,50000.0,100000.0,60000.0,40000.0,2025-07,2025Q3,2025
2025-07-28 00:02:46.093452,Monitor,Central,Sales_Person_10,8,15000.0,120000.0,72000.0,48000.0,2025-07,2025Q3,2025
2025-07-28 00:02:46.093452,Laptop,North,Sales_Person_3,12,50000.0,600000.0,360000.0,240000.0,2025-07,2025Q3,2025
2025-07-28 00:02:46.093452,Keyboard,East,Sales_Person_6,19,2000.0,38000.0,22800.0,15200.0,2025-07,2025Q3,2025
2025-07-28 00:02:46.093452,Mosue,West,Sales_Person_2,9,,,,,2025-07,2025Q3,2025
2025-07-28 00:02:46.093452,Desktop,South,Sales_Person_3,19,40000.0,760000.0,456000.0,304000.0,2025-07,2025Q3,2025
2025-07-28 00:02:46.093452,Headphone,East,Sales_Person_4,15,,,,,2025-07,2025Q3,2025
2025-07-28 00:02:46.093452,Keyboard,West,Sales_Person_6,12,2000.0,24000.0,14400.0,9600.0,2025-07,2025Q3,2025
2025-07-29 00:02:46.093452,Mosue,East,Sales_Person_6,16,,,,,2025-07,2025Q3,2025
2025-07-29 00:02:46.093452,Laptop,Central,Sales_Person_2,9,50000.0,450000.0,270000.0,180000.0,2025-07,2025Q3,2025
2025-07-29 00:02:46.093452,Keyboard,North,Sales_Person_1,5,2000.0,10000.0,6000.0,4000.0,2025-07,2025Q3,2025
2025-07-30 00:02:46.093452,Monitor,North,Sales_Person_3,12,15000.0,180000.0,108000.0,72000.0,2025-07,2025Q3,2025
2025-07-30 00:02:46.093452,Monitor,South,Sales_Person_8,15,15000.0,225000.0,135000.0,90000.0,2025-07,2025Q3,2025
2025-07-30 00:02:46.093452,Desktop,West,Sales_Person_4,3,40000.0,120000.0,72000.0,48000.0,2025-07,2025Q3,2025
2025-07-30 00:02:46.093452,Laptop,Central,Sales_Person_10,15,50000.0,750000.0,450000.0,300000.0,2025-07,2025Q3,2025
2025-07-30 00:02:46.093452,Desktop,Central,Sales_Person_5,5,40000.0,200000.0,120000.0,80000.0,2025-07,2025Q3,2025
2025-07-30 00:02:46.093452,Mosue,West,Sales_Person_5,5,,,,,2025-07,2025Q3,2025
2025-07-30 00:02:46.093452,Headphone,East,Sales_Person_4,7,,,,,2025-07,2025Q3,2025
2025-07-30 00:02:46.093452,Keyboard,North,Sales_Person_2,19,2000.0,38000.0,22800.0,15200.0,2025-07,2025Q3,2025
2025-07-30 00:02:46.093452,Mosue,East,Sales_Person_4,4,,,,,2025-07,2025Q3,2025
2025-07-30 00:02:46.093452,Headphone,West,Sales_Person_7,10,,,,,2025-07,2025Q3,2025
2025-07-31 00:02:46.093452,Mosue,East,Sales_Person_3,14,,,,,2025-07,2025Q3,2025
2025-07-31 00:02:46.093452,Monitor,West,Sales_Person_2,13,15000.0,195000.0,117000.0,78000.0,2025-07,2025Q3,2025
2025-07-31 00:02:46.093452,Headphone,East,Sales_Person_5,17,,,,,2025-07,2025Q3,2025
2025-07-31 00:02:46.093452,Keyboard,East,Sales_Person_8,18,2000.0,36000.0,21600.0,14400.0,2025-07,2025Q3,2025
2025-07-31 00:02:46.093452,Mosue,West,Sales_Person_8,19,,,,,2025-07,2025Q3,2025
2025-07-31 00:02:46.093452,Laptop,North,Sales_Person_7,18,50000.0,900000.0,540000.0,360000.0,2025-07,2025Q3,2025
2025-07-31 00:02:46.093452,Desktop,East,Sales_Person_5,12,40000.0,480000.0,288000.0,192000.0,2025-07,2025Q3,2025
2025-07-31 00:02:46.093452,Monitor,North,Sales_Person_10,19,15000.0,285000.0,171000.0,114000.0,2025-07,2025Q3,2025
2025-07-31 00:02:46.093452,Mosue,Central,Sales_Person_7,7,,,,,2025-07,2025Q3,2025
2025-08-01 00:02:46.093452,Laptop,Central,Sales_Person_4,16,50000.0,800000.0,480000.0,320000.0,2025-08,2025Q3,2025
2025-08-01 00:02:46.093452,Keyboard,West,Sales_Person_9,1,2000.0,2000.0,1200.0,800.0,2025-08,2025Q3,2025
2025-08-01 00:02:46.093452,Monitor,North,Sales_Person_5,16,15000.0,240000.0,144000.0,96000.0,2025-08,2025Q3,2025
2025-08-01 00:02:46.093452,Desktop,South,Sales_Person_6,7,40000.0,280000.0,168000.0,112000.0,2025-08,2025Q3,2025
2025-08-02 00:02:46.093452,Keyboard,West,Sales_Person_8,14,2000.0,28000.0,16800.0,11200.0,2025-08,2025Q3,2025
2025-08-02 00:02:46.093452,Desktop,East,Sales_Person_2,16,40000.0,640000.0,384000.0,256000.0,2025-08,2025Q3,2025
2025-08-02 00:02:46.093452,Keyboard,North,Sales_Person_8,19,2000.0,38000.0,22800.0,15200.0,2025-08,2025Q3,2025
2025-08-02 00:02:46.093452,Keyboard,Central,Sales_Person_2,4,2000.0,8000.0,4800.0,3200.0,2025-08,2025Q3,2025
2025-08-02 00:02:46.093452,Laptop,South,Sales_Person_3,16,50000.0,800000.0,480000.0,320000.0,2025-08,2025Q3,2025
2025-08-02 00:02:46.093452,Headphone,East,Sales_Person_3,11,,,,,2025-08,2025Q3,2025
2025-08-02 00:02:46.093452,Keyboard,South,Sales_Person_6,5,2000.0,10000.0,6000.0,4000.0,2025-08,2025Q3,2025
2025-08-03 00:02:46.093452,Laptop,West,Sales_Person_1,16,50000.0,800000.0,480000.0,320000.0,2025-08,2025Q3,2025
2025-08-03 00:02:46.093452,Mosue,East,Sales_Person_10,17,,,,,2025-08,2025Q3,2025
2025-08-03 00:02:46.093452,Mosue,North,Sales_Person_2,7,,,,,2025-08,2025Q3,2025
2025-08-03 00:02:46.093452,Headphone,Central,Sales_Person_6,8,,,,,2025-08,2025Q3,2025
2025-08-03 00:02:46.093452,Monitor,Central,Sales_Person_7,5,15000.0,75000.0,45000.0,30000.0,2025-08,2025Q3,2025
2025-08-03 00:02:46.093452,Mosue,North,Sales_Person_7,10,,,,,2025-08,2025Q3,2025
2025-08-04 00:02:46.093452,Monitor,West,Sales_Person_2,12,15000.0,180000.0,108000.0,72000.0,2025-08,2025Q3,2025
2025-08-04 00:02:46.093452,Headphone,South,Sales_Person_2,8,,,,,2025-08,2025Q3,2025
2025-08-04 00:02:46.093452,Mosue,North,Sales_Person_10,18,,,,,2025-08,2025Q3,2025
2025-08-04 00:02:46.093452,Mosue,South,Sales_Person_1,12,,,,,2025-08,2025Q3,2025
2025-08-04 00:02:46.093452,Keyboard,North,Sales_Person_5,19,2000.0,38000.0,22800.0,15200.0,2025-08,2025Q3,2025
2025-08-04 00:02:46.093452,Mosue,Central,Sales_Person_7,17,,,,,2025-08,2025Q3,2025
2025-08-05 00:02:46.093452,Laptop,East,Sales_Person_8,19,50000.0,950000.0,570000.0,380000.0,2025-08,2025Q3,2025
2025-08-05 00:02:46.093452,Keyboard,South,Sales_Person_7,16,2000.0,32000.0,19200.0,12800.0,2025-08,2025Q3,2025
2025-08-05 00:02:46.093452,Desktop,North,Sales_Person_4,16,40000.0,640000.0,384000.0,256000.0,2025-08,2025Q3,2025
2025-08-05 00:02:46.093452,Keyboard,South,Sales_Person_1,1,2000.0,2000.0,1200.0,800.0,2025-08,2025Q3,2025
2025-08-05 00:02:46.093452,Monitor,West,Sales_Person_7,7,15000.0,105000.0,63000.0,42000.0,2025-08,2025Q3,2025
2025-08-06 00:02:46.093452,Keyboard,West,Sales_Person_4,11,2000.0,22000.0,13200.0,8800.0,2025-08,2025Q3,2025
2025-08-06 00:02:46.093452,Headphone,West,Sales_Person_7,6,,,,,2025-08,2025Q3,2025
2025-08-07 00:02:46.093452,Mosue,South,Sales_Person_7,12,,,,,2025-08,2025Q3,2025
2025-08-07 00:02:46.093452,Headphone,West,Sales_Person_5,7,,,,,2025-08,2025Q3,2025
2025-08-07 00:02:46.093452,Headphone,West,Sales_Person_5,11,,,,,2025-08,2025Q3,2025
2025-08-07 00:02:46.093452,Headphone,South,Sales_Person_4,14,,,,,2025-08,2025Q3,2025
2025-08-07 00:02:46.093452,Keyboard,Central,Sales_Person_7,12,2000.0,24000.0,14400.0,9600.0,2025-08,2025Q3,2025
2025-08-08 00:02:46.093452,Laptop,West,Sales_Person_10,10,50000.0,500000.0,300000.0,200000.0,2025-08,2025Q3,2025
2025-08-08 00:02:46.093452,Laptop,West,Sales_Person_5,12,50000.0,600000.0,360000.0,240000.0,2025-08,2025Q3,2025
2025-08-09 00:02:46.093452,Monitor,Central,Sales_Person_2,17,15000.0,255000.0,153000.0,102000.0,2025-08,2025Q3,2025
2025-08-09 00:02:46.093452,Monitor,East,Sales_Person_7,18,15000.0,270000.0,162000.0,108000.0,2025-08,2025Q3,2025
2025-08-09 00:02:46.093452,Keyboard,West,Sales_Person_5,13,2000.0,26000.0,15600.0,10400.0,2025-08,2025Q3,2025
2025-08-09 00:02:46.093452,Monitor,South,Sales_Person_1,9,15000.0,135000.0,81000.0,54000.0,2025-08,2025Q3,2025
2025-08-09 00:02:46.093452,Laptop,South,Sales_Person_2,3,50000.0,150000.0,90000.0,60000.0,2025-08,2025Q3,2025
2025-08-09 00:02:46.093452,Headphone,South,Sales_Person_3,9,,,,,2025-08,2025Q3,2025
2025-08-09 00:02:46.093452,Desktop,Central,Sales_Person_8,8,40000.0,320000.0,192000.0,128000.0,2025-08,2025Q3,2025
2025-08-09 00:02:46.093452,Keyboard,North,Sales_Person_7,11,2000.0,22000.0,13200.0,8800.0,2025-08,2025Q3,2025
2025-08-09 00:02:46.093452,Monitor,South,Sales_Person_5,1,15000.0,15000.0,9000.0,6000.0,2025-08,2025Q3,2025
2025-08-10 00:02:46.093452,Desktop,Central,Sales_Person_7,10,40000.0,400000.0,240000.0,160000.0,2025-08,2025Q3,2025
2025-08-10 00:02:46.093452,Monitor,West,Sales_Person_7,10,15000.0,150000.0,90000.0,60000.0,2025-08,2025Q3,2025
2025-08-10 00:02:46.093452,Desktop,North,Sales_Person_8,6,40000.0,240000.0,144000.0,96000.0,2025-08,2025Q3,2025
2025-08-10 00:02:46.093452,Keyboard,South,Sales_Person_7,18,2000.0,36000.0,21600.0,14400.0,2025-08,2025Q3,2025
2025-08-11 00:02:46.093452,Mosue,North,Sales_Person_4,19,,,,,2025-08,2025Q3,2025
2025-08-11 00:02:46.093452,Laptop,Central,Sales_Person_8,16,50000.0,800000.0,480000.0,320000.0,2025-08,2025Q3,2025
2025-08-11 00:02:46.093452,Headphone,West,Sales_Person_7,14,,,,,2025-08,2025Q3,2025
2025-08-11 00:02:46.093452,Headphone,South,Sales_Person_2,9,,,,,2025-08,2025Q3,2025
2025-08-11 00:02:46.093452,Desktop,East,Sales_Person_5,17,40000.0,680000.0,408000.0,272000.0,2025-08,2025Q3,2025
2025-08-11 00:02:46.093452,Keyboard,North,Sales_Person_3,9,2000.0,18000.0,10800.0,7200.0,2025-08,2025Q3,2025
2025-08-12 00:02:46.093452,Desktop,East,Sales_Person_8,7,40000.0,280000.0,168000.0,112000.0,2025-08,2025Q3,2025
2025-08-12 00:02:46.093452,Monitor,North,Sales_Person_7,9,15000.0,135000.0,81000.0,54000.0,2025-08,2025Q3,2025
2025-08-12 00:02:46.093452,Desktop,Central,Sales_Person_7,18,40000.0,720000.0,432000.0,288000.0,2025-08,2025Q3,2025
2025-08-12 00:02:46.093452,Monitor,East,Sales_Person_7,19,15000.0,285000.0,171000.0,114000.0,2025-08,2025Q3,2025
2025-08-12 00:02:46.093452,Keyboard,West,Sales_Person_1,19,2000.0,38000.0,22800.0,15200.0,2025-08,2025Q3,2025
2025-08-12 00:02:46.093452,Headphone,West,Sales_Person_9,14,,,,,2025-08,2025Q3,2025
2025-08-12 00:02:46.093452,Laptop,West,Sales_Person_6,12,50000.0,600000.0,360000.0,240000.0,2025-08,2025Q3,2025
2025-08-12 00:02:46.093452,Laptop,South,Sales_Person_7,17,50000.0,850000.0,510000.0,340000.0,2025-08,2025Q3,2025
2025-08-12 00:02:46.093452,Headphone,South,Sales_Person_10,12,,,,,2025-08,2025Q3,2025
2025-08-13 00:02:46.093452,Desktop,South,Sales_Person_7,4,40000.0,160000.0,96000.0,64000.0,2025-08,2025Q3,2025
2025-08-13 00:02:46.093452,Keyboard,South,Sales_Person_2,4,2000.0,8000.0,4800.0,3200.0,2025-08,2025Q3,2025
2025-08-13 00:02:46.093452,Mosue,North,Sales_Person_8,8,,,,,2025-08,2025Q3,2025
2025-08-13 00:02:46.093452,Keyboard,South,Sales_Person_7,13,2000.0,26000.0,15600.0,10400.0,2025-08,2025Q3,2025
2025-08-14 00:02:46.093452,Keyboard,Central,Sales_Person_7,16,2000.0,32000.0,19200.0,12800.0,2025-08,2025Q3,2025
2025-08-14 00:02:46.093452,Keyboard,East,Sales_Person_10,12,2000.0,24000.0,14400.0,9600.0,2025-08,2025Q3,2025
2025-08-14 00:02:46.093452,Monitor,East,Sales_Person_3,18,15000.0,270000.0,162000.0,108000.0,2025-08,2025Q3,2025
2025-08-14 00:02:46.093452,Monitor,West,Sales_Person_7,19,15000.0,285000.0,171000.0,114000.0,2025-08,2025Q3,2025
2025-08-14 00:02:46.093452,Monitor,West,Sales_Person_8,3,15000.0,45000.0,27000.0,18000.0,2025-08,2025Q3,2025
2025-08-15 00:02:46.093452,Keyboard,South,Sales_Person_1,5,2000.0,10000.0,6000.0,4000.0,2025-08,2025Q3,2025
2025-08-15 00:02:46.093452,Keyboard,North,Sales_Person_8,2,2000.0,4000.0,2400.0,1600.0,2025-08,2025Q3,2025
2025-08-15 00:02:46.093452,Mosue,Central,Sales_Person_5,5,,,,,2025-08,2025Q3,2025
2025-08-15 00:02:46.093452,Desktop,West,Sales_Person_4,1,40000.0,40000.0,24000.0,16000.0,2025-08,2025Q3,2025
2025-08-15 00:02:46.093452,Laptop,East,Sales_Person_7,15,50000.0,750000.0,450000.0,300000.0,2025-08,2025Q3,2025
2025-08-16 00:02:46.093452,Laptop,East,Sales_Person_10,5,50000.0,250000.0,150000.0,100000.0,2025-08,2025Q3,2025
2025-08-16 00:02:46.093452,Laptop,North,Sales_Person_10,9,50000.0,450000.0,270000.0,180000.0,2025-08,2025Q3,2025
2025-08-16 00:02:46.093452,Headphone,West,Sales_Person_8,7,,,,,2025-08,2025Q3,2025
2025-08-16 00:02:46.093452,Laptop,East,Sales_Person_4,2,50000.0,100000.0,60000.0,40000.0,2025-08,2025Q3,2025
2025-08-16 00:02:46.093452,Mosue,North,Sales_Person_7,13,,,,,2025-08,2025Q3,2025
2025-08-16 00:02:46.093452,Keyboard,Central,Sales_Person_7,7,2000.0,14000.0,8400.0,5600.0,2025-08,2025Q3,2025
2025-08-16 00:02:46.093452,Headphone,North,Sales_Person_7,16,,,,,2025-08,2025Q3,2025
2025-08-16 00:02:46.093452,Headphone,West,Sales_Person_5,16,,,,,2025-08,2025Q3,2025
2025-08-16 00:02:46.093452,Keyboard,West,Sales_Person_3,17,2000.0,34000.0,20400.0,13600.0,2025-08,2025Q3,2025
2025-08-17 00:02:46.093452,Desktop,South,Sales_Person_2,2,40000.0,80000.0,48000.0,32000.0,2025-08,2025Q3,2025
2025-08-17 00:02:46.093452,Keyboard,North,Sales_Person_5,7,2000.0,14000.0,8400.0,5600.0,2025-08,2025Q3,2025
2025-08-17 00:02:46.093452,Headphone,South,Sales_Person_6,7,,,,,2025-08,2025Q3,2025
2025-08-17 00:02:46.093452,Mosue,West,Sales_Person_3,6,,,,,2025-08,2025Q3,2025
2025-08-17 00:02:46.093452,Mosue,East,Sales_Person_10,15,,,,,2025-08,2025Q3,2025
2025-08-17 00:02:46.093452,Keyboard,West,Sales_Person_6,3,2000.0,6000.0,3600.0,2400.0,2025-08,2025Q3,2025
2025-08-18 00:02:46.093452,Mosue,East,Sales_Person_1,10,,,,,2025-08,2025Q3,2025
2025-08-18 00:02:46.093452,Headphone,East,Sales_Person_10,12,,,,,2025-08,2025Q3,2025
2025-08-18 00:02:46.093452,Laptop,Central,Sales_Person_10,13,50000.0,650000.0,390000.0,260000.0,2025-08,2025Q3,2025
2025-08-18 00:02:46.093452,Keyboard,East,Sales_Person_2,17,2000.0,34000.0,20400.0,13600.0,2025-08,2025Q3,2025
2025-08-18 00:02:46.093452,Laptop,South,Sales_Person_3,10,50000.0,500000.0,300000.0,200000.0,2025-08,2025Q3,2025
2025-08-18 00:02:46.093452,Desktop,South,Sales_Person_9,9,40000.0,360000.0,216000.0,144000.0,2025-08,2025Q3,2025
2025-08-19 00:02:46.093452,Headphone,South,Sales_Person_1,12,,,,,2025-08,2025Q3,2025
2025-08-19 00:02:46.093452,Monitor,Central,Sales_Person_4,18,15000.0,270000.0,162000.0,108000.0,2025-08,2025Q3,2025
2025-08-19 00:02:46.093452,Desktop,West,Sales_Person_2,10,40000.0,400000.0,240000.0,160000.0,2025-08,2025Q3,2025
2025-08-19 00:02:46.093452,Keyboard,West,Sales_Person_8,5,2000.0,10000.0,6000.0,4000.0,2025-08,2025Q3,2025
2025-08-19 00:02:46.093452,Keyboard,East,Sales_Person_6,2,2000.0,4000.0,2400.0,1600.0,2025-08,2025Q3,2025
2025-08-19 00:02:46.093452,Monitor,South,Sales_Person_4,6,15000.0,90000.0,54000.0,36000.0,2025-08,2025Q3,2025
2025-08-20 00:02:46.093452,Laptop,North,Sales_Person_3,11,50000.0,550000.0,330000.0,220000.0,2025-08,2025Q3,2025
2025-08-20 00:02:46.093452,Laptop,Central,Sales_Person_1,14,50000.0,700000.0,420000.0,280000.0,2025-08,2025Q3,2025
2025-08-20 00:02:46.093452,Headphone,West,Sales_Person_4,18,,,,,2025-08,2025Q3,2025
2025-08-20 00:02:46.093452,Monitor,South,Sales_Person_10,12,15000.0,180000.0,108000.0,72000.0,2025-08,2025Q3,2025
2025-08-20 00:02:46.093452,Laptop,South,Sales_Person_6,13,50000.0,650000.0,390000.0,260000.0,2025-08,2025Q3,2025
2025-08-21 00:02:46.093452,Headphone,Central,Sales_Person_7,15,,,,,2025-08,2025Q3,2025
2025-08-21 00:02:46.093452,Monitor,East,Sales_Person_7,16,15000.0,240000.0,144000.0,96000.0,2025-08,2025Q3,2025
2025-08-21 00:02:46.093452,Keyboard,North,Sales_Person_9,4,2000.0,8000.0,4800.0,3200.0,2025-08,2025Q3,2025
2025-08-21 00:02:46.093452,Keyboard,North,Sales_Person_7,12,2000.0,24000.0,14400.0,9600.0,2025-08,2025Q3,2025
2025-08-22 00:02:46.093452,Keyboard,North,Sales_Person_6,18,2000.0,36000.0,21600.0,14400.0,2025-08,2025Q3,2025
2025-08-22 00:02:46.093452,Keyboard,West,Sales_Person_9,2,2000.0,4000.0,2400.0,1600.0,2025-08,2025Q3,2025
2025-08-22 00:02:46.093452,Monitor,North,Sales_Person_10,7,15000.0,105000.0,63000.0,42000.0,2025-08,2025Q3,2025
2025-08-22 00:02:46.093452,Monitor,East,Sales_Person_2,17,15000.0,255000.0,153000.0,102000.0,2025-08,2025Q3,2025
2025-08-23 00:02:46.093452,Mosue,East,Sales_Person_2,5,,,,,2025-08,2025Q3,2025
2025-08-23 00:02:46.093452,Headphone,East,Sales_Person_2,4,,,,,2025-08,2025Q3,2025
2025-08-23 00:02:46.093452,Desktop,South,Sales_Person_7,19,40000.0,760000.0,456000.0,304000.0,2025-08,2025Q3,2025
2025-08-23 00:02:46.093452,Laptop,Central,Sales_Person_8,12,50000.0,600000.0,360000.0,240000.0,2025-08,2025Q3,2025
2025-08-24 00:02:46.093452,Headphone,East,Sales_Person_5,3,,,,,2025-08,2025Q3,2025
2025-08-24 00:02:46.093452,Monitor,North,Sales_Person_8,5,15000.0,75000.0,45000.0,30000.0,2025-08,2025Q3,2025
2025-08-25 00:02:46.093452,Headphone,East,Sales_Person_4,19,,,,,2025-08,2025Q3,2025
2025-08-25 00:02:46.093452,Mosue,East,Sales_Person_1,7,,,,,2025-08,2025Q3,2025
2025-08-25 00:02:46.093452,Laptop,East,Sales_Person_10,16,50000.0,800000.0,480000.0,320000.0,2025-08,2025Q3,2025
2025-08-25 00:02:46.093452,Mosue,East,Sales_Person_9,15,,,,,2025-08,2025Q3,2025
2025-08-25 00:02:46.093452,Mosue,North,Sales_Person_5,10,,,,,2025-08,2025Q3,2025
2025-08-26 00:02:46.093452,Keyboard,East,Sales_Person_9,18,2000.0,36000.0,21600.0,14400.0,2025-08,2025Q3,2025
2025-08-26 00:02:46.093452,Monitor,Central,Sales_Person_6,4,15000.0,60000.0,36000.0,24000.0,2025-08,2025Q3,2025
2025-08-26 00:02:46.093452,Mosue,East,Sales_Person_5,17,,,,,2025-08,2025Q3,2025
2025-08-26 00:02:46.093452,Mosue,South,Sales_Person_1,1,,,,,2025-08,2025Q3,2025
2025-08-26 00:02:46.093452,Monitor,North,Sales_Person_8,8,15000.0,120000.0,72000.0,48000.0,2025-08,2025Q3,2025
2025-08-26 00:02:46.093452,Mosue,South,Sales_Person_3,13,,,,,2025-08,2025Q3,2025
2025-08-26 00:02:46.093452,Desktop,Central,Sales_Person_8,8,40000.0,320000.0,192000.0,128000.0,2025-08,2025Q3,2025
2025-08-27 00:02:46.093452,Laptop,North,Sales_Person_8,3,50000.0,150000.0,90000.0,60000.0,2025-08,2025Q3,2025
2025-08-27 00:02:46.093452,Laptop,West,Sales_Person_4,12,50000.0,600000.0,360000.0,240000.0,2025-08,2025Q3,2025
2025-08-27 00:02:46.093452,Headphone,West,Sales_Person_8,11,,,,,2025-08,2025Q3,2025
2025-08-27 00:02:46.093452,Headphone,West,Sales_Person_2,19,,,,,2025-08,2025Q3,2025
2025-08-27 00:02:46.093452,Mosue,South,Sales_Person_10,4,,,,,2025-08,2025Q3,2025
2025-08-27 00:02:46.093452,Keyboard,South,Sales_Person_9,6,2000.0,12000.0,7200.0,4800.0,2025-08,2025Q3,2025
2025-08-27 00:02:46.093452,Keyboard,Central,Sales_Person_4,12,2000.0,24000.0,14400.0,9600.0,2025-08,2025Q3,2025
2025-08-27 00:02:46.093452,Mosue,South,Sales_Person_1,13,,,,,2025-08,2025Q3,2025
2025-08-28 00:02:46.093452,Headphone,South,Sales_Person_7,8,,,,,2025-08,2025Q3,2025
2025-08-28 00:02:46.093452,Keyboard,South,Sales_Person_7,1,2000.0,2000.0,1200.0,800.0,2025-08,2025Q3,2025
2025-08-28 00:02:46.093452,Headphone,Central,Sales_Person_4,18,,,,,2025-08,2025Q3,2025
2025-08-29 00:02:46.093452,Headphone,Central,Sales_Person_4,9,,,,,2025-08,2025Q3,2025
2025-08-29 00:02:46.093452,Keyboard,South,Sales_Person_3,7,2000.0,14000.0,8400.0,5600.0,2025-08,2025Q3,2025
2025-08-29 00:02:46.093452,Desktop,West,Sales_Person_8,12,40000.0,480000.0,288000.0,192000.0,2025-08,2025Q3,2025
2025-08-29 00:02:46.093452,Desktop,West,Sales_Person_4,14,40000.0,560000.0,336000.0,224000.0,2025-08,2025Q3,2025
2025-08-29 00:02:46.093452,Monitor,North,Sales_Person_8,11,15000.0,165000.0,99000.0,66000.0,2025-08,2025Q3,2025
2025-08-29 00:02:46.093452,Monitor,Central,Sales_Person_3,1,15000.0,15000.0,9000.0,6000.0,2025-08,2025Q3,2025
2025-08-29 00:02:46.093452,Headphone,South,Sales_Person_7,3,,,,,2025-08,2025Q3,2025
2025-08-30 00:02:46.093452,Laptop,Central,Sales_Person_8,18,50000.0,900000.0,540000.0,360000.0,2025-08,2025Q3,2025
2025-08-30 00:02:46.093452,Desktop,West,Sales_Person_7,15,40000.0,600000.0,360000.0,240000.0,2025-08,2025Q3,2025
2025-08-30 00:02:46.093452,Desktop,East,Sales_Person_7,17,40000.0,680000.0,408000.0,272000.0,2025-08,2025Q3,2025
2025-08-30 00:02:46.093452,Monitor,Central,Sales_Person_10,11,15000.0,165000.0,99000.0,66000.0,2025-08,2025Q3,2025
2025-08-31 00:02:46.093452,Monitor,East,Sales_Person_10,6,15000.0,90000.0,54000.0,36000.0,2025-08,2025Q3,2025
2025-08-31 00:02:46.093452,Mosue,East,Sales_Person_1,16,,,,,2025-08,2025Q3,2025
2025-08-31 00:02:46.093452,Mosue,Central,Sales_Person_2,11,,,,,2025-08,2025Q3,2025
2025-08-31 00:02:46.093452,Desktop,North,Sales_Person_9,14,40000.0,560000.0,336000.0,224000.0,2025-08,2025Q3,2025
2025-08-31 00:02:46.093452,Headphone,South,Sales_Person_4,9,,,,,2025-08,2025Q3,2025
2025-08-31 00:02:46.093452,Mosue,North,Sales_Person_8,7,,,,,2025-08,2025Q3,2025
2025-08-31 00:02:46.093452,Monitor,Central,Sales_Person_7,13,15000.0,195000.0,117000.0,78000.0,2025-08,2025Q3,2025
2025-08-31 00:02:46.093452,Laptop,East,Sales_Person_10,16,50000.0,800000.0,480000.0,320000.0,2025-08,2025Q3,2025
2025-08-31 00:02:46.093452,Mosue,North,Sales_Person_7,14,,,,,2025-08,2025Q3,2025
2025-09-01 00:02:46.093452,Desktop,West,Sales_Person_1,15,40000.0,600000.0,360000.0,240000.0,2025-09,2025Q3,2025
2025-09-01 00:02:46.093452,Laptop,West,Sales_Person_7,12,50000.0,600000.0,360000.0,240000.0,2025-09,2025Q3,2025
2025-09-01 00:02:46.093452,Mosue,West,Sales_Person_10,18,,,,,2025-09,2025Q3,2025
2025-09-02 00:02:46.093452,Monitor,East,Sales_Person_6,5,15000.0,75000.0,45000.0,30000.0,2025-09,2025Q3,2025
2025-09-02 00:02:46.093452,Monitor,North,Sales_Person_3,7,15000.0,105000.0,63000.0,42000.0,2025-09,2025Q3,2025
2025-09-02 00:02:46.093452,Headphone,East,Sales_Person_10,8,,,,,2025-09,2025Q3,2025
2025-09-02 00:02:46.093452,Desktop,South,Sales_Person_2,6,40000.0,240000.0,144000.0,96000.0,2025-09,2025Q3,2025
2025-09-02 00:02:46.093452,Mosue,North,Sales_Person_7,11,,,,,2025-09,2025Q3,2025
2025-09-03 00:02:46.093452,Keyboard,North,Sales_Person_5,1,2000.0,2000.0,1200.0,800.0,2025-09,2025Q3,2025
2025-09-03 00:02:46.093452,Desktop,North,Sales_Person_2,14,40000.0,560000.0,336000.0,224000.0,2025-09,2025Q3,2025
2025-09-03 00:02:46.093452,Laptop,Central,Sales_Person_2,9,50000.0,450000.0,270000.0,180000.0,2025-09,2025Q3,2025
2025-09-03 00:02:46.093452,Keyboard,West,Sales_Person_4,17,2000.0,34000.0,20400.0,13600.0,2025-09,2025Q3,2025
2025-09-03 00:02:46.093452,Headphone,North,Sales_Person_6,14,,,,,2025-09,2025Q3,2025
2025-09-03 00:02:46.093452,Headphone,Central,Sales_Person_3,17,,,,,2025-09,2025Q3,2025
2025-09-03 00:02:46.093452,Monitor,West,Sales_Person_7,13,15000.0,195000.0,117000.0,78000.0,2025-09,2025Q3,2025
2025-09-04 00:02:46.093452,Keyboard,North,Sales_Person_10,9,2000.0,18000.0,10800.0,7200.0,2025-09,2025Q3,2025
2025-09-04 00:02:46.093452,Desktop,North,Sales_Person_2,10,40000.0,400000.0,240000.0,160000.0,2025-09,2025Q3,2025
2025-09-04 00:02:46.093452,Monitor,South,Sales_Person_6,11,15000.0,165000.0,99000.0,66000.0,2025-09,2025Q3,2025
2025-09-04 00:02:46.093452,Desktop,South,Sales_Person_6,16,40000.0,640000.0,384000.0,256000.0,2025-09,2025Q3,2025
2025-09-05 00:02:46.093452,Laptop,South,Sales_Person_10,13,50000.0,650000.0,390000.0,260000.0,2025-09,2025Q3,2025
2025-09-05 00:02:46.093452,Laptop,North,Sales_Person_1,7,50000.0,350000.0,210000.0,140000.0,2025-09,2025Q3,2025
2025-09-05 00:02:46.093452,Headphone,North,Sales_Person_1,10,,,,,2025-09,2025Q3,2025
2025-09-06 00:02:46.093452,Headphone,South,Sales_Person_5,1,,,,,2025-09,2025Q3,2025
2025-09-06 00:02:46.093452,Monitor,South,Sales_Person_1,17,15000.0,255000.0,153000.0,102000.0,2025-09,2025Q3,2025
2025-09-06 00:02:46.093452,Monitor,North,Sales_Person_9,6,15000.0,90000.0,54000.0,36000.0,2025-09,2025Q3,2025
2025-09-06 00:02:46.093452,Desktop,South,Sales_Person_9,14,40000.0,560000.0,336000.0,224000.0,2025-09,2025Q3,2025
2025-09-06 00:02:46.093452,Keyboard,South,Sales_Person_2,4,2000.0,8000.0,4800.0,3200.0,2025-09,2025Q3,2025
2025-09-06 00:02:46.093452,Monitor,Central,Sales_Person_2,12,15000.0,180000.0,108000.0,72000.0,2025-09,2025Q3,2025
2025-09-06 00:02:46.093452,Headphone,West,Sales_Person_2,15,,,,,2025-09,2025Q3,2025
2025-09-06 00:02:46.093452,Mosue,North,Sales_Person_8,15,,,,,2025-09,2025Q3,2025
2025-09-07 00:02:46.093452,Monitor,North,Sales_Person_7,8,15000.0,120000.0,72000.0,48000.0,2025-09,2025Q3,2025
2025-09-07 00:02:46.093452,Headphone,North,Sales_Person_7,1,,,,,2025-09,2025Q3,2025
2025-09-07 00:02:46.093452,Laptop,Central,Sales_Person_5,2,50000.0,100000.0,60000.0,40000.0,2025-09,2025Q3,2025
2025-09-07 00:02:46.093452,Monitor,East,Sales_Person_6,7,15000.0,105000.0,63000.0,42000.0,2025-09,2025Q3,2025
2025-09-08 00:02:46.093452,Mosue,Central,Sales_Person_4,6,,,,,2025-09,2025Q3,2025
2025-09-08 00:02:46.093452,Headphone,North,Sales_Person_10,18,,,,,2025-09,2025Q3,2025
2025-09-09 00:02:46.093452,Laptop,East,Sales_Person_6,14,50000.0,700000.0,420000.0,280000.0,2025-09,2025Q3,2025
2025-09-09 00:02:46.093452,Monitor,Central,Sales_Person_1,1,15000.0,15000.0,9000.0,6000.0,2025-09,2025Q3,2025
2025-09-09 00:02:46.093452,Laptop,Central,Sales_Person_2,9,50000.0,450000.0,270000.0,180000.0,2025-09,2025Q3,2025
2025-09-09 00:02:46.093452,Desktop,West,Sales_Person_9,1,40000.0,40000.0,24000.0,16000.0,2025-09,2025Q3,2025
2025-09-09 00:02:46.093452,Laptop,East,Sales_Person_1,17,50000.0,850000.0,510000.0,340000.0,2025-09,2025Q3,2025
2025-09-09 00:02:46.093452,Desktop,East,Sales_Person_3,19,40000.0,760000.0,456000.0,304000.0,2025-09,2025Q3,2025
2025-09-10 00:02:46.093452,Mosue,South,Sales_Person_10,3,,,,,2025-09,2025Q3,2025
2025-09-10 00:02:46.093452,Keyboard,North,Sales_Person_9,13,2000.0,26000.0,15600.0,10400.0,2025-09,2025Q3,2025
2025-09-10 00:02:46.093452,Laptop,East,Sales_Person_10,3,50000.0,150000.0,90000.0,60000.0,2025-09,2025Q3,2025
2025-09-10 00:02:46.093452,Monitor,Central,Sales_Person_2,10,15000.0,150000.0,90000.0,60000.0,2025-09,2025Q3,2025
2025-09-10 00:02:46.093452,Headphone,North,Sales_Person_7,9,,,,,2025-09,2025Q3,2025
2025-09-10 00:02:46.093452,Desktop,Central,Sales_Person_5,11,40000.0,440000.0,264000.0,176000.0,2025-09,2025Q3,2025
2025-09-10 00:02:46.093452,Keyboard,Central,Sales_Person_5,13,2000.0,26000.0,15600.0,10400.0,2025-09,2025Q3,2025
2025-09-10 00:02:46.093452,Monitor,West,Sales_Person_6,7,15000.0,105000.0,63000.0,42000.0,2025-09,2025Q3,2025
2025-09-11 00:02:46.093452,Headphone,South,Sales_Person_9,1,,,,,2025-09,2025Q3,2025
2025-09-11 00:02:46.093452,Headphone,West,Sales_Person_2,16,,,,,2025-09,2025Q3,2025
2025-09-11 00:02:46.093452,Keyboard,Central,Sales_Person_6,12,2000.0,24000.0,14400.0,9600.0,2025-09,2025Q3,2025
2025-09-12 00:02:46.093452,Laptop,Central,Sales_Person_3,9,50000.0,450000.0,270000.0,180000.0,2025-09,2025Q3,2025
2025-09-12 00:02:46.093452,Desktop,West,Sales_Person_10,11,40000.0,440000.0,264000.0,176000.0,2025-09,2025Q3,2025
2025-09-12 00:02:46.093452,Desktop,West,Sales_Person_9,2,40000.0,80000.0,48000.0,32000.0,2025-09,2025Q3,2025
2025-09-12 00:02:46.093452,Desktop,West,Sales_Person_10,10,40000.0,400000.0,240000.0,160000.0,2025-09,2025Q3,2025
2025-09-13 00:02:46.093452,Desktop,West,Sales_Person_3,18,40000.0,720000.0,432000.0,288000.0,2025-09,2025Q3,2025
2025-09-13 00:02:46.093452,Laptop,South,Sales_Person_8,13,50000.0,650000.0,390000.0,260000.0,2025-09,2025Q3,2025
2025-09-13 00:02:46.093452,Monitor,East,Sales_Person_8,6,15000.0,90000.0,54000.0,36000.0,2025-09,2025Q3,2025
2025-09-14 00:02:46.093452,Laptop,East,Sales_Person_2,7,50000.0,350000.0,210000.0,140000.0,2025-09,2025Q3,2025
2025-09-14 00:02:46.093452,Mosue,West,Sales_Person_10,10,,,,,2025-09,2025Q3,2025
2025-09-14 00:02:46.093452,Keyboard,South,Sales_Person_1,19,2000.0,38000.0,22800.0,15200.0,2025-09,2025Q3,2025
2025-09-14 00:02:46.093452,Headphone,South,Sales_Person_6,2,,,,,2025-09,2025Q3,2025
2025-09-15 00:02:46.093452,Keyboard,Central,Sales_Person_6,1,2000.0,2000.0,1200.0,800.0,2025-09,2025Q3,2025
2025-09-15 00:02:46.093452,Keyboard,North,Sales_Person_10,8,2000.0,16000.0,9600.0,6400.0,2025-09,2025Q3,2025
2025-09-15 00:02:46.093452,Headphone,East,Sales_Person_9,6,,,,,2025-09,2025Q3,2025
2025-09-15 00:02:46.093452,Headphone,West,Sales_Person_3,8,,,,,2025-09,2025Q3,2025
2025-09-16 00:02:46.093452,Monitor,East,Sales_Person_7,16,15000.0,240000.0,144000.0,96000.0,2025-09,2025Q3,2025
2025-09-16 00:02:46.093452,Mosue,Central,Sales_Person_9,8,,,,,2025-09,2025Q3,2025
2025-09-16 00:02:46.093452,Laptop,West,Sales_Person_9,12,50000.0,600000.0,360000.0,240000.0,2025-09,2025Q3,2025
2025-09-16 00:02:46.093452,Desktop,North,Sales_Person_4,13,40000.0,520000.0,312000.0,208000.0,2025-09,2025Q3,2025
2025-09-16 00:02:46.093452,Laptop,Central,Sales_Person_6,16,50000.0,800000.0,480000.0,320000.0,2025-09,2025Q3,2025
2025-09-17 00:02:46.093452,Keyboard,Central,Sales_Person_9,17,2000.0,34000.0,20400.0,13600.0,2025-09,2025Q3,2025
2025-09-17 00:02:46.093452,Desktop,Central,Sales_Person_9,18,40000.0,720000.0,432000.0,288000.0,2025-09,2025Q3,2025
2025-09-17 00:02:46.093452,Monitor,Central,Sales_Person_2,9,15000.0,135000.0,81000.0,54000.0,2025-09,2025Q3,2025
2025-09-18 00:02:46.093452,Headphone,South,Sales_Person_4,12,,,,,2025-09,2025Q3,2025
2025-09-18 00:02:46.093452,Desktop,North,Sales_Person_7,9,40000.0,360000.0,216000.0,144000.0,2025-09,2025Q3,2025
2025-09-18 00:02:46.093452,Keyboard,Central,Sales_Person_1,2,2000.0,4000.0,2400.0,1600.0,2025-09,2025Q3,2025
2025-09-18 00:02:46.093452,Laptop,South,Sales_Person_3,9,50000.0,450000.0,270000.0,180000.0,2025-09,2025Q3,2025
2025-09-19 00:02:46.093452,Desktop,West,Sales_Person_10,1,40000.0,40000.0,24000.0,16000.0,2025-09,2025Q3,2025
2025-09-19 00:02:46.093452,Monitor,West,Sales_Person_9,14,15000.0,210000.0,126000.0,84000.0,2025-09,2025Q3,2025
2025-09-20 00:02:46.093452,Desktop,East,Sales_Person_8,17,40000.0,680000.0,408000.0,272000.0,2025-09,2025Q3,2025
2025-09-20 00:02:46.093452,Monitor,Central,Sales_Person_1,1,15000.0,15000.0,9000.0,6000.0,2025-09,2025Q3,2025
2025-09-20 00:02:46.093452,Laptop,East,Sales_Person_10,7,50000.0,350000.0,210000.0,140000.0,2025-09,2025Q3,2025
2025-09-21 00:02:46.093452,Laptop,South,Sales_Person_10,1,50000.0,50000.0,30000.0,20000.0,2025-09,2025Q3,2025
2025-09-21 00:02:46.093452,Mosue,West,Sales_Person_5,7,,,,,2025-09,2025Q3,2025
2025-09-21 00:02:46.093452,Headphone,East,Sales_Person_4,13,,,,,2025-09,2025Q3,2025
2025-09-21 00:02:46.093452,Laptop,South,Sales_Person_4,16,50000.0,800000.0,480000.0,320000.0,2025-09,2025Q3,2025
2025-09-22 00:02:46.093452,Mosue,West,Sales_Person_4,16,,,,,2025-09,2025Q3,2025
2025-09-22 00:02:46.093452,Desktop,North,Sales_Person_1,3,40000.0,120000.0,72000.0,48000.0,2025-09,2025Q3,2025
2025-09-22 00:02:46.093452,Laptop,West,Sales_Person_3,6,50000.0,300000.0,180000.0,120000.0,2025-09,2025Q3,2025
2025-09-22 00:02:46.093452,Desktop,West,Sales_Person_7,6,40000.0,240000.0,144000.0,96000.0,2025-09,2025Q3,2025
2025-09-22 00:02:46.093452,Laptop,East,Sales_Person_5,3,50000.0,150000.0,90000.0,60000.0,2025-09,2025Q3,2025
2025-09-22 00:02:46.093452,Headphone,Central,Sales_Person_7,17,,,,,2025-09,2025Q3,2025
2025-09-23 00:02:46.093452,Mosue,East,Sales_Person_1,8,,,,,2025-09,2025Q3,2025
2025-09-23 00:02:46.093452,Desktop,East,Sales_Person_10,17,40000.0,680000.0,408000.0,272000.0,2025-09,2025Q3,2025
2025-09-23 00:02:46.093452,Headphone,Central,Sales_Person_6,7,,,,,2025-09,2025Q3,2025
2025-09-23 00:02:46.093452,Headphone,West,Sales_Person_7,16,,,,,2025-09,2025Q3,2025
2025-09-23 00:02:46.093452,Headphone,Central,Sales_Person_5,19,,,,,2025-09,2025Q3,2025
2025-09-23 00:02:46.093452,Headphone,Central,Sales_Person_4,1,,,,,2025-09,2025Q3,2025
2025-09-23 00:02:46.093452,Laptop,East,Sales_Person_4,17,50000.0,850000.0,510000.0,340000.0,2025-09,2025Q3,2025
2025-09-23 00:02:46.093452,Desktop,Central,Sales_Person_1,5,40000.0,200000.0,120000.0,80000.0,2025-09,2025Q3,2025
2025-09-23 00:02:46.093452,Monitor,South,Sales_Person_5,6,15000.0,90000.0,54000.0,36000.0,2025-09,2025Q3,2025
2025-09-23 00:02:46.093452,Mosue,North,Sales_Person_5,10,,,,,2025-09,2025Q3,2025
2025-09-23 00:02:46.093452,Keyboard,South,Sales_Person_6,9,2000.0,18000.0,10800.0,7200.0,2025-09,2025Q3,2025
2025-09-24 00:02:46.093452,Laptop,Central,Sales_Person_3,10,50000.0,500000.0,300000.0,200000.0,2025-09,2025Q3,2025
2025-09-24 00:02:46.093452,Headphone,East,Sales_Person_7,4,,,,,2025-09,2025Q3,2025
2025-09-24 00:02:46.093452,Headphone,East,Sales_Person_5,13,,,,,2025-09,2025Q3,2025
2025-09-24 00:02:46.093452,Desktop,West,Sales_Person_9,5,40000.0,200000.0,120000.0,80000.0,2025-09,2025Q3,2025
2025-09-24 00:02:46.093452,Keyboard,East,Sales_Person_6,5,2000.0,10000.0,6000.0,4000.0,2025-09,2025Q3,2025
2025-09-24 00:02:46.093452,Headphone,North,Sales_Person_2,13,,,,,2025-09,2025Q3,2025
2025-09-25 00:02:46.093452,Desktop,West,Sales_Person_2,1,40000.0,40000.0,24000.0,16000.0,2025-09,2025Q3,2025
2025-09-25 00:02:46.093452,Desktop,East,Sales_Person_8,11,40000.0,440000.0,264000.0,176000.0,2025-09,2025Q3,2025
2025-09-25 00:02:46.093452,Keyboard,Central,Sales_Person_6,2,2000.0,4000.0,2400.0,1600.0,2025-09,2025Q3,2025
2025-09-25 00:02:46.093452,Mosue,Central,Sales_Person_4,7,,,,,2025-09,2025Q3,2025
2025-09-25 00:02:46.093452,Laptop,Central,Sales_Person_8,10,50000.0,500000.0,300000.0,200000.0,2025-09,2025Q3,2025
2025-09-25 00:02:46.093452,Monitor,East,Sales_Person_1,7,15000.0,105000.0,63000.0,42000.0,2025-09,2025Q3,2025
2025-09-25 00:02:46.093452,Mosue,South,Sales_Person_6,16,,,,,2025-09,2025Q3,2025
2025-09-25 00:02:46.093452,Monitor,Central,Sales_Person_8,15,15000.0,225000.0,135000.0,90000.0,2025-09,2025Q3,2025
2025-09-26 00:02:46.093452,Headphone,Central,Sales_Person_10,6,,,,,2025-09,2025Q3,2025
2025-09-26 00:02:46.093452,Desktop,East,Sales_Person_8,9,40000.0,360000.0,216000.0,144000.0,2025-09,2025Q3,2025
2025-09-26 00:02:46.093452,Laptop,South,Sales_Person_7,18,50000.0,900000.0,540000.0,360000.0,2025-09,2025Q3,2025
2025-09-26 00:02:46.093452,Desktop,North,Sales_Person_5,14,40000.0,560000.0,336000.0,224000.0,2025-09,2025Q3,2025
2025-09-26 00:02:46.093452,Mosue,East,Sales_Person_1,6,,,,,2025-09,2025Q3,2025
2025-09-26 00:02:46.093452,Keyboard,Central,Sales_Person_4,10,2000.0,20000.0,12000.0,8000.0,2025-09,2025Q3,2025
2025-09-26 00:02:46.093452,Laptop,South,Sales_Person_3,3,50000.0,150000.0,90000.0,60000.0,2025-09,2025Q3,2025
2025-09-27 00:02:46.093452,Desktop,North,Sales_Person_4,11,40000.0,440000.0,264000.0,176000.0,2025-09,2025Q3,2025
2025-09-27 00:02:46.093452,Desktop,West,Sales_Person_8,1,40000.0,40000.0,24000.0,16000.0,2025-09,2025Q3,2025
2025-09-28 00:02:46.093452,Mosue,Central,Sales_Person_3,18,,,,,2025-09,2025Q3,2025
2025-09-28 00:02:46.093452,Desktop,South,Sales_Person_2,9,40000.0,360000.0,216000.0,144000.0,2025-09,2025Q3,2025
2025-09-28 00:02:46.093452,Mosue,Central,Sales_Person_7,18,,,,,2025-09,2025Q3,2025
2025-09-28 00:02:46.093452,Headphone,West,Sales_Person_2,4,,,,,2025-09,2025Q3,2025
2025-09-28 00:02:46.093452,Keyboard,East,Sales_Person_1,6,2000.0,12000.0,7200.0,4800.0,2025-09,2025Q3,2025
2025-09-28 00:02:46.093452,Keyboard,East,Sales_Person_4,7,2000.0,14000.0,8400.0,5600.0,2025-09,2025Q3,2025
2025-09-28 00:02:46.093452,Mosue,North,Sales_Person_6,17,,,,,2025-09,2025Q3,2025
2025-09-28 00:02:46.093452,Monitor,Central,Sales_Person_5,4,15000.0,60000.0,36000.0,24000.0,2025-09,2025Q3,2025
2025-09-29 00:02:46.093452,Desktop,Central,Sales_Person_9,13,40000.0,520000.0,312000.0,208000.0,2025-09,2025Q3,2025
2025-09-29 00:02:46.093452,Mosue,Central,Sales_Person_5,10,,,,,2025-09,2025Q3,2025
2025-09-30 00:02:46.093452,Mosue,South,Sales_Person_6,15,,,,,2025-09,2025Q3,2025
2025-09-30 00:02:46.093452,Headphone,Central,Sales_Person_9,10,,,,,2025-09,2025Q3,2025
2025-09-30 00:02:46.093452,Headphone,West,Sales_Person_2,15,,,,,2025-09,2025Q3,2025
2025-09-30 00:02:46.093452,Headphone,Central,Sales_Person_4,8,,,,,2025-09,2025Q3,2025
2025-09-30 00:02:46.093452,Mosue,West,Sales_Person_6,3,,,,,2025-09,2025Q3,2025
2025-09-30 00:02:46.093452,Monitor,East,Sales_Person_2,1,15000.0,15000.0,9000.0,6000.0,2025-09,2025Q3,2025
2025-09-30 00:02:46.093452,Mosue,South,Sales_Person_1,12,,,,,2025-09,2025Q3,2025
2025-10-01 00:02:46.093452,Monitor,South,Sales_Person_6,12,15000.0,180000.0,108000.0,72000.0,2025-10,2025Q4,2025
2025-10-01 00:02:46.093452,Keyboard,South,Sales_Person_9,14,2000.0,28000.0,16800.0,11200.0,2025-10,2025Q4,2025
2025-10-01 00:02:46.093452,Laptop,South,Sales_Person_8,8,50000.0,400000.0,240000.0,160000.0,2025-10,2025Q4,2025
2025-10-01 00:02:46.093452,Monitor,East,Sales_Person_10,8,15000.0,120000.0,72000.0,48000.0,2025-10,2025Q4,2025
2025-10-01 00:02:46.093452,Keyboard,South,Sales_Person_8,18,2000.0,36000.0,21600.0,14400.0,2025-10,2025Q4,2025
2025-10-01 00:02:46.093452,Monitor,South,Sales_Person_1,17,15000.0,255000.0,153000.0,102000.0,2025-10,2025Q4,2025
2025-10-01 00:02:46.093452,Laptop,East,Sales_Person_10,3,50000.0,150000.0,90000.0,60000.0,2025-10,2025Q4,2025
2025-10-01 00:02:46.093452,Laptop,Central,Sales_Person_10,17,50000.0,850000.0,510000.0,340000.0,2025-10,2025Q4,2025
2025-10-01 00:02:46.093452,Mosue,North,Sales_Person_6,3,,,,,2025-10,2025Q4,2025
2025-10-02 00:02:46.093452,Headphone,West,Sales_Person_6,17,,,,,2025-10,2025Q4,2025
2025-10-02 00:02:46.093452,Monitor,South,Sales_Person_1,17,15000.0,255000.0,153000.0,102000.0,2025-10,2025Q4,2025
2025-10-02 00:02:46.093452,Keyboard,South,Sales_Person_9,19,2000.0,38000.0,22800.0,15200.0,2025-10,2025Q4,2025
2025-10-02 00:02:46.093452,Mosue,North,Sales_Person_5,18,,,,,2025-10,2025Q4,2025
2025-10-02 00:02:46.093452,Mosue,Central,Sales_Person_6,11,,,,,2025-10,2025Q4,2025
2025-10-02 00:02:46.093452,Keyboard,West,Sales_Person_3,16,2000.0,32000.0,19200.0,12800.0,2025-10,2025Q4,2025
2025-10-02 00:02:46.093452,Headphone,North,Sales_Person_10,3,,,,,2025-10,2025Q4,2025
2025-10-02 00:02:46.093452,Keyboard,Central,Sales_Person_10,4,2000.0,8000.0,4800.0,3200.0,2025-10,2025Q4,2025
2025-10-02 00:02:46.093452,Mosue,North,Sales_Person_2,1,,,,,2025-10,2025Q4,2025
2025-10-03 00:02:46.093452,Monitor,South,Sales_Person_3,17,15000.0,255000.0,153000.0,102000.0,2025-10,2025Q4,2025
2025-10-03 00:02:46.093452,Monitor,East,Sales_Person_6,1,15000.0,15000.0,9000.0,6000.0,2025-10,2025Q4,2025
2025-10-03 00:02:46.093452,Keyboard,North,Sales_Person_8,9,2000.0,18000.0,10800.0,7200.0,2025-10,2025Q4,2025
2025-10-03 00:02:46.093452,Headphone,North,Sales_Person_10,13,,,,,2025-10,2025Q4,2025
2025-10-03 00:02:46.093452,Laptop,East,Sales_Person_4,18,50000.0,900000.0,540000.0,360000.0,2025-10,2025Q4,2025
2025-10-03 00:02:46.093452,Keyboard,South,Sales_Person_2,17,2000.0,34000.0,20400.0,13600.0,2025-10,2025Q4,2025
2025-10-03 00:02:46.093452,Desktop,West,Sales_Person_10,19,40000.0,760000.0,456000.0,304000.0,2025-10,2025Q4,2025
2025-10-04 00:02:46.093452,Monitor,West,Sales_Person_3,15,15000.0,225000.0,135000.0,90000.0,2025-10,2025Q4,2025
2025-10-04 00:02:46.093452,Mosue,South,Sales_Person_5,14,,,,,2025-10,2025Q4,2025
2025-10-04 00:02:46.093452,Monitor,West,Sales_Person_1,7,15000.0,105000.0,63000.0,42000.0,2025-10,2025Q4,2025
2025-10-04 00:02:46.093452,Monitor,North,Sales_Person_10,3,15000.0,45000.0,27000.0,18000.0,2025-10,2025Q4,2025
2025-10-04 00:02:46.093452,Monitor,Central,Sales_Person_10,5,15000.0,75000.0,45000.0,30000.0,2025-10,2025Q4,2025
2025-10-04 00:02:46.093452,Mosue,Central,Sales_Person_9,9,,,,,2025-10,2025Q4,2025
2025-10-04 00:02:46.093452,Keyboard,West,Sales_Person_8,14,2000.0,28000.0,16800.0,11200.0,2025-10,2025Q4,2025
2025-10-04 00:02:46.093452,Mosue,East,Sales_Person_6,10,,,,,2025-10,2025Q4,2025
2025-10-04 00:02:46.093452,Desktop,North,Sales_Person_2,3,40000.0,120000.0,72000.0,48000.0,2025-10,2025Q4,2025
2025-10-05 00:02:46.093452,Keyboard,East,Sales_Person_10,11,2000.0,22000.0,13200.0,8800.0,2025-10,2025Q4,2025
2025-10-05 00:02:46.093452,Keyboard,North,Sales_Person_8,12,2000.0,24000.0,14400.0,9600.0,2025-10,2025Q4,2025
2025-10-05 00:02:46.093452,Keyboard,South,Sales_Person_6,15,2000.0,30000.0,18000.0,12000.0,2025-10,2025Q4,2025
2025-10-05 00:02:46.093452,Monitor,North,Sales_Person_9,5,15000.0,75000.0,45000.0,30000.0,2025-10,2025Q4,2025
2025-10-05 00:02:46.093452,Keyboard,South,Sales_Person_9,2,2000.0,4000.0,2400.0,1600.0,2025-10,2025Q4,2025
2025-10-05 00:02:46.093452,Monitor,Central,Sales_Person_10,4,15000.0,60000.0,36000.0,24000.0,2025-10,2025Q4,2025
2025-10-05 00:02:46.093452,Monitor,South,Sales_Person_7,5,15000.0,75000.0,45000.0,30000.0,2025-10,2025Q4,2025
2025-10-05 00:02:46.093452,Monitor,West,Sales_Person_5,15,15000.0,225000.0,135000.0,90000.0,2025-10,2025Q4,2025
2025-10-05 00:02:46.093452,Mosue,South,Sales_Person_3,15,,,,,2025-10,2025Q4,2025
2025-10-05 00:02:46.093452,Headphone,Central,Sales_Person_8,11,,,,,2025-10,2025Q4,2025
2025-10-05 00:02:46.093452,Monitor,South,Sales_Person_9,8,15000.0,120000.0,72000.0,48000.0,2025-10,2025Q4,2025
2025-10-06 00:02:46.093452,Mosue,East,Sales_Person_8,10,,,,,2025-10,2025Q4,2025
2025-10-06 00:02:46.093452,Desktop,East,Sales_Person_4,5,40000.0,200000.0,120000.0,80000.0,2025-10,2025Q4,2025
2025-10-06 00:02:46.093452,Headphone,West,Sales_Person_2,14,,,,,2025-10,2025Q4,2025
2025-10-06 00:02:46.093452,Desktop,West,Sales_Person_10,2,40000.0,80000.0,48000.0,32000.0,2025-10,2025Q4,2025
2025-10-06 00:02:46.093452,Monitor,South,Sales_Person_2,10,15000.0,150000.0,90000.0,60000.0,2025-10,2025Q4,2025
2025-10-07 00:02:46.093452,Mosue,East,Sales_Person_9,16,,,,,2025-10,2025Q4,2025
2025-10-07 00:02:46.093452,Laptop,Central,Sales_Person_6,4,50000.0,200000.0,120000.0,80000.0,2025-10,2025Q4,2025
2025-10-07 00:02:46.093452,Laptop,East,Sales_Person_4,3,50000.0,150000.0,90000.0,60000.0,2025-10,2025Q4,2025
2025-10-07 00:02:46.093452,Headphone,Central,Sales_Person_7,19,,,,,2025-10,2025Q4,2025
2025-10-07 00:02:46.093452,Desktop,West,Sales_Person_5,8,40000.0,320000.0,192000.0,128000.0,2025-10,2025Q4,2025
2025-10-07 00:02:46.093452,Desktop,South,Sales_Person_7,10,40000.0,400000.0,240000.0,160000.0,2025-10,2025Q4,2025
2025-10-07 00:02:46.093452,Keyboard,North,Sales_Person_10,4,2000.0,8000.0,4800.0,3200.0,2025-10,2025Q4,2025
2025-10-07 00:02:46.093452,Mosue,West,Sales_Person_8,12,,,,,2025-10,2025Q4,2025
2025-10-07 00:02:46.093452,Monitor,East,Sales_Person_10,4,15000.0,60000.0,36000.0,24000.0,2025-10,2025Q4,2025
2025-10-08 00:02:46.093452,Headphone,Central,Sales_Person_10,17,,,,,2025-10,2025Q4,2025
2025-10-08 00:02:46.093452,Keyboard,West,Sales_Person_9,6,2000.0,12000.0,7200.0,4800.0,2025-10,2025Q4,2025
2025-10-09 00:02:46.093452,Desktop,West,Sales_Person_6,12,40000.0,480000.0,288000.0,192000.0,2025-10,2025Q4,2025
2025-10-09 00:02:46.093452,Laptop,West,Sales_Person_2,1,50000.0,50000.0,30000.0,20000.0,2025-10,2025Q4,2025
2025-10-09 00:02:46.093452,Keyboard,West,Sales_Person_3,17,2000.0,34000.0,20400.0,13600.0,2025-10,2025Q4,2025
2025-10-09 00:02:46.093452,Keyboard,West,Sales_Person_5,9,2000.0,18000.0,10800.0,7200.0,2025-10,2025Q4,2025
2025-10-09 00:02:46.093452,Desktop,East,Sales_Person_3,10,40000.0,400000.0,240000.0,160000.0,2025-10,2025Q4,2025
2025-10-09 00:02:46.093452,Mosue,Central,Sales_Person_7,14,,,,,2025-10,2025Q4,2025
2025-10-09 00:02:46.093452,Desktop,Central,Sales_Person_5,17,40000.0,680000.0,408000.0,272000.0,2025-10,2025Q4,2025
2025-10-09 00:02:46.093452,Headphone,East,Sales_Person_2,6,,,,,2025-10,2025Q4,2025
2025-10-10 00:02:46.093452,Keyboard,North,Sales_Person_7,8,2000.0,16000.0,9600.0,6400.0,2025-10,2025Q4,2025
2025-10-11 00:02:46.093452,Keyboard,East,Sales_Person_2,3,2000.0,6000.0,3600.0,2400.0,2025-10,2025Q4,2025
2025-10-11 00:02:46.093452,Mosue,South,Sales_Person_6,17,,,,,2025-10,2025Q4,2025
2025-10-11 00:02:46.093452,Headphone,Central,Sales_Person_9,4,,,,,2025-10,2025Q4,2025
2025-10-11 00:02:46.093452,Headphone,North,Sales_Person_2,6,,,,,2025-10,2025Q4,2025
2025-10-11 00:02:46.093452,Monitor,Central,Sales_Person_5,9,15000.0,135000.0,81000.0,54000.0,2025-10,2025Q4,2025
2025-10-11 00:02:46.093452,Mosue,West,Sales_Person_3,6,,,,,2025-10,2025Q4,2025
2025-10-11 00:02:46.093452,Monitor,South,Sales_Person_6,11,15000.0,165000.0,99000.0,66000.0,2025-10,2025Q4,2025
2025-10-11 00:02:46.093452,Mosue,North,Sales_Person_1,15,,,,,2025-10,2025Q4,2025
2025-10-11 00:02:46.093452,Headphone,Central,Sales_Person_4,13,,,,,2025-10,2025Q4,2025
2025-10-11 00:02:46.093452,Laptop,North,Sales_Person_5,17,50000.0,850000.0,510000.0,340000.0,2025-10,2025Q4,2025
2025-10-11 00:02:46.093452,Laptop,West,Sales_Person_1,11,50000.0,550000.0,330000.0,220000.0,2025-10,2025Q4,2025
2025-10-12 00:02:46.093452,Monitor,South,Sales_Person_7,17,15000.0,255000.0,153000.0,102000.0,2025-10,2025Q4,2025
2025-10-12 00:02:46.093452,Monitor,Central,Sales_Person_7,6,15000.0,90000.0,54000.0,36000.0,2025-10,2025Q4,2025
2025-10-13 00:02:46.093452,Desktop,East,Sales_Person_6,5,40000.0,200000.0,120000.0,80000.0,2025-10,2025Q4,2025
2025-10-13 00:02:46.093452,Laptop,West,Sales_Person_5,17,50000.0,850000.0,510000.0,340000.0,2025-10,2025Q4,2025
2025-10-13 00:02:46.093452,Keyboard,West,Sales_Person_6,5,2000.0,10000.0,6000.0,4000.0,2025-10,2025Q4,2025
2025-10-13 00:02:46.093452,Desktop,East,Sales_Person_4,5,40000.0,200000.0,120000.0,80000.0,2025-10,2025Q4,2025
2025-10-14 00:02:46.093452,Headphone,South,Sales_Person_2,14,,,,,2025-10,2025Q4,2025
2025-10-14 00:02:46.093452,Mosue,South,Sales_Person_1,18,,,,,2025-10,2025Q4,2025
2025-10-14 00:02:46.093452,Monitor,West,Sales_Person_5,9,15000.0,135000.0,81000.0,54000.0,2025-10,2025Q4,2025
2025-10-14 00:02:46.093452,Keyboard,Central,Sales_Person_1,9,2000.0,18000.0,10800.0,7200.0,2025-10,2025Q4,2025
2025-10-14 00:02:46.093452,Monitor,West,Sales_Person_1,6,15000.0,90000.0,54000.0,36000.0,2025-10,2025Q4,2025
2025-10-14 00:02:46.093452,Monitor,South,Sales_Person_6,17,15000.0,255000.0,153000.0,102000.0,2025-10,2025Q4,2025
2025-10-14 00:02:46.093452,Headphone,East,Sales_Person_7,12,,,,,2025-10,2025Q4,2025
2025-10-14 00:02:46.093452,Keyboard,North,Sales_Person_7,2,2000.0,4000.0,2400.0,1600.0,2025-10,2025Q4,2025
2025-10-15 00:02:46.093452,Desktop,West,Sales_Person_8,2,40000.0,80000.0,48000.0,32000.0,2025-10,2025Q4,2025
2025-10-15 00:02:46.093452,Monitor,Central,Sales_Person_5,1,15000.0,15000.0,9000.0,6000.0,2025-10,2025Q4,2025
2025-10-15 00:02:46.093452,Keyboard,East,Sales_Person_1,13,2000.0,26000.0,15600.0,10400.0,2025-10,2025Q4,2025
2025-10-15 00:02:46.093452,Desktop,North,Sales_Person_2,2,40000.0,80000.0,48000.0,32000.0,2025-10,2025Q4,2025
2025-10-15 00:02:46.093452,Desktop,North,Sales_Person_3,9,40000.0,360000.0,216000.0,144000.0,2025-10,2025Q4,2025
2025-10-15 00:02:46.093452,Headphone,East,Sales_Person_7,17,,,,,2025-10,2025Q4,2025
2025-10-15 00:02:46.093452,Keyboard,South,Sales_Person_5,10,2000.0,20000.0,12000.0,8000.0,2025-10,2025Q4,2025
2025-10-15 00:02:46.093452,Headphone,North,Sales_Person_2,1,,,,,2025-10,2025Q4,2025
2025-10-16 00:02:46.093452,Keyboard,North,Sales_Person_9,1,2000.0,2000.0,1200.0,800.0,2025-10,2025Q4,2025
2025-10-16 00:02:46.093452,Mosue,South,Sales_Person_5,18,,,,,2025-10,2025Q4,2025
2025-10-16 00:02:46.093452,Keyboard,North,Sales_Person_3,10,2000.0,20000.0,12000.0,8000.0,2025-10,2025Q4,2025
2025-10-16 00:02:46.093452,Monitor,Central,Sales_Person_8,14,15000.0,210000.0,126000.0,84000.0,2025-10,2025Q4,2025
2025-10-17 00:02:46.093452,Mosue,West,Sales_Person_10,17,,,,,2025-10,2025Q4,2025
2025-10-17 00:02:46.093452,Headphone,North,Sales_Person_4,18,,,,,2025-10,2025Q4,2025
2025-10-17 00:02:46.093452,Monitor,West,Sales_Person_2,11,15000.0,165000.0,99000.0,66000.0,2025-10,2025Q4,2025
2025-10-17 00:02:46.093452,Mosue,East,Sales_Person_6,1,,,,,2025-10,2025Q4,2025
2025-10-17 00:02:46.093452,Laptop,North,Sales_Person_3,14,50000.0,700000.0,420000.0,280000.0,2025-10,2025Q4,2025
2025-10-17 00:02:46.093452,Keyboard,North,Sales_Person_10,2,2000.0,4000.0,2400.0,1600.0,2025-10,2025Q4,2025
2025-10-17 00:02:46.093452,Desktop,East,Sales_Person_5,8,40000.0,320000.0,192000.0,128000.0,2025-10,2025Q4,2025
2025-10-17 00:02:46.093452,Monitor,Central,Sales_Person_10,12,15000.0,180000.0,108000.0,72000.0,2025-10,2025Q4,2025
2025-10-18 00:02:46.093452,Keyboard,Central,Sales_Person_9,5,2000.0,10000.0,6000.0,4000.0,2025-10,2025Q4,2025
2025-10-18 00:02:46.093452,Headphone,East,Sales_Person_9,15,,,,,2025-10,2025Q4,2025
2025-10-18 00:02:46.093452,Laptop,Central,Sales_Person_1,7,50000.0,350000.0,210000.0,140000.0,2025-10,2025Q4,2025
2025-10-18 00:02:46.093452,Laptop,South,Sales_Person_2,14,50000.0,700000.0,420000.0,280000.0,2025-10,2025Q4,2025
2025-10-19 00:02:46.093452,Keyboard,West,Sales_Person_2,8,2000.0,16000.0,9600.0,6400.0,2025-10,2025Q4,2025
2025-10-19 00:02:46.093452,Desktop,Central,Sales_Person_3,6,40000.0,240000.0,144000.0,96000.0,2025-10,2025Q4,2025
2025-10-19 00:02:46.093452,Headphone,West,Sales_Person_8,7,,,,,2025-10,2025Q4,2025
2025-10-20 00:02:46.093452,Mosue,South,Sales_Person_2,7,,,,,2025-10,2025Q4,2025
2025-10-20 00:02:46.093452,Desktop,North,Sales_Person_8,10,40000.0,400000.0,240000.0,160000.0,2025-10,2025Q4,2025
2025-10-20 00:02:46.093452,Headphone,West,Sales_Person_9,10,,,,,2025-10,2025Q4,2025
2025-10-20 00:02:46.093452,Desktop,North,Sales_Person_2,5,40000.0,200000.0,120000.0,80000.0,2025-10,2025Q4,2025
2025-10-20 00:02:46.093452,Headphone,South,Sales_Person_4,16,,,,,2025-10,2025Q4,2025
2025-10-20 00:02:46.093452,Headphone,East,Sales_Person_10,4,,,,,2025-10,2025Q4,2025
2025-10-21 00:02:46.093452,Desktop,West,Sales_Person_9,5,40000.0,200000.0,120000.0,80000.0,2025-10,2025Q4,2025
2025-10-21 00:02:46.093452,Mosue,Central,Sales_Person_3,8,,,,,2025-10,2025Q4,2025
2025-10-21 00:02:46.093452,Headphone,Central,Sales_Person_3,10,,,,,2025-10,2025Q4,2025
2025-10-21 00:02:46.093452,Desktop,Central,Sales_Person_4,16,40000.0,640000.0,384000.0,256000.0,2025-10,2025Q4,2025
2025-10-21 00:02:46.093452,Keyboard,Central,Sales_Person_9,16,2000.0,32000.0,19200.0,12800.0,2025-10,2025Q4,2025
2025-10-21 00:02:46.093452,Keyboard,East,Sales_Person_9,17,2000.0,34000.0,20400.0,13600.0,2025-10,2025Q4,2025
2025-10-21 00:02:46.093452,Headphone,South,Sales_Person_7,1,,,,,2025-10,2025Q4,2025
2025-10-22 00:02:46.093452,Headphone,Central,Sales_Person_2,15,,,,,2025-10,2025Q4,2025
2025-10-22 00:02:46.093452,Desktop,West,Sales_Person_6,2,40000.0,80000.0,48000.0,32000.0,2025-10,2025Q4,2025
2025-10-22 00:02:46.093452,Keyboard,North,Sales_Person_5,16,2000.0,32000.0,19200.0,12800.0,2025-10,2025Q4,2025
2025-10-23 00:02:46.093452,Desktop,Central,Sales_Person_9,6,40000.0,240000.0,144000.0,96000.0,2025-10,2025Q4,2025
2025-10-24 00:02:46.093452,Headphone,North,Sales_Person_6,5,,,,,2025-10,2025Q4,2025
2025-10-24 00:02:46.093452,Desktop,Central,Sales_Person_8,16,40000.0,640000.0,384000.0,256000.0,2025-10,2025Q4,2025
2025-10-24 00:02:46.093452,Mosue,East,Sales_Person_6,18,,,,,2025-10,2025Q4,2025
2025-10-24 00:02:46.093452,Mosue,North,Sales_Person_6,5,,,,,2025-10,2025Q4,2025
2025-10-24 00:02:46.093452,Laptop,East,Sales_Person_8,11,50000.0,550000.0,330000.0,220000.0,2025-10,2025Q4,2025
2025-10-25 00:02:46.093452,Keyboard,Central,Sales_Person_4,10,2000.0,20000.0,12000.0,8000.0,2025-10,2025Q4,2025
2025-10-25 00:02:46.093452,Laptop,Central,Sales_Person_10,17,50000.0,850000.0,510000.0,340000.0,2025-10,2025Q4,2025
2025-10-25 00:02:46.093452,Mosue,South,Sales_Person_2,17,,,,,2025-10,2025Q4,2025
2025-10-25 00:02:46.093452,Mosue,North,Sales_Person_7,13,,,,,2025-10,2025Q4,2025
2025-10-25 00:02:46.093452,Mosue,East,Sales_Person_1,7,,,,,2025-10,2025Q4,2025
2025-10-25 00:02:46.093452,Mosue,East,Sales_Person_3,7,,,,,2025-10,2025Q4,2025
2025-10-25 00:02:46.093452,Mosue,West,Sales_Person_2,14,,,,,2025-10,2025Q4,2025
2025-10-25 00:02:46.093452,Keyboard,East,Sales_Person_3,13,2000.0,26000.0,15600.0,10400.0,2025-10,2025Q4,2025
2025-10-27 00:02:46.093452,Mosue,South,Sales_Person_4,7,,,,,2025-10,2025Q4,2025
2025-10-27 00:02:46.093452,Monitor,Central,Sales_Person_10,7,15000.0,105000.0,63000.0,42000.0,2025-10,2025Q4,2025
2025-10-27 00:02:46.093452,Monitor,East,Sales_Person_9,16,15000.0,240000.0,144000.0,96000.0,2025-10,2025Q4,2025
2025-10-27 00:02:46.093452,Keyboard,North,Sales_Person_4,15,2000.0,30000.0,18000.0,12000.0,2025-10,2025Q4,2025
2025-10-27 00:02:46.093452,Monitor,North,Sales_Person_7,14,15000.0,210000.0,126000.0,84000.0,2025-10,2025Q4,2025
2025-10-27 00:02:46.093452,Headphone,East,Sales_Person_8,1,,,,,2025-10,2025Q4,2025
2025-10-28 00:02:46.093452,Desktop,East,Sales_Person_3,18,40000.0,720000.0,432000.0,288000.0,2025-10,2025Q4,2025
2025-10-28 00:02:46.093452,Keyboard,East,Sales_Person_1,1,2000.0,2000.0,1200.0,800.0,2025-10,2025Q4,2025
2025-10-28 00:02:46.093452,Keyboard,West,Sales_Person_3,14,2000.0,28000.0,16800.0,11200.0,2025-10,2025Q4,2025
2025-10-28 00:02:46.093452,Keyboard,West,Sales_Person_5,5,2000.0,10000.0,6000.0,4000.0,2025-10,2025Q4,2025
2025-10-28 00:02:46.093452,Laptop,South,Sales_Person_2,6,50000.0,300000.0,180000.0,120000.0,2025-10,2025Q4,2025
2025-10-28 00:02:46.093452,Keyboard,North,Sales_Person_4,10,2000.0,20000.0,12000.0,8000.0,2025-10,2025Q4,2025
2025-10-29 00:02:46.093452,Keyboard,South,Sales_Person_9,6,2000.0,12000.0,7200.0,4800.0,2025-10,2025Q4,2025
2025-10-29 00:02:46.093452,Monitor,South,Sales_Person_8,18,15000.0,270000.0,162000.0,108000.0,2025-10,2025Q4,2025
2025-10-29 00:02:46.093452,Mosue,Central,Sales_Person_10,11,,,,,2025-10,2025Q4,2025
2025-10-29 00:02:46.093452,Keyboard,West,Sales_Person_5,4,2000.0,8000.0,4800.0,3200.0,2025-10,2025Q4,2025
2025-10-29 00:02:46.093452,Headphone,Central,Sales_Person_8,7,,,,,2025-10,2025Q4,2025
2025-10-29 00:02:46.093452,Monitor,North,Sales_Person_4,3,15000.0,45000.0,27000.0,18000.0,2025-10,2025Q4,2025
2025-10-29 00:02:46.093452,Monitor,East,Sales_Person_8,17,15000.0,255000.0,153000.0,102000.0,2025-10,2025Q4,2025
2025-10-30 00:02:46.093452,Headphone,North,Sales_Person_7,17,,,,,2025-10,2025Q4,2025
2025-10-30 00:02:46.093452,Monitor,Central,Sales_Person_9,8,15000.0,120000.0,72000.0,48000.0,2025-10,2025Q4,2025
2025-10-30 00:02:46.093452,Desktop,North,Sales_Person_2,8,40000.0,320000.0,192000.0,128000.0,2025-10,2025Q4,2025
2025-10-30 00:02:46.093452,Keyboard,Central,Sales_Person_6,14,2000.0,28000.0,16800.0,11200.0,2025-10,2025Q4,2025
2025-10-30 00:02:46.093452,Headphone,South,Sales_Person_9,5,,,,,2025-10,2025Q4,2025
2025-10-30 00:02:46.093452,Headphone,West,Sales_Person_1,4,,,,,2025-10,2025Q4,2025
2025-10-30 00:02:46.093452,Laptop,West,Sales_Person_9,15,50000.0,750000.0,450000.0,300000.0,2025-10,2025Q4,2025
2025-10-31 00:02:46.093452,Headphone,East,Sales_Person_1,8,,,,,2025-10,2025Q4,2025
2025-10-31 00:02:46.093452,Monitor,West,Sales_Person_8,17,15000.0,255000.0,153000.0,102000.0,2025-10,2025Q4,2025
2025-10-31 00:02:46.093452,Mosue,West,Sales_Person_1,6,,,,,2025-10,2025Q4,2025
2025-10-31 00:02:46.093452,Desktop,West,Sales_Person_5,10,40000.0,400000.0,240000.0,160000.0,2025-10,2025Q4,2025
2025-10-31 00:02:46.093452,Monitor,East,Sales_Person_10,14,15000.0,210000.0,126000.0,84000.0,2025-10,2025Q4,2025
2025-10-31 00:02:46.093452,Laptop,South,Sales_Person_7,7,50000.0,350000.0,210000.0,140000.0,2025-10,2025Q4,2025
2025-11-01 00:02:46.093452,Monitor,North,Sales_Person_10,12,15000.0,180000.0,108000.0,72000.0,2025-11,2025Q4,2025
2025-11-01 00:02:46.093452,Desktop,North,Sales_Person_7,12,40000.0,480000.0,288000.0,192000.0,2025-11,2025Q4,2025
2025-11-01 00:02:46.093452,Desktop,North,Sales_Person_4,11,40000.0,440000.0,264000.0,176000.0,2025-11,2025Q4,2025
2025-11-01 00:02:46.093452,Keyboard,West,Sales_Person_3,15,2000.0,30000.0,18000.0,12000.0,2025-11,2025Q4,2025
2025-11-01 00:02:46.093452,Laptop,South,Sales_Person_5,12,50000.0,600000.0,360000.0,240000.0,2025-11,2025Q4,2025
2025-11-02 00:02:46.093452,Headphone,North,Sales_Person_8,13,,,,,2025-11,2025Q4,2025
2025-11-02 00:02:46.093452,Laptop,East,Sales_Person_2,5,50000.0,250000.0,150000.0,100000.0,2025-11,2025Q4,2025
2025-11-02 00:02:46.093452,Keyboard,North,Sales_Person_7,13,2000.0,26000.0,15600.0,10400.0,2025-11,2025Q4,2025
2025-11-02 00:02:46.093452,Laptop,Central,Sales_Person_5,10,50000.0,500000.0,300000.0,200000.0,2025-11,2025Q4,2025
2025-11-03 00:02:46.093452,Mosue,West,Sales_Person_4,1,,,,,2025-11,2025Q4,2025
2025-11-03 00:02:46.093452,Monitor,South,Sales_Person_7,1,15000.0,15000.0,9000.0,6000.0,2025-11,2025Q4,2025
2025-11-03 00:02:46.093452,Keyboard,East,Sales_Person_10,2,2000.0,4000.0,2400.0,1600.0,2025-11,2025Q4,2025
2025-11-04 00:02:46.093452,Headphone,West,Sales_Person_9,12,,,,,2025-11,2025Q4,2025
2025-11-04 00:02:46.093452,Monitor,West,Sales_Person_9,9,15000.0,135000.0,81000.0,54000.0,2025-11,2025Q4,2025
2025-11-04 00:02:46.093452,Desktop,Central,Sales_Person_4,18,40000.0,720000.0,432000.0,288000.0,2025-11,2025Q4,2025
2025-11-04 00:02:46.093452,Keyboard,South,Sales_Person_1,8,2000.0,16000.0,9600.0,6400.0,2025-11,2025Q4,2025
2025-11-04 00:02:46.093452,Desktop,West,Sales_Person_3,11,40000.0,440000.0,264000.0,176000.0,2025-11,2025Q4,2025
2025-11-04 00:02:46.093452,Keyboard,North,Sales_Person_9,2,2000.0,4000.0,2400.0,1600.0,2025-11,2025Q4,2025
2025-11-04 00:02:46.093452,Keyboard,West,Sales_Person_4,16,2000.0,32000.0,19200.0,12800.0,2025-11,2025Q4,2025
2025-11-04 00:02:46.093452,Laptop,West,Sales_Person_8,13,50000.0,650000.0,390000.0,260000.0,2025-11,2025Q4,2025
2025-11-05 00:02:46.093452,Keyboard,East,Sales_Person_6,6,2000.0,12000.0,7200.0,4800.0,2025-11,2025Q4,2025
2025-11-05 00:02:46.093452,Monitor,West,Sales_Person_5,1,15000.0,15000.0,9000.0,6000.0,2025-11,2025Q4,2025
2025-11-05 00:02:46.093452,Laptop,Central,Sales_Person_7,3,50000.0,150000.0,90000.0,60000.0,2025-11,2025Q4,2025
2025-11-06 00:02:46.093452,Monitor,West,Sales_Person_6,18,15000.0,270000.0,162000.0,108000.0,2025-11,2025Q4,2025
2025-11-06 00:02:46.093452,Mosue,East,Sales_Person_1,13,,,,,2025-11,2025Q4,2025
2025-11-06 00:02:46.093452,Desktop,West,Sales_Person_10,19,40000.0,760000.0,456000.0,304000.0,2025-11,2025Q4,2025
2025-11-06 00:02:46.093452,Keyboard,East,Sales_Person_8,14,2000.0,28000.0,16800.0,11200.0,2025-11,2025Q4,2025
2025-11-06 00:02:46.093452,Laptop,North,Sales_Person_8,8,50000.0,400000.0,240000.0,160000.0,2025-11,2025Q4,2025
2025-11-06 00:02:46.093452,Monitor,North,Sales_Person_4,1,15000.0,15000.0,9000.0,6000.0,2025-11,2025Q4,2025
2025-11-06 00:02:46.093452,Desktop,West,Sales_Person_2,13,40000.0,520000.0,312000.0,208000.0,2025-11,2025Q4,2025
2025-11-07 00:02:46.093452,Monitor,South,Sales_Person_3,11,15000.0,165000.0,99000.0,66000.0,2025-11,2025Q4,2025
2025-11-07 00:02:46.093452,Mosue,Central,Sales_Person_5,7,,,,,2025-11,2025Q4,2025
2025-11-07 00:02:46.093452,Desktop,South,Sales_Person_1,1,40000.0,40000.0,24000.0,16000.0,2025-11,2025Q4,2025
2025-11-08 00:02:46.093452,Keyboard,East,Sales_Person_10,17,2000.0,34000.0,20400.0,13600.0,2025-11,2025Q4,2025
2025-11-08 00:02:46.093452,Monitor,Central,Sales_Person_10,2,15000.0,30000.0,18000.0,12000.0,2025-11,2025Q4,2025
2025-11-08 00:02:46.093452,Monitor,East,Sales_Person_2,13,15000.0,195000.0,117000.0,78000.0,2025-11,2025Q4,2025
2025-11-08 00:02:46.093452,Headphone,West,Sales_Person_7,19,,,,,2025-11,2025Q4,2025
2025-11-08 00:02:46.093452,Mosue,East,Sales_Person_6,19,,,,,2025-11,2025Q4,2025
2025-11-08 00:02:46.093452,Keyboard,Central,Sales_Person_9,10,2000.0,20000.0,12000.0,8000.0,2025-11,2025Q4,2025
2025-11-08 00:02:46.093452,Headphone,West,Sales_Person_9,1,,,,,2025-11,2025Q4,2025
2025-11-09 00:02:46.093452,Keyboard,South,Sales_Person_6,5,2000.0,10000.0,6000.0,4000.0,2025-11,2025Q4,2025
2025-11-09 00:02:46.093452,Mosue,North,Sales_Person_5,8,,,,,2025-11,2025Q4,2025
2025-11-09 00:02:46.093452,Monitor,North,Sales_Person_4,4,15000.0,60000.0,36000.0,24000.0,2025-11,2025Q4,2025
2025-11-09 00:02:46.093452,Laptop,South,Sales_Person_9,19,50000.0,950000.0,570000.0,380000.0,2025-11,2025Q4,2025
2025-11-09 00:02:46.093452,Laptop,West,Sales_Person_4,17,50000.0,850000.0,510000.0,340000.0,2025-11,2025Q4,2025
2025-11-09 00:02:46.093452,Keyboard,South,Sales_Person_3,14,2000.0,28000.0,16800.0,11200.0,2025-11,2025Q4,2025
2025-11-09 00:02:46.093452,Mosue,North,Sales_Person_3,13,,,,,2025-11,2025Q4,2025
2025-11-10 00:02:46.093452,Mosue,West,Sales_Person_9,12,,,,,2025-11,2025Q4,2025
2025-11-10 00:02:46.093452,Laptop,North,Sales_Person_3,17,50000.0,850000.0,510000.0,340000.0,2025-11,2025Q4,2025
2025-11-11 00:02:46.093452,Monitor,West,Sales_Person_7,12,15000.0,180000.0,108000.0,72000.0,2025-11,2025Q4,2025
2025-11-11 00:02:46.093452,Laptop,South,Sales_Person_8,11,50000.0,550000.0,330000.0,220000.0,2025-11,2025Q4,2025
2025-11-11 00:02:46.093452,Keyboard,North,Sales_Person_3,6,2000.0,12000.0,7200.0,4800.0,2025-11,2025Q4,2025
2025-11-11 00:02:46.093452,Keyboard,South,Sales_Person_9,18,2000.0,36000.0,21600.0,14400.0,2025-11,2025Q4,2025
2025-11-11 00:02:46.093452,Headphone,Central,Sales_Person_3,2,,,,,2025-11,2025Q4,2025
2025-11-11 00:02:46.093452,Headphone,East,Sales_Person_7,19,,,,,2025-11,2025Q4,2025
2025-11-11 00:02:46.093452,Monitor,South,Sales_Person_2,15,15000.0,225000.0,135000.0,90000.0,2025-11,2025Q4,2025
2025-11-11 00:02:46.093452,Keyboard,South,Sales_Person_1,1,2000.0,2000.0,1200.0,800.0,2025-11,2025Q4,2025
2025-11-11 00:02:46.093452,Desktop,South,Sales_Person_8,3,40000.0,120000.0,72000.0,48000.0,2025-11,2025Q4,2025
2025-11-11 00:02:46.093452,Mosue,East,Sales_Person_9,9,,,,,2025-11,2025Q4,2025
2025-11-11 00:02:46.093452,Desktop,Central,Sales_Person_2,1,40000.0,40000.0,24000.0,16000.0,2025-11,2025Q4,2025
2025-11-12 00:02:46.093452,Keyboard,South,Sales_Person_7,9,2000.0,18000.0,10800.0,7200.0,2025-11,2025Q4,2025
2025-11-12 00:02:46.093452,Keyboard,North,Sales_Person_10,5,2000.0,10000.0,6000.0,4000.0,2025-11,2025Q4,2025
2025-11-12 00:02:46.093452,Laptop,South,Sales_Person_7,13,50000.0,650000.0,390000.0,260000.0,2025-11,2025Q4,2025
2025-11-13 00:02:46.093452,Monitor,South,Sales_Person_1,19,15000.0,285000.0,171000.0,114000.0,2025-11,2025Q4,2025
2025-11-13 00:02:46.093452,Monitor,West,Sales_Person_6,9,15000.0,135000.0,81000.0,54000.0,2025-11,2025Q4,2025
2025-11-13 00:02:46.093452,Keyboard,West,Sales_Person_4,10,2000.0,20000.0,12000.0,8000.0,2025-11,2025Q4,2025
2025-11-13 00:02:46.093452,Mosue,North,Sales_Person_6,12,,,,,2025-11,2025Q4,2025
2025-11-14 00:02:46.093452,Keyboard,East,Sales_Person_5,7,2000.0,14000.0,8400.0,5600.0,2025-11,2025Q4,2025
2025-11-14 00:02:46.093452,Monitor,East,Sales_Person_3,11,15000.0,165000.0,99000.0,66000.0,2025-11,2025Q4,2025
2025-11-14 00:02:46.093452,Monitor,West,Sales_Person_4,16,15000.0,240000.0,144000.0,96000.0,2025-11,2025Q4,2025
2025-11-14 00:02:46.093452,Desktop,North,Sales_Person_2,4,40000.0,160000.0,96000.0,64000.0,2025-11,2025Q4,2025
2025-11-14 00:02:46.093452,Desktop,North,Sales_Person_4,8,40000.0,320000.0,192000.0,128000.0,2025-11,2025Q4,2025
2025-11-14 00:02:46.093452,Headphone,Central,Sales_Person_7,9,,,,,2025-11,2025Q4,2025
2025-11-14 00:02:46.093452,Mosue,Central,Sales_Person_5,15,,,,,2025-11,2025Q4,2025
2025-11-15 00:02:46.093452,Keyboard,West,Sales_Person_3,14,2000.0,28000.0,16800.0,11200.0,2025-11,2025Q4,2025
2025-11-15 00:02:46.093452,Mosue,North,Sales_Person_6,19,,,,,2025-11,2025Q4,2025
2025-11-15 00:02:46.093452,Mosue,West,Sales_Person_7,1,,,,,2025-11,2025Q4,2025
2025-11-15 00:02:46.093452,Desktop,Central,Sales_Person_1,13,40000.0,520000.0,312000.0,208000.0,2025-11,2025Q4,2025
2025-11-15 00:02:46.093452,Monitor,North,Sales_Person_2,17,15000.0,255000.0,153000.0,102000.0,2025-11,2025Q4,2025
2025-11-15 00:02:46.093452,Laptop,North,Sales_Person_9,4,50000.0,200000.0,120000.0,80000.0,2025-11,2025Q4,2025
2025-11-15 00:02:46.093452,Headphone,Central,Sales_Person_3,14,,,,,2025-11,2025Q4,2025
2025-11-15 00:02:46.093452,Keyboard,Central,Sales_Person_9,17,2000.0,34000.0,20400.0,13600.0,2025-11,2025Q4,2025
2025-11-16 00:02:46.093452,Laptop,North,Sales_Person_4,19,50000.0,950000.0,570000.0,380000.0,2025-11,2025Q4,2025
2025-11-16 00:02:46.093452,Monitor,Central,Sales_Person_3,15,15000.0,225000.0,135000.0,90000.0,2025-11,2025Q4,2025
2025-11-16 00:02:46.093452,Headphone,North,Sales_Person_10,16,,,,,2025-11,2025Q4,2025
2025-11-16 00:02:46.093452,Keyboard,North,Sales_Person_7,1,2000.0,2000.0,1200.0,800.0,2025-11,2025Q4,2025
2025-11-17 00:02:46.093452,Desktop,Central,Sales_Person_1,5,40000.0,200000.0,120000.0,80000.0,2025-11,2025Q4,2025
2025-11-17 00:02:46.093452,Headphone,South,Sales_Person_3,9,,,,,2025-11,2025Q4,2025
2025-11-17 00:02:46.093452,Laptop,East,Sales_Person_9,6,50000.0,300000.0,180000.0,120000.0,2025-11,2025Q4,2025
2025-11-17 00:02:46.093452,Keyboard,West,Sales_Person_8,16,2000.0,32000.0,19200.0,12800.0,2025-11,2025Q4,2025
2025-11-17 00:02:46.093452,Mosue,North,Sales_Person_10,11,,,,,2025-11,2025Q4,2025
2025-11-18 00:02:46.093452,Laptop,East,Sales_Person_10,16,50000.0,800000.0,480000.0,320000.0,2025-11,2025Q4,2025
2025-11-18 00:02:46.093452,Monitor,North,Sales_Person_4,5,15000.0,75000.0,45000.0,30000.0,2025-11,2025Q4,2025
2025-11-18 00:02:46.093452,Headphone,South,Sales_Person_1,13,,,,,2025-11,2025Q4,2025
2025-11-18 00:02:46.093452,Desktop,East,Sales_Person_6,10,40000.0,400000.0,240000.0,160000.0,2025-11,2025Q4,2025
2025-11-18 00:02:46.093452,Desktop,East,Sales_Person_7,5,40000.0,200000.0,120000.0,80000.0,2025-11,2025Q4,2025
2025-11-18 00:02:46.093452,Laptop,North,Sales_Person_9,13,50000.0,650000.0,390000.0,260000.0,2025-11,2025Q4,2025
2025-11-19 00:02:46.093452,Keyboard,West,Sales_Person_10,19,2000.0,38000.0,22800.0,15200.0,2025-11,2025Q4,2025
2025-11-19 00:02:46.093452,Monitor,South,Sales_Person_5,2,15000.0,30000.0,18000.0,12000.0,2025-11,2025Q4,2025
2025-11-19 00:02:46.093452,Mosue,Central,Sales_Person_2,18,,,,,2025-11,2025Q4,2025
2025-11-20 00:02:46.093452,Desktop,North,Sales_Person_5,2,40000.0,80000.0,48000.0,32000.0,2025-11,2025Q4,2025
2025-11-20 00:02:46.093452,Desktop,Central,Sales_Person_10,3,40000.0,120000.0,72000.0,48000.0,2025-11,2025Q4,2025
2025-11-20 00:02:46.093452,Laptop,Central,Sales_Person_9,16,50000.0,800000.0,480000.0,320000.0,2025-11,2025Q4,2025
2025-11-20 00:02:46.093452,Mosue,South,Sales_Person_1,2,,,,,2025-11,2025Q4,2025
2025-11-20 00:02:46.093452,Mosue,East,Sales_Person_9,5,,,,,2025-11,2025Q4,2025
2025-11-20 00:02:46.093452,Keyboard,South,Sales_Person_3,8,2000.0,16000.0,9600.0,6400.0,2025-11,2025Q4,2025
2025-11-20 00:02:46.093452,Keyboard,East,Sales_Person_9,19,2000.0,38000.0,22800.0,15200.0,2025-11,2025Q4,2025
2025-11-21 00:02:46.093452,Laptop,West,Sales_Person_6,1,50000.0,50000.0,30000.0,20000.0,2025-11,2025Q4,2025
2025-11-21 00:02:46.093452,Mosue,East,Sales_Person_2,11,,,,,2025-11,2025Q4,2025
2025-11-21 00:02:46.093452,Desktop,Central,Sales_Person_3,11,40000.0,440000.0,264000.0,176000.0,2025-11,2025Q4,2025
2025-11-21 00:02:46.093452,Headphone,North,Sales_Person_4,14,,,,,2025-11,2025Q4,2025
2025-11-21 00:02:46.093452,Desktop,West,Sales_Person_5,8,40000.0,320000.0,192000.0,128000.0,2025-11,2025Q4,2025
2025-11-22 00:02:46.093452,Monitor,Central,Sales_Person_6,11,15000.0,165000.0,99000.0,66000.0,2025-11,2025Q4,2025
2025-11-22 00:02:46.093452,Laptop,Central,Sales_Person_7,12,50000.0,600000.0,360000.0,240000.0,2025-11,2025Q4,2025
2025-11-22 00:02:46.093452,Headphone,East,Sales_Person_2,5,,,,,2025-11,2025Q4,2025
2025-11-22 00:02:46.093452,Mosue,South,Sales_Person_5,13,,,,,2025-11,2025Q4,2025
2025-11-23 00:02:46.093452,Headphone,Central,Sales_Person_10,14,,,,,2025-11,2025Q4,2025
2025-11-24 00:02:46.093452,Mosue,West,Sales_Person_9,17,,,,,2025-11,2025Q4,2025
2025-11-24 00:02:46.093452,Desktop,West,Sales_Person_2,12,40000.0,480000.0,288000.0,192000.0,2025-11,2025Q4,2025
2025-11-24 00:02:46.093452,Keyboard,North,Sales_Person_5,5,2000.0,10000.0,6000.0,4000.0,2025-11,2025Q4,2025
2025-11-24 00:02:46.093452,Laptop,East,Sales_Person_5,4,50000.0,200000.0,120000.0,80000.0,2025-11,2025Q4,2025
2025-11-24 00:02:46.093452,Desktop,East,Sales_Person_1,12,40000.0,480000.0,288000.0,192000.0,2025-11,2025Q4,2025
2025-11-24 00:02:46.093452,Desktop,West,Sales_Person_5,4,40000.0,160000.0,96000.0,64000.0,2025-11,2025Q4,2025
2025-11-24 00:02:46.093452,Monitor,West,Sales_Person_6,12,15000.0,180000.0,108000.0,72000.0,2025-11,2025Q4,2025
2025-11-25 00:02:46.093452,Keyboard,North,Sales_Person_5,8,2000.0,16000.0,9600.0,6400.0,2025-11,2025Q4,2025
2025-11-25 00:02:46.093452,Headphone,North,Sales_Person_2,16,,,,,2025-11,2025Q4,2025
2025-11-25 00:02:46.093452,Mosue,East,Sales_Person_3,17,,,,,2025-11,2025Q4,2025
2025-11-26 00:02:46.093452,Monitor,West,Sales_Person_1,15,15000.0,225000.0,135000.0,90000.0,2025-11,2025Q4,2025
2025-11-26 00:02:46.093452,Desktop,East,Sales_Person_1,8,40000.0,320000.0,192000.0,128000.0,2025-11,2025Q4,2025
2025-11-27 00:02:46.093452,Headphone,East,Sales_Person_1,12,,,,,2025-11,2025Q4,2025
2025-11-27 00:02:46.093452,Keyboard,West,Sales_Person_9,13,2000.0,26000.0,15600.0,10400.0,2025-11,2025Q4,2025
2025-11-27 00:02:46.093452,Headphone,East,Sales_Person_1,8,,,,,2025-11,2025Q4,2025
2025-11-27 00:02:46.093452,Keyboard,North,Sales_Person_4,16,2000.0,32000.0,19200.0,12800.0,2025-11,2025Q4,2025
2025-11-27 00:02:46.093452,Desktop,Central,Sales_Person_9,8,40000.0,320000.0,192000.0,128000.0,2025-11,2025Q4,2025
2025-11-27 00:02:46.093452,Desktop,East,Sales_Person_9,15,40000.0,600000.0,360000.0,240000.0,2025-11,2025Q4,2025
2025-11-27 00:02:46.093452,Desktop,West,Sales_Person_3,9,40000.0,360000.0,216000.0,144000.0,2025-11,2025Q4,2025
2025-11-28 00:02:46.093452,Laptop,South,Sales_Person_7,11,50000.0,550000.0,330000.0,220000.0,2025-11,2025Q4,2025
2025-11-28 00:02:46.093452,Keyboard,East,Sales_Person_4,10,2000.0,20000.0,12000.0,8000.0,2025-11,2025Q4,2025
2025-11-28 00:02:46.093452,Headphone,South,Sales_Person_1,7,,,,,2025-11,2025Q4,2025
2025-11-28 00:02:46.093452,Keyboard,East,Sales_Person_6,10,2000.0,20000.0,12000.0,8000.0,2025-11,2025Q4,2025
2025-11-29 00:02:46.093452,Laptop,North,Sales_Person_2,5,50000.0,250000.0,150000.0,100000.0,2025-11,2025Q4,2025
2025-11-29 00:02:46.093452,Laptop,South,Sales_Person_7,5,50000.0,250000.0,150000.0,100000.0,2025-11,2025Q4,2025
2025-11-29 00:02:46.093452,Mosue,East,Sales_Person_7,1,,,,,2025-11,2025Q4,2025
2025-11-29 00:02:46.093452,Monitor,South,Sales_Person_10,1,15000.0,15000.0,9000.0,6000.0,2025-11,2025Q4,2025
2025-11-29 00:02:46.093452,Headphone,West,Sales_Person_2,7,,,,,2025-11,2025Q4,2025
2025-11-29 00:02:46.093452,Headphone,Central,Sales_Person_5,17,,,,,2025-11,2025Q4,2025
2025-11-29 00:02:46.093452,Desktop,North,Sales_Person_1,13,40000.0,520000.0,312000.0,208000.0,2025-11,2025Q4,2025
2025-11-30 00:02:46.093452,Keyboard,South,Sales_Person_1,1,2000.0,2000.0,1200.0,800.0,2025-11,2025Q4,2025
2025-11-30 00:02:46.093452,Keyboard,South,Sales_Person_4,15,2000.0,30000.0,18000.0,12000.0,2025-11,2025Q4,2025
2025-11-30 00:02:46.093452,Keyboard,East,Sales_Person_10,6,2000.0,12000.0,7200.0,4800.0,2025-11,2025Q4,2025
2025-11-30 00:02:46.093452,Mosue,North,Sales_Person_4,2,,,,,2025-11,2025Q4,2025
2025-11-30 00:02:46.093452,Keyboard,North,Sales_Person_5,16,2000.0,32000.0,19200.0,12800.0,2025-11,2025Q4,2025
2025-11-30 00:02:46.093452,Keyboard,North,Sales_Person_10,14,2000.0,28000.0,16800.0,11200.0,2025-11,2025Q4,2025
2025-12-01 00:02:46.093452,Keyboard,North,Sales_Person_2,4,2000.0,8000.0,4800.0,3200.0,2025-12,2025Q4,2025
2025-12-01 00:02:46.093452,Desktop,East,Sales_Person_10,11,40000.0,440000.0,264000.0,176000.0,2025-12,2025Q4,2025
2025-12-01 00:02:46.093452,Keyboard,Central,Sales_Person_1,9,2000.0,18000.0,10800.0,7200.0,2025-12,2025Q4,2025
2025-12-01 00:02:46.093452,Keyboard,East,Sales_Person_6,16,2000.0,32000.0,19200.0,12800.0,2025-12,2025Q4,2025
2025-12-01 00:02:46.093452,Headphone,East,Sales_Person_8,4,,,,,2025-12,2025Q4,2025
2025-12-01 00:02:46.093452,Desktop,North,Sales_Person_3,13,40000.0,520000.0,312000.0,208000.0,2025-12,2025Q4,2025
2025-12-02 00:02:46.093452,Desktop,Central,Sales_Person_5,14,40000.0,560000.0,336000.0,224000.0,2025-12,2025Q4,2025
2025-12-02 00:02:46.093452,Keyboard,Central,Sales_Person_10,8,2000.0,16000.0,9600.0,6400.0,2025-12,2025Q4,2025
2025-12-02 00:02:46.093452,Headphone,North,Sales_Person_10,3,,,,,2025-12,2025Q4,2025
2025-12-02 00:02:46.093452,Mosue,South,Sales_Person_3,5,,,,,2025-12,2025Q4,2025
2025-12-02 00:02:46.093452,Mosue,West,Sales_Person_2,17,,,,,2025-12,2025Q4,2025
2025-12-02 00:02:46.093452,Desktop,Central,Sales_Person_5,18,40000.0,720000.0,432000.0,288000.0,2025-12,2025Q4,2025
2025-12-02 00:02:46.093452,Keyboard,West,Sales_Person_2,6,2000.0,12000.0,7200.0,4800.0,2025-12,2025Q4,2025
2025-12-02 00:02:46.093452,Desktop,Central,Sales_Person_6,14,40000.0,560000.0,336000.0,224000.0,2025-12,2025Q4,2025
2025-12-02 00:02:46.093452,Laptop,South,Sales_Person_9,1,50000.0,50000.0,30000.0,20000.0,2025-12,2025Q4,2025
2025-12-03 00:02:46.093452,Mosue,North,Sales_Person_8,3,,,,,2025-12,2025Q4,2025
2025-12-03 00:02:46.093452,Keyboard,South,Sales_Person_6,12,2000.0,24000.0,14400.0,9600.0,2025-12,2025Q4,2025
2025-12-03 00:02:46.093452,Headphone,South,Sales_Person_4,4,,,,,2025-12,2025Q4,2025
2025-12-03 00:02:46.093452,Monitor,West,Sales_Person_7,14,15000.0,210000.0,126000.0,84000.0,2025-12,2025Q4,2025
2025-12-03 00:02:46.093452,Laptop,North,Sales_Person_2,3,50000.0,150000.0,90000.0,60000.0,2025-12,2025Q4,2025
2025-12-03 00:02:46.093452,Headphone,Central,Sales_Person_4,4,,,,,2025-12,2025Q4,2025
2025-12-03 00:02:46.093452,Keyboard,North,Sales_Person_8,16,2000.0,32000.0,19200.0,12800.0,2025-12,2025Q4,2025
2025-12-04 00:02:46.093452,Keyboard,Central,Sales_Person_2,13,2000.0,26000.0,15600.0,10400.0,2025-12,2025Q4,2025
2025-12-04 00:02:46.093452,Headphone,East,Sales_Person_7,19,,,,,2025-12,2025Q4,2025
2025-12-04 00:02:46.093452,Desktop,North,Sales_Person_1,13,40000.0,520000.0,312000.0,208000.0,2025-12,2025Q4,2025
2025-12-05 00:02:46.093452,Mosue,West,Sales_Person_6,11,,,,,2025-12,2025Q4,2025
2025-12-05 00:02:46.093452,Desktop,Central,Sales_Person_10,4,40000.0,160000.0,96000.0,64000.0,2025-12,2025Q4,2025
2025-12-05 00:02:46.093452,Headphone,South,Sales_Person_2,4,,,,,2025-12,2025Q4,2025
2025-12-05 00:02:46.093452,Headphone,South,Sales_Person_2,13,,,,,2025-12,2025Q4,2025
2025-12-05 00:02:46.093452,Headphone,North,Sales_Person_6,12,,,,,2025-12,2025Q4,2025
2025-12-05 00:02:46.093452,Monitor,South,Sales_Person_7,19,15000.0,285000.0,171000.0,114000.0,2025-12,2025Q4,2025
2025-12-05 00:02:46.093452,Headphone,East,Sales_Person_1,11,,,,,2025-12,2025Q4,2025
2025-12-05 00:02:46.093452,Headphone,South,Sales_Person_2,10,,,,,2025-12,2025Q4,2025
2025-12-05 00:02:46.093452,Monitor,West,Sales_Person_10,10,15000.0,150000.0,90000.0,60000.0,2025-12,2025Q4,2025
2025-12-05 00:02:46.093452,Laptop,East,Sales_Person_2,17,50000.0,850000.0,510000.0,340000.0,2025-12,2025Q4,2025
2025-12-06 00:02:46.093452,Mosue,East,Sales_Person_1,13,,,,,2025-12,2025Q4,2025
2025-12-06 00:02:46.093452,Headphone,East,Sales_Person_8,6,,,,,2025-12,2025Q4,2025
2025-12-06 00:02:46.093452,Mosue,South,Sales_Person_4,1,,,,,2025-12,2025Q4,2025
2025-12-06 00:02:46.093452,Desktop,West,Sales_Person_5,17,40000.0,680000.0,408000.0,272000.0,2025-12,2025Q4,2025
2025-12-06 00:02:46.093452,Mosue,East,Sales_Person_8,10,,,,,2025-12,2025Q4,2025
2025-12-06 00:02:46.093452,Headphone,North,Sales_Person_2,5,,,,,2025-12,2025Q4,2025
2025-12-06 00:02:46.093452,Headphone,South,Sales_Person_3,5,,,,,2025-12,2025Q4,2025
2025-12-06 00:02:46.093452,Monitor,North,Sales_Person_9,7,15000.0,105000.0,63000.0,42000.0,2025-12,2025Q4,2025
2025-12-06 00:02:46.093452,Desktop,North,Sales_Person_3,19,40000.0,760000.0,456000.0,304000.0,2025-12,2025Q4,2025
2025-12-06 00:02:46.093452,Desktop,East,Sales_Person_8,5,40000.0,200000.0,120000.0,80000.0,2025-12,2025Q4,2025
2025-12-06 00:02:46.093452,Desktop,East,Sales_Person_10,2,40000.0,80000.0,48000.0,32000.0,2025-12,2025Q4,2025
2025-12-07 00:02:46.093452,Headphone,North,Sales_Person_7,15,,,,,2025-12,2025Q4,2025
2025-12-07 00:02:46.093452,Mosue,South,Sales_Person_6,5,,,,,2025-12,2025Q4,2025
2025-12-08 00:02:46.093452,Mosue,Central,Sales_Person_4,8,,,,,2025-12,2025Q4,2025
2025-12-08 00:02:46.093452,Keyboard,North,Sales_Person_3,12,2000.0,24000.0,14400.0,9600.0,2025-12,2025Q4,2025
2025-12-08 00:02:46.093452,Monitor,South,Sales_Person_5,16,15000.0,240000.0,144000.0,96000.0,2025-12,2025Q4,2025
2025-12-08 00:02:46.093452,Keyboard,South,Sales_Person_1,10,2000.0,20000.0,12000.0,8000.0,2025-12,2025Q4,2025
2025-12-09 00:02:46.093452,Monitor,North,Sales_Person_5,16,15000.0,240000.0,144000.0,96000.0,2025-12,2025Q4,2025
2025-12-09 00:02:46.093452,Mosue,East,Sales_Person_7,13,,,,,2025-12,2025Q4,2025
2025-12-09 00:02:46.093452,Laptop,Central,Sales_Person_2,12,50000.0,600000.0,360000.0,240000.0,2025-12,2025Q4,2025
2025-12-09 00:02:46.093452,Laptop,Central,Sales_Person_6,18,50000.0,900000.0,540000.0,360000.0,2025-12,2025Q4,2025
2025-12-10 00:02:46.093452,Desktop,North,Sales_Person_3,4,40000.0,160000.0,96000.0,64000.0,2025-12,2025Q4,2025
2025-12-10 00:02:46.093452,Keyboard,East,Sales_Person_5,8,2000.0,16000.0,9600.0,6400.0,2025-12,2025Q4,2025
2025-12-10 00:02:46.093452,Laptop,South,Sales_Person_7,5,50000.0,250000.0,150000.0,100000.0,2025-12,2025Q4,2025
2025-12-10 00:02:46.093452,Monitor,West,Sales_Person_3,12,15000.0,180000.0,108000.0,72000.0,2025-12,2025Q4,2025
2025-12-10 00:02:46.093452,Keyboard,South,Sales_Person_3,13,2000.0,26000.0,15600.0,10400.0,2025-12,2025Q4,2025
2025-12-10 00:02:46.093452,Mosue,East,Sales_Person_1,2,,,,,2025-12,2025Q4,2025
2025-12-10 00:02:46.093452,Headphone,Central,Sales_Person_8,4,,,,,2025-12,2025Q4,2025
2025-12-10 00:02:46.093452,Monitor,South,Sales_Person_1,2,15000.0,30000.0,18000.0,12000.0,2025-12,2025Q4,2025
2025-12-10 00:02:46.093452,Laptop,West,Sales_Person_10,19,50000.0,950000.0,570000.0,380000.0,2025-12,2025Q4,2025
2025-12-10 00:02:46.093452,Laptop,Central,Sales_Person_10,12,50000.0,600000.0,360000.0,240000.0,2025-12,2025Q4,2025
2025-12-11 00:02:46.093452,Laptop,East,Sales_Person_5,5,50000.0,250000.0,150000.0,100000.0,2025-12,2025Q4,2025
2025-12-11 00:02:46.093452,Laptop,East,Sales_Person_3,2,50000.0,100000.0,60000.0,40000.0,2025-12,2025Q4,2025
2025-12-11 00:02:46.093452,Keyboard,South,Sales_Person_4,16,2000.0,32000.0,19200.0,12800.0,2025-12,2025Q4,2025
2025-12-11 00:02:46.093452,Headphone,Central,Sales_Person_4,2,,,,,2025-12,2025Q4,2025
2025-12-11 00:02:46.093452,Mosue,South,Sales_Person_9,17,,,,,2025-12,2025Q4,2025
2025-12-11 00:02:46.093452,Headphone,South,Sales_Person_7,6,,,,,2025-12,2025Q4,2025
2025-12-12 00:02:46.093452,Desktop,East,Sales_Person_9,10,40000.0,400000.0,240000.0,160000.0,2025-12,2025Q4,2025
2025-12-12 00:02:46.093452,Desktop,East,Sales_Person_6,16,40000.0,640000.0,384000.0,256000.0,2025-12,2025Q4,2025
2025-12-12 00:02:46.093452,Desktop,Central,Sales_Person_4,17,40000.0,680000.0,408000.0,272000.0,2025-12,2025Q4,2025
2025-12-12 00:02:46.093452,Laptop,North,Sales_Person_9,9,50000.0,450000.0,270000.0,180000.0,2025-12,2025Q4,2025
2025-12-12 00:02:46.093452,Laptop,West,Sales_Person_4,17,50000.0,850000.0,510000.0,340000.0,2025-12,2025Q4,2025
2025-12-12 00:02:46.093452,Monitor,Central,Sales_Person_4,1,15000.0,15000.0,9000.0,6000.0,2025-12,2025Q4,2025
2025-12-13 00:02:46.093452,Mosue,East,Sales_Person_6,12,,,,,2025-12,2025Q4,2025
2025-12-13 00:02:46.093452,Keyboard,South,Sales_Person_9,5,2000.0,10000.0,6000.0,4000.0,2025-12,2025Q4,2025
2025-12-13 00:02:46.093452,Laptop,North,Sales_Person_10,6,50000.0,300000.0,180000.0,120000.0,2025-12,2025Q4,2025
2025-12-13 00:02:46.093452,Monitor,South,Sales_Person_2,18,15000.0,270000.0,162000.0,108000.0,2025-12,2025Q4,2025
2025-12-13 00:02:46.093452,Keyboard,North,Sales_Person_8,1,2000.0,2000.0,1200.0,800.0,2025-12,2025Q4,2025
2025-12-13 00:02:46.093452,Desktop,West,Sales_Person_3,8,40000.0,320000.0,192000.0,128000.0,2025-12,2025Q4,2025
2025-12-14 00:02:46.093452,Laptop,North,Sales_Person_3,12,50000.0,600000.0,360000.0,240000.0,2025-12,2025Q4,2025
2025-12-14 00:02:46.093452,Keyboard,East,Sales_Person_9,11,2000.0,22000.0,13200.0,8800.0,2025-12,2025Q4,2025
2025-12-15 00:02:46.093452,Desktop,East,Sales_Person_4,4,40000.0,160000.0,96000.0,64000.0,2025-12,2025Q4,2025
2025-12-15 00:02:46.093452,Monitor,East,Sales_Person_3,1,15000.0,15000.0,9000.0,6000.0,2025-12,2025Q4,2025
2025-12-16 00:02:46.093452,Desktop,South,Sales_Person_4,8,40000.0,320000.0,192000.0,128000.0,2025-12,2025Q4,2025
2025-12-16 00:02:46.093452,Mosue,West,Sales_Person_5,15,,,,,2025-12,2025Q4,2025
2025-12-17 00:02:46.093452,Laptop,North,Sales_Person_5,13,50000.0,650000.0,390000.0,260000.0,2025-12,2025Q4,2025
2025-12-17 00:02:46.093452,Keyboard,South,Sales_Person_8,4,2000.0,8000.0,4800.0,3200.0,2025-12,2025Q4,2025
2025-12-17 00:02:46.093452,Laptop,Central,Sales_Person_5,16,50000.0,800000.0,480000.0,320000.0,2025-12,2025Q4,2025
2025-12-18 00:02:46.093452,Mosue,North,Sales_Person_3,16,,,,,2025-12,2025Q4,2025
2025-12-18 00:02:46.093452,Desktop,North,Sales_Person_5,18,40000.0,720000.0,432000.0,288000.0,2025-12,2025Q4,2025
2025-12-18 00:02:46.093452,Mosue,North,Sales_Person_9,7,,,,,2025-12,2025Q4,2025
2025-12-18 00:02:46.093452,Laptop,South,Sales_Person_8,3,50000.0,150000.0,90000.0,60000.0,2025-12,2025Q4,2025
2025-12-18 00:02:46.093452,Headphone,South,Sales_Person_1,13,,,,,2025-12,2025Q4,2025
2025-12-18 00:02:46.093452,Laptop,North,Sales_Person_5,6,50000.0,300000.0,180000.0,120000.0,2025-12,2025Q4,2025
2025-12-18 00:02:46.093452,Mosue,Central,Sales_Person_6,14,,,,,2025-12,2025Q4,2025
2025-12-18 00:02:46.093452,Headphone,Central,Sales_Person_4,12,,,,,2025-12,2025Q4,2025
2025-12-19 00:02:46.093452,Monitor,South,Sales_Person_6,7,15000.0,105000.0,63000.0,42000.0,2025-12,2025Q4,2025
2025-12-19 00:02:46.093452,Keyboard,North,Sales_Person_5,3,2000.0,6000.0,3600.0,2400.0,2025-12,2025Q4,2025
2025-12-19 00:02:46.093452,Headphone,North,Sales_Person_8,15,,,,,2025-12,2025Q4,2025
2025-12-19 00:02:46.093452,Mosue,East,Sales_Person_2,19,,,,,2025-12,2025Q4,2025
2025-12-19 00:02:46.093452,Desktop,Central,Sales_Person_1,11,40000.0,440000.0,264000.0,176000.0,2025-12,2025Q4,2025
2025-12-19 00:02:46.093452,Headphone,East,Sales_Person_7,15,,,,,2025-12,2025Q4,2025
2025-12-19 00:02:46.093452,Headphone,Central,Sales_Person_3,7,,,,,2025-12,2025Q4,2025
2025-12-20 00:02:46.093452,Desktop,East,Sales_Person_7,10,40000.0,400000.0,240000.0,160000.0,2025-12,2025Q4,2025
2025-12-20 00:02:46.093452,Mosue,Central,Sales_Person_10,1,,,,,2025-12,2025Q4,2025
2025-12-20 00:02:46.093452,Monitor,North,Sales_Person_1,11,15000.0,165000.0,99000.0,66000.0,2025-12,2025Q4,2025
2025-12-20 00:02:46.093452,Mosue,Central,Sales_Person_1,5,,,,,2025-12,2025Q4,2025
2025-12-20 00:02:46.093452,Keyboard,Central,Sales_Person_3,15,2000.0,30000.0,18000.0,12000.0,2025-12,2025Q4,2025
2025-12-20 00:02:46.093452,Headphone,South,Sales_Person_9,9,,,,,2025-12,2025Q4,2025
2025-12-20 00:02:46.093452,Mosue,South,Sales_Person_7,15,,,,,2025-12,2025Q4,2025
2025-12-20 00:02:46.093452,Keyboard,East,Sales_Person_7,5,2000.0,10000.0,6000.0,4000.0,2025-12,2025Q4,2025
2025-12-20 00:02:46.093452,Keyboard,North,Sales_Person_8,2,2000.0,4000.0,2400.0,1600.0,2025-12,2025Q4,2025
2025-12-20 00:02:46.093452,Desktop,Central,Sales_Person_4,15,40000.0,600000.0,360000.0,240000.0,2025-12,2025Q4,2025
2025-12-21 00:02:46.093452,Keyboard,North,Sales_Person_7,14,2000.0,28000.0,16800.0,11200.0,2025-12,2025Q4,2025
2025-12-21 00:02:46.093452,Monitor,Central,Sales_Person_10,2,15000.0,30000.0,18000.0,12000.0,2025-12,2025Q4,2025
2025-12-21 00:02:46.093452,Keyboard,East,Sales_Person_9,7,2000.0,14000.0,8400.0,5600.0,2025-12,2025Q4,2025
2025-12-21 00:02:46.093452,Desktop,South,Sales_Person_3,2,40000.0,80000.0,48000.0,32000.0,2025-12,2025Q4,2025
2025-12-21 00:02:46.093452,Keyboard,North,Sales_Person_10,4,2000.0,8000.0,4800.0,3200.0,2025-12,2025Q4,2025
2025-12-21 00:02:46.093452,Desktop,South,Sales_Person_4,11,40000.0,440000.0,264000.0,176000.0,2025-12,2025Q4,2025
2025-12-22 00:02:46.093452,Mosue,North,Sales_Person_5,2,,,,,2025-12,2025Q4,2025
2025-12-22 00:02:46.093452,Mosue,South,Sales_Person_7,4,,,,,2025-12,2025Q4,2025
2025-12-22 00:02:46.093452,Monitor,Central,Sales_Person_1,2,15000.0,30000.0,18000.0,12000.0,2025-12,2025Q4,2025
2025-12-22 00:02:46.093452,Laptop,West,Sales_Person_6,12,50000.0,600000.0,360000.0,240000.0,2025-12,2025Q4,2025
2025-12-22 00:02:46.093452,Headphone,North,Sales_Person_4,11,,,,,2025-12,2025Q4,2025
2025-12-22 00:02:46.093452,Desktop,South,Sales_Person_4,13,40000.0,520000.0,312000.0,208000.0,2025-12,2025Q4,2025
2025-12-22 00:02:46.093452,Mosue,South,Sales_Person_3,19,,,,,2025-12,2025Q4,2025
2025-12-22 00:02:46.093452,Monitor,South,Sales_Person_7,1,15000.0,15000.0,9000.0,6000.0,2025-12,2025Q4,2025
2025-12-23 00:02:46.093452,Laptop,North,Sales_Person_9,14,50000.0,700000.0,420000.0,280000.0,2025-12,2025Q4,2025
2025-12-23 00:02:46.093452,Mosue,West,Sales_Person_7,18,,,,,2025-12,2025Q4,2025
2025-12-23 00:02:46.093452,Desktop,North,Sales_Person_4,2,40000.0,80000.0,48000.0,32000.0,2025-12,2025Q4,2025
2025-12-23 00:02:46.093452,Desktop,West,Sales_Person_8,1,40000.0,40000.0,24000.0,16000.0,2025-12,2025Q4,2025
2025-12-24 00:02:46.093452,Keyboard,West,Sales_Person_2,19,2000.0,38000.0,22800.0,15200.0,2025-12,2025Q4,2025
2025-12-24 00:02:46.093452,Headphone,Central,Sales_Person_1,1,,,,,2025-12,2025Q4,2025
2025-12-24 00:02:46.093452,Monitor,East,Sales_Person_8,16,15000.0,240000.0,144000.0,96000.0,2025-12,2025Q4,2025
2025-12-24 00:02:46.093452,Mosue,Central,Sales_Person_9,18,,,,,2025-12,2025Q4,2025
2025-12-25 00:02:46.093452,Keyboard,West,Sales_Person_10,10,2000.0,20000.0,12000.0,8000.0,2025-12,2025Q4,2025
2025-12-25 00:02:46.093452,Desktop,South,Sales_Person_8,16,40000.0,640000.0,384000.0,256000.0,2025-12,2025Q4,2025
2025-12-25 00:02:46.093452,Desktop,Central,Sales_Person_1,5,40000.0,200000.0,120000.0,80000.0,2025-12,2025Q4,2025
2025-12-26 00:02:46.093452,Mosue,West,Sales_Person_8,13,,,,,2025-12,2025Q4,2025
2025-12-26 00:02:46.093452,Mosue,North,Sales_Person_7,6,,,,,2025-12,2025Q4,2025
2025-12-26 00:02:46.093452,Headphone,East,Sales_Person_1,7,,,,,2025-12,2025Q4,2025
2025-12-26 00:02:46.093452,Monitor,North,Sales_Person_6,18,15000.0,270000.0,162000.0,108000.0,2025-12,2025Q4,2025
2025-12-26 00:02:46.093452,Desktop,Central,Sales_Person_6,4,40000.0,160000.0,96000.0,64000.0,2025-12,2025Q4,2025
2025-12-26 00:02:46.093452,Laptop,East,Sales_Person_8,9,50000.0,450000.0,270000.0,180000.0,2025-12,2025Q4,2025
2025-12-27 00:02:46.093452,Desktop,West,Sales_Person_10,19,40000.0,760000.0,456000.0,304000.0,2025-12,2025Q4,2025
2025-12-27 00:02:46.093452,Desktop,South,Sales_Person_10,3,40000.0,120000.0,72000.0,48000.0,2025-12,2025Q4,2025
2025-12-27 00:02:46.093452,Laptop,Central,Sales_Person_9,12,50000.0,600000.0,360000.0,240000.0,2025-12,2025Q4,2025
2025-12-27 00:02:46.093452,Mosue,West,Sales_Person_10,15,,,,,2025-12,2025Q4,2025
2025-12-27 00:02:46.093452,Keyboard,Central,Sales_Person_3,5,2000.0,10000.0,6000.0,4000.0,2025-12,2025Q4,2025
2025-12-27 00:02:46.093452,Laptop,North,Sales_Person_7,15,50000.0,750000.0,450000.0,300000.0,2025-12,2025Q4,2025
2025-12-28 00:02:46.093452,Laptop,Central,Sales_Person_1,16,50000.0,800000.0,480000.0,320000.0,2025-12,2025Q4,2025
2025-12-28 00:02:46.093452,Keyboard,North,Sales_Person_4,1,2000.0,2000.0,1200.0,800.0,2025-12,2025Q4,2025
2025-12-28 00:02:46.093452,Laptop,North,Sales_Person_7,16,50000.0,800000.0,480000.0,320000.0,2025-12,2025Q4,2025
2025-12-28 00:02:46.093452,Desktop,South,Sales_Person_4,9,40000.0,360000.0,216000.0,144000.0,2025-12,2025Q4,2025
2025-12-28 00:02:46.093452,Keyboard,East,Sales_Person_2,1,2000.0,2000.0,1200.0,800.0,2025-12,2025Q4,2025
2025-12-28 00:02:46.093452,Laptop,East,Sales_Person_9,9,50000.0,450000.0,270000.0,180000.0,2025-12,2025Q4,2025
2025-12-29 00:02:46.093452,Laptop,East,Sales_Person_9,18,50000.0,900000.0,540000.0,360000.0,2025-12,2025Q4,2025
2025-12-29 00:02:46.093452,Desktop,East,Sales_Person_2,3,40000.0,120000.0,72000.0,48000.0,2025-12,2025Q4,2025
2025-12-29 00:02:46.093452,Monitor,North,Sales_Person_2,12,15000.0,180000.0,108000.0,72000.0,2025-12,2025Q4,2025
2025-12-29 00:02:46.093452,Mosue,East,Sales_Person_6,1,,,,,2025-12,2025Q4,2025
2025-12-29 00:02:46.093452,Monitor,South,Sales_Person_2,14,15000.0,210000.0,126000.0,84000.0,2025-12,2025Q4,2025
2025-12-30 00:02:46.093452,Keyboard,East,Sales_Person_3,8,2000.0,16000.0,9600.0,6400.0,2025-12,2025Q4,2025
2025-12-30 00:02:46.093452,Laptop,Central,Sales_Person_8,10,50000.0,500000.0,300000.0,200000.0,2025-12,2025Q4,2025
2025-12-30 00:02:46.093452,Headphone,Central,Sales_Person_7,7,,,,,2025-12,2025Q4,2025
2025-12-30 00:02:46.093452,Keyboard,South,Sales_Person_1,13,2000.0,26000.0,15600.0,10400.0,2025-12,2025Q4,2025
2025-12-30 00:02:46.093452,Keyboard,West,Sales_Person_6,4,2000.0,8000.0,4800.0,3200.0,2025-12,2025Q4,2025
2025-12-30 00:02:46.093452,Keyboard,North,Sales_Person_2,15,2000.0,30000.0,18000.0,12000.0,2025-12,2025Q4,2025
2025-12-30 00:02:46.093452,Monitor,North,Sales_Person_7,9,15000.0,135000.0,81000.0,54000.0,2025-12,2025Q4,2025
2025-12-30 00:02:46.093452,Desktop,South,Sales_Person_6,1,40000.0,40000.0,24000.0,16000.0,2025-12,2025Q4,2025
2025-12-31 00:02:46.093452,Desktop,South,Sales_Person_1,19,40000.0,760000.0,456000.0,304000.0,2025-12,2025Q4,2025
2025-12-31 00:02:46.093452,Headphone,Central,Sales_Person_1,17,,,,,2025-12,2025Q4,2025
2025-12-31 00:02:46.093452,Desktop,East,Sales_Person_6,7,40000.0,280000.0,168000.0,112000.0,2025-12,2025Q4,2025
2025-12-31 00:02:46.093452,Keyboard,North,Sales_Person_5,1,2000.0,2000.0,1200.0,800.0,2025-12,2025Q4,2025
2025-12-31 00:02:46.093452,Mosue,North,Sales_Person_6,3,,,,,2025-12,2025Q4,2025
2026-01-01 00:02:46.093452,Keyboard,East,Sales_Person_9,7,2000.0,14000.0,8400.0,5600.0,2026-01,2026Q1,2026
2026-01-01 00:02:46.093452,Monitor,South,Sales_Person_6,3,15000.0,45000.0,27000.0,18000.0,2026-01,2026Q1,2026
2026-01-01 00:02:46.093452,Desktop,West,Sales_Person_2,11,40000.0,440000.0,264000.0,176000.0,2026-01,2026Q1,2026
2026-01-01 00:02:46.093452,Desktop,North,Sales_Person_5,11,40000.0,440000.0,264000.0,176000.0,2026-01,2026Q1,2026
2026-01-02 00:02:46.093452,Headphone,South,Sales_Person_9,11,,,,,2026-01,2026Q1,2026
2026-01-02 00:02:46.093452,Mosue,South,Sales_Person_5,19,,,,,2026-01,2026Q1,2026
2026-01-02 00:02:46.093452,Mosue,North,Sales_Person_4,1,,,,,2026-01,2026Q1,2026
2026-01-02 00:02:46.093452,Monitor,North,Sales_Person_7,19,15000.0,285000.0,171000.0,114000.0,2026-01,2026Q1,2026
2026-01-02 00:02:46.093452,Keyboard,South,Sales_Person_3,15,2000.0,30000.0,18000.0,12000.0,2026-01,2026Q1,2026
2026-01-02 00:02:46.093452,Keyboard,South,Sales_Person_5,16,2000.0,32000.0,19200.0,12800.0,2026-01,2026Q1,2026
2026-01-02 00:02:46.093452,Desktop,West,Sales_Person_7,4,40000.0,160000.0,96000.0,64000.0,2026-01,2026Q1,2026
2026-01-02 00:02:46.093452,Monitor,North,Sales_Person_1,4,15000.0,60000.0,36000.0,24000.0,2026-01,2026Q1,2026
2026-01-03 00:02:46.093452,Keyboard,West,Sales_Person_2,17,2000.0,34000.0,20400.0,13600.0,2026-01,2026Q1,2026
2026-01-03 00:02:46.093452,Mosue,North,Sales_Person_9,5,,,,,2026-01,2026Q1,2026
2026-01-03 00:02:46.093452,Keyboard,East,Sales_Person_6,2,2000.0,4000.0,2400.0,1600.0,2026-01,2026Q1,2026
2026-01-03 00:02:46.093452,Desktop,South,Sales_Person_6,1,40000.0,40000.0,24000.0,16000.0,2026-01,2026Q1,2026
2026-01-03 00:02:46.093452,Monitor,East,Sales_Person_3,3,15000.0,45000.0,27000.0,18000.0,2026-01,2026Q1,2026
2026-01-04 00:02:46.093452,Monitor,West,Sales_Person_5,6,15000.0,90000.0,54000.0,36000.0,2026-01,2026Q1,2026
2026-01-04 00:02:46.093452,Laptop,East,Sales_Person_10,11,50000.0,550000.0,330000.0,220000.0,2026-01,2026Q1,2026
2026-01-04 00:02:46.093452,Laptop,South,Sales_Person_4,19,50000.0,950000.0,570000.0,380000.0,2026-01,2026Q1,2026
2026-01-04 00:02:46.093452,Monitor,East,Sales_Person_2,9,15000.0,135000.0,81000.0,54000.0,2026-01,2026Q1,2026
2026-01-04 00:02:46.093452,Keyboard,East,Sales_Person_5,8,2000.0,16000.0,9600.0,6400.0,2026-01,2026Q1,2026
2026-01-04 00:02:46.093452,Keyboard,East,Sales_Person_10,10,2000.0,20000.0,12000.0,8000.0,2026-01,2026Q1,2026
2026-01-04 00:02:46.093452,Monitor,Central,Sales_Person_8,17,15000.0,255000.0,153000.0,102000.0,2026-01,2026Q1,2026
2026-01-04 00:02:46.093452,Keyboard,Central,Sales_Person_4,15,2000.0,30000.0,18000.0,12000.0,2026-01,2026Q1,2026
2026-01-04 00:02:46.093452,Laptop,West,Sales_Person_7,19,50000.0,950000.0,570000.0,380000.0,2026-01,2026Q1,2026
2026-01-04 00:02:46.093452,Keyboard,West,Sales_Person_4,2,2000.0,4000.0,2400.0,1600.0,2026-01,2026Q1,2026
2026-01-04 00:02:46.093452,Keyboard,East,Sales_Person_8,2,2000.0,4000.0,2400.0,1600.0,2026-01,2026Q1,2026
2026-01-04 00:02:46.093452,Mosue,West,Sales_Person_4,17,,,,,2026-01,2026Q1,2026
2026-01-05 00:02:46.093452,Headphone,East,Sales_Person_6,2,,,,,2026-01,2026Q1,2026
2026-01-05 00:02:46.093452,Laptop,North,Sales_Person_10,16,50000.0,800000.0,480000.0,320000.0,2026-01,2026Q1,2026
2026-01-05 00:02:46.093452,Mosue,Central,Sales_Person_1,7,,,,,2026-01,2026Q1,2026
2026-01-05 00:02:46.093452,Monitor,Central,Sales_Person_3,9,15000.0,135000.0,81000.0,54000.0,2026-01,2026Q1,2026
2026-01-05 00:02:46.093452,Headphone,South,Sales_Person_2,5,,,,,2026-01,2026Q1,2026
2026-01-05 00:02:46.093452,Keyboard,South,Sales_Person_7,19,2000.0,38000.0,22800.0,15200.0,2026-01,2026Q1,2026
2026-01-05 00:02:46.093452,Monitor,East,Sales_Person_5,3,15000.0,45000.0,27000.0,18000.0,2026-01,2026Q1,2026
2026-01-05 00:02:46.093452,Monitor,North,Sales_Person_1,2,15000.0,30000.0,18000.0,12000.0,2026-01,2026Q1,2026
2026-01-06 00:02:46.093452,Laptop,North,Sales_Person_8,7,50000.0,350000.0,210000.0,140000.0,2026-01,2026Q1,2026
2026-01-06 00:02:46.093452,Laptop,West,Sales_Person_5,2,50000.0,100000.0,60000.0,40000.0,2026-01,2026Q1,2026
2026-01-06 00:02:46.093452,Keyboard,Central,Sales_Person_2,11,2000.0,22000.0,13200.0,8800.0,2026-01,2026Q1,2026
2026-01-06 00:02:46.093452,Mosue,West,Sales_Person_3,5,,,,,2026-01,2026Q1,2026
2026-01-06 00:02:46.093452,Desktop,West,Sales_Person_5,2,40000.0,80000.0,48000.0,32000.0,2026-01,2026Q1,2026
2026-01-06 00:02:46.093452,Headphone,West,Sales_Person_4,4,,,,,2026-01,2026Q1,2026
2026-01-06 00:02:46.093452,Desktop,South,Sales_Person_10,14,40000.0,560000.0,336000.0,224000.0,2026-01,2026Q1,2026
2026-01-07 00:02:46.093452,Headphone,South,Sales_Person_6,6,,,,,2026-01,2026Q1,2026
2026-01-07 00:02:46.093452,Monitor,East,Sales_Person_3,7,15000.0,105000.0,63000.0,42000.0,2026-01,2026Q1,2026
2026-01-07 00:02:46.093452,Monitor,West,Sales_Person_1,17,15000.0,255000.0,153000.0,102000.0,2026-01,2026Q1,2026
2026-01-07 00:02:46.093452,Headphone,West,Sales_Person_3,10,,,,,2026-01,2026Q1,2026
2026-01-08 00:02:46.093452,Desktop,East,Sales_Person_6,8,40000.0,320000.0,192000.0,128000.0,2026-01,2026Q1,2026
2026-01-08 00:02:46.093452,Mosue,North,Sales_Person_5,4,,,,,2026-01,2026Q1,2026
2026-01-08 00:02:46.093452,Headphone,East,Sales_Person_6,10,,,,,2026-01,2026Q1,2026
2026-01-09 00:02:46.093452,Headphone,West,Sales_Person_6,8,,,,,2026-01,2026Q1,2026
2026-01-09 00:02:46.093452,Keyboard,West,Sales_Person_8,16,2000.0,32000.0,19200.0,12800.0,2026-01,2026Q1,2026
2026-01-09 00:02:46.093452,Desktop,East,Sales_Person_10,2,40000.0,80000.0,48000.0,32000.0,2026-01,2026Q1,2026
2026-01-09 00:02:46.093452,Mosue,East,Sales_Person_10,14,,,,,2026-01,2026Q1,2026
2026-01-09 00:02:46.093452,Monitor,East,Sales_Person_2,11,15000.0,165000.0,99000.0,66000.0,2026-01,2026Q1,2026
2026-01-09 00:02:46.093452,Keyboard,South,Sales_Person_6,9,2000.0,18000.0,10800.0,7200.0,2026-01,2026Q1,2026
2026-01-10 00:02:46.093452,Keyboard,North,Sales_Person_3,10,2000.0,20000.0,12000.0,8000.0,2026-01,2026Q1,2026
2026-01-10 00:02:46.093452,Headphone,West,Sales_Person_2,1,,,,,2026-01,2026Q1,2026
2026-01-10 00:02:46.093452,Headphone,Central,Sales_Person_5,19,,,,,2026-01,2026Q1,2026
2026-01-10 00:02:46.093452,Desktop,North,Sales_Person_1,19,40000.0,760000.0,456000.0,304000.0,2026-01,2026Q1,2026
2026-01-10 00:02:46.093452,Desktop,West,Sales_Person_7,2,40000.0,80000.0,48000.0,32000.0,2026-01,2026Q1,2026
2026-01-10 00:02:46.093452,Monitor,South,Sales_Person_1,6,15000.0,90000.0,54000.0,36000.0,2026-01,2026Q1,2026
2026-01-11 00:02:46.093452,Laptop,Central,Sales_Person_1,8,50000.0,400000.0,240000.0,160000.0,2026-01,2026Q1,2026
2026-01-11 00:02:46.093452,Laptop,East,Sales_Person_2,9,50000.0,450000.0,270000.0,180000.0,2026-01,2026Q1,2026
2026-01-11 00:02:46.093452,Keyboard,North,Sales_Person_7,9,2000.0,18000.0,10800.0,7200.0,2026-01,2026Q1,2026
2026-01-11 00:02:46.093452,Laptop,Central,Sales_Person_6,15,50000.0,750000.0,450000.0,300000.0,2026-01,2026Q1,2026
2026-01-12 00:02:46.093452,Mosue,East,Sales_Person_7,16,,,,,2026-01,2026Q1,2026
2026-01-12 00:02:46.093452,Desktop,North,Sales_Person_4,16,40000.0,640000.0,384000.0,256000.0,2026-01,2026Q1,2026
2026-01-12 00:02:46.093452,Desktop,Central,Sales_Person_6,1,40000.0,40000.0,24000.0,16000.0,2026-01,2026Q1,2026
2026-01-12 00:02:46.093452,Monitor,North,Sales_Person_6,18,15000.0,270000.0,162000.0,108000.0,2026-01,2026Q1,2026
2026-01-12 00:02:46.093452,Mosue,South,Sales_Person_6,3,,,,,2026-01,2026Q1,2026
2026-01-12 00:02:46.093452,Headphone,Central,Sales_Person_6,6,,,,,2026-01,2026Q1,2026
2026-01-12 00:02:46.093452,Mosue,North,Sales_Person_7,4,,,,,2026-01,2026Q1,2026
2026-01-13 00:02:46.093452,Monitor,West,Sales_Person_1,3,15000.0,45000.0,27000.0,18000.0,2026-01,2026Q1,2026
2026-01-13 00:02:46.093452,Keyboard,North,Sales_Person_8,4,2000.0,8000.0,4800.0,3200.0,2026-01,2026Q1,2026
2026-01-13 00:02:46.093452,Mosue,South,Sales_Person_10,19,,,,,2026-01,2026Q1,2026
2026-01-13 00:02:46.093452,Headphone,Central,Sales_Person_1,3,,,,,2026-01,2026Q1,2026
2026-01-14 00:02:46.093452,Laptop,Central,Sales_Person_9,15,50000.0,750000.0,450000.0,300000.0,2026-01,2026Q1,2026
2026-01-14 00:02:46.093452,Laptop,South,Sales_Person_7,15,50000.0,750000.0,450000.0,300000.0,2026-01,2026Q1,2026
2026-01-14 00:02:46.093452,Monitor,West,Sales_Person_9,4,15000.0,60000.0,36000.0,24000.0,2026-01,2026Q1,2026
2026-01-14 00:02:46.093452,Keyboard,West,Sales_Person_10,4,2000.0,8000.0,4800.0,3200.0,2026-01,2026Q1,2026
2026-01-14 00:02:46.093452,Monitor,South,Sales_Person_9,3,15000.0,45000.0,27000.0,18000.0,2026-01,2026Q1,2026
2026-01-14 00:02:46.093452,Mosue,East,Sales_Person_3,13,,,,,2026-01,2026Q1,2026
2026-01-14 00:02:46.093452,Headphone,Central,Sales_Person_9,9,,,,,2026-01,2026Q1,2026
2026-01-14 00:02:46.093452,Desktop,South,Sales_Person_7,7,40000.0,280000.0,168000.0,112000.0,2026-01,2026Q1,2026
2026-01-15 00:02:46.093452,Desktop,West,Sales_Person_10,11,40000.0,440000.0,264000.0,176000.0,2026-01,2026Q1,2026
2026-01-15 00:02:46.093452,Laptop,East,Sales_Person_8,15,50000.0,750000.0,450000.0,300000.0,2026-01,2026Q1,2026
2026-01-15 00:02:46.093452,Headphone,West,Sales_Person_10,4,,,,,2026-01,2026Q1,2026
2026-01-16 00:02:46.093452,Mosue,West,Sales_Person_3,11,,,,,2026-01,2026Q1,2026
2026-01-16 00:02:46.093452,Keyboard,Central,Sales_Person_6,18,2000.0,36000.0,21600.0,14400.0,2026-01,2026Q1,2026
2026-01-16 00:02:46.093452,Laptop,West,Sales_Person_3,6,50000.0,300000.0,180000.0,120000.0,2026-01,2026Q1,2026
2026-01-16 00:02:46.093452,Headphone,West,Sales_Person_7,1,,,,,2026-01,2026Q1,2026
2026-01-16 00:02:46.093452,Headphone,West,Sales_Person_10,8,,,,,2026-01,2026Q1,2026
2026-01-16 00:02:46.093452,Mosue,Central,Sales_Person_7,12,,,,,2026-01,2026Q1,2026
2026-01-16 00:02:46.093452,Monitor,North,Sales_Person_3,15,15000.0,225000.0,135000.0,90000.0,2026-01,2026Q1,2026
2026-01-16 00:02:46.093452,Mosue,Central,Sales_Person_2,19,,,,,2026-01,2026Q1,2026
2026-01-17 00:02:46.093452,Desktop,West,Sales_Person_2,15,40000.0,600000.0,360000.0,240000.0,2026-01,2026Q1,2026
2026-01-17 00:02:46.093452,Mosue,Central,Sales_Person_7,15,,,,,2026-01,2026Q1,2026
2026-01-17 00:02:46.093452,Mosue,South,Sales_Person_9,10,,,,,2026-01,2026Q1,2026
2026-01-17 00:02:46.093452,Monitor,East,Sales_Person_6,18,15000.0,270000.0,162000.0,108000.0,2026-01,2026Q1,2026
2026-01-18 00:02:46.093452,Laptop,Central,Sales_Person_10,11,50000.0,550000.0,330000.0,220000.0,2026-01,2026Q1,2026
2026-01-18 00:02:46.093452,Keyboard,South,Sales_Person_6,10,2000.0,20000.0,12000.0,8000.0,2026-01,2026Q1,2026
2026-01-18 00:02:46.093452,Mosue,North,Sales_Person_8,4,,,,,2026-01,2026Q1,2026
2026-01-18 00:02:46.093452,Headphone,North,Sales_Person_9,6,,,,,2026-01,2026Q1,2026
2026-01-19 00:02:46.093452,Laptop,Central,Sales_Person_6,13,50000.0,650000.0,390000.0,260000.0,2026-01,2026Q1,2026
2026-01-19 00:02:46.093452,Desktop,East,Sales_Person_8,8,40000.0,320000.0,192000.0,128000.0,2026-01,2026Q1,2026
2026-01-20 00:02:46.093452,Laptop,West,Sales_Person_10,9,50000.0,450000.0,270000.0,180000.0,2026-01,2026Q1,2026
2026-01-20 00:02:46.093452,Monitor,Central,Sales_Person_3,8,15000.0,120000.0,72000.0,48000.0,2026-01,2026Q1,2026
2026-01-21 00:02:46.093452,Headphone,North,Sales_Person_6,19,,,,,2026-01,2026Q1,2026
2026-01-21 00:02:46.093452,Mosue,North,Sales_Person_2,3,,,,,2026-01,2026Q1,2026
2026-01-21 00:02:46.093452,Desktop,North,Sales_Person_10,10,40000.0,400000.0,240000.0,160000.0,2026-01,2026Q1,2026
2026-01-21 00:02:46.093452,Desktop,West,Sales_Person_10,6,40000.0,240000.0,144000.0,96000.0,2026-01,2026Q1,2026
2026-01-21 00:02:46.093452,Monitor,East,Sales_Person_5,12,15000.0,180000.0,108000.0,72000.0,2026-01,2026Q1,2026
2026-01-21 00:02:46.093452,Keyboard,West,Sales_Person_8,14,2000.0,28000.0,16800.0,11200.0,2026-01,2026Q1,2026
2026-01-21 00:02:46.093452,Mosue,West,Sales_Person_8,15,,,,,2026-01,2026Q1,2026
2026-01-22 00:02:46.093452,Mosue,West,Sales_Person_8,18,,,,,2026-01,2026Q1,2026
2026-01-22 00:02:46.093452,Laptop,Central,Sales_Person_4,3,50000.0,150000.0,90000.0,60000.0,2026-01,2026Q1,2026
2026-01-22 00:02:46.093452,Mosue,West,Sales_Person_7,5,,,,,2026-01,2026Q1,2026
2026-01-23 00:02:46.093452,Headphone,Central,Sales_Person_3,12,,,,,2026-01,2026Q1,2026
2026-01-23 00:02:46.093452,Mosue,South,Sales_Person_3,4,,,,,2026-01,2026Q1,2026
2026-01-23 00:02:46.093452,Headphone,East,Sales_Person_10,15,,,,,2026-01,2026Q1,2026
2026-01-23 00:02:46.093452,Monitor,Central,Sales_Person_7,1,15000.0,15000.0,9000.0,6000.0,2026-01,2026Q1,2026
2026-01-23 00:02:46.093452,Keyboard,Central,Sales_Person_3,4,2000.0,8000.0,4800.0,3200.0,2026-01,2026Q1,2026
2026-01-24 00:02:46.093452,Headphone,West,Sales_Person_2,14,,,,,2026-01,2026Q1,2026
2026-01-24 00:02:46.093452,Keyboard,Central,Sales_Person_8,10,2000.0,20000.0,12000.0,8000.0,2026-01,2026Q1,2026
2026-01-24 00:02:46.093452,Laptop,South,Sales_Person_3,9,50000.0,450000.0,270000.0,180000.0,2026-01,2026Q1,2026
2026-01-24 00:02:46.093452,Headphone,East,Sales_Person_1,4,,,,,2026-01,2026Q1,2026
2026-01-24 00:02:46.093452,Keyboard,Central,Sales_Person_4,4,2000.0,8000.0,4800.0,3200.0,2026-01,2026Q1,2026
2026-01-24 00:02:46.093452,Desktop,South,Sales_Person_4,11,40000.0,440000.0,264000.0,176000.0,2026-01,2026Q1,2026
2026-01-25 00:02:46.093452,Desktop,West,Sales_Person_9,7,40000.0,280000.0,168000.0,112000.0,2026-01,2026Q1,2026
2026-01-25 00:02:46.093452,Desktop,South,Sales_Person_1,7,40000.0,280000.0,168000.0,112000.0,2026-01,2026Q1,2026
2026-01-25 00:02:46.093452,Mosue,Central,Sales_Person_1,6,,,,,2026-01,2026Q1,2026
2026-01-25 00:02:46.093452,Laptop,West,Sales_Person_8,5,50000.0,250000.0,150000.0,100000.0,2026-01,2026Q1,2026
2026-01-26 00:02:46.093452,Headphone,East,Sales_Person_7,13,,,,,2026-01,2026Q1,2026
2026-01-26 00:02:46.093452,Headphone,South,Sales_Person_5,11,,,,,2026-01,2026Q1,2026
2026-01-26 00:02:46.093452,Laptop,West,Sales_Person_5,10,50000.0,500000.0,300000.0,200000.0,2026-01,2026Q1,2026
2026-01-26 00:02:46.093452,Keyboard,West,Sales_Person_2,15,2000.0,30000.0,18000.0,12000.0,2026-01,2026Q1,2026
2026-01-26 00:02:46.093452,Mosue,Central,Sales_Person_9,18,,,,,2026-01,2026Q1,2026
2026-01-26 00:02:46.093452,Laptop,East,Sales_Person_6,15,50000.0,750000.0,450000.0,300000.0,2026-01,2026Q1,2026
2026-01-26 00:02:46.093452,Laptop,East,Sales_Person_2,6,50000.0,300000.0,180000.0,120000.0,2026-01,2026Q1,2026
2026-01-27 00:02:46.093452,Monitor,Central,Sales_Person_2,11,15000.0,165000.0,99000.0,66000.0,2026-01,2026Q1,2026
2026-01-27 00:02:46.093452,Mosue,West,Sales_Person_7,18,,,,,2026-01,2026Q1,2026
2026-01-27 00:02:46.093452,Laptop,North,Sales_Person_10,11,50000.0,550000.0,330000.0,220000.0,2026-01,2026Q1,2026
2026-01-27 00:02:46.093452,Monitor,Central,Sales_Person_7,7,15000.0,105000.0,63000.0,42000.0,2026-01,2026Q1,2026
2026-01-28 00:02:46.093452,Headphone,North,Sales_Person_9,12,,,,,2026-01,2026Q1,2026
2026-01-28 00:02:46.093452,Headphone,East,Sales_Person_1,18,,,,,2026-01,2026Q1,2026
2026-01-28 00:02:46.093452,Headphone,Central,Sales_Person_8,9,,,,,2026-01,2026Q1,2026
2026-01-28 00:02:46.093452,Monitor,North,Sales_Person_9,11,15000.0,165000.0,99000.0,66000.0,2026-01,2026Q1,2026
2026-01-28 00:02:46.093452,Monitor,South,Sales_Person_9,5,15000.0,75000.0,45000.0,30000.0,2026-01,2026Q1,2026
2026-01-28 00:02:46.093452,Desktop,North,Sales_Person_5,16,40000.0,640000.0,384000.0,256000.0,2026-01,2026Q1,2026
2026-01-28 00:02:46.093452,Laptop,South,Sales_Person_4,15,50000.0,750000.0,450000.0,300000.0,2026-01,2026Q1,2026
2026-01-28 00:02:46.093452,Laptop,East,Sales_Person_3,5,50000.0,250000.0,150000.0,100000.0,2026-01,2026Q1,2026
2026-01-28 00:02:46.093452,Desktop,West,Sales_Person_4,14,40000.0,560000.0,336000.0,224000.0,2026-01,2026Q1,2026
2026-01-29 00:02:46.093452,Keyboard,South,Sales_Person_8,4,2000.0,8000.0,4800.0,3200.0,2026-01,2026Q1,2026
2026-01-30 00:02:46.093452,Monitor,West,Sales_Person_3,10,15000.0,150000.0,90000.0,60000.0,2026-01,2026Q1,2026
2026-01-30 00:02:46.093452,Laptop,South,Sales_Person_9,18,50000.0,900000.0,540000.0,360000.0,2026-01,2026Q1,2026
2026-01-30 00:02:46.093452,Headphone,West,Sales_Person_5,2,,,,,2026-01,2026Q1,2026
2026-01-30 00:02:46.093452,Headphone,West,Sales_Person_1,10,,,,,2026-01,2026Q1,2026
2026-01-30 00:02:46.093452,Keyboard,North,Sales_Person_10,11,2000.0,22000.0,13200.0,8800.0,2026-01,2026Q1,2026
2026-01-30 00:02:46.093452,Monitor,West,Sales_Person_6,2,15000.0,30000.0,18000.0,12000.0,2026-01,2026Q1,2026
2026-01-30 00:02:46.093452,Desktop,Central,Sales_Person_2,13,40000.0,520000.0,312000.0,208000.0,2026-01,2026Q1,2026
2026-01-31 00:02:46.093452,Headphone,South,Sales_Person_4,17,,,,,2026-01,2026Q1,2026
2026-01-31 00:02:46.093452,Keyboard,South,Sales_Person_7,3,2000.0,6000.0,3600.0,2400.0,2026-01,2026Q1,2026
2026-01-31 00:02:46.093452,Headphone,South,Sales_Person_10,12,,,,,2026-01,2026Q1,2026
2026-01-31 00:02:46.093452,Mosue,East,Sales_Person_3,5,,,,,2026-01,2026Q1,2026
2026-02-01 00:02:46.093452,Keyboard,East,Sales_Person_10,6,2000.0,12000.0,7200.0,4800.0,2026-02,2026Q1,2026
2026-02-01 00:02:46.093452,Keyboard,Central,Sales_Person_5,18,2000.0,36000.0,21600.0,14400.0,2026-02,2026Q1,2026
2026-02-01 00:02:46.093452,Mosue,West,Sales_Person_4,5,,,,,2026-02,2026Q1,2026
2026-02-01 00:02:46.093452,Headphone,South,Sales_Person_5,8,,,,,2026-02,2026Q1,2026
2026-02-01 00:02:46.093452,Laptop,North,Sales_Person_10,16,50000.0,800000.0,480000.0,320000.0,2026-02,2026Q1,2026
2026-02-01 00:02:46.093452,Desktop,Central,Sales_Person_3,11,40000.0,440000.0,264000.0,176000.0,2026-02,2026Q1,2026
2026-02-01 00:02:46.093452,Headphone,North,Sales_Person_6,8,,,,,2026-02,2026Q1,2026
2026-02-01 00:02:46.093452,Monitor,East,Sales_Person_1,16,15000.0,240000.0,144000.0,96000.0,2026-02,2026Q1,2026
2026-02-01 00:02:46.093452,Headphone,Central,Sales_Person_6,10,,,,,2026-02,2026Q1,2026
2026-02-02 00:02:46.093452,Desktop,North,Sales_Person_6,6,40000.0,240000.0,144000.0,96000.0,2026-02,2026Q1,2026
2026-02-02 00:02:46.093452,Headphone,South,Sales_Person_2,13,,,,,2026-02,2026Q1,2026
2026-02-02 00:02:46.093452,Monitor,East,Sales_Person_2,1,15000.0,15000.0,9000.0,6000.0,2026-02,2026Q1,2026
2026-02-03 00:02:46.093452,Laptop,South,Sales_Person_8,1,50000.0,50000.0,30000.0,20000.0,2026-02,2026Q1,2026
2026-02-03 00:02:46.093452,Mosue,East,Sales_Person_10,2,,,,,2026-02,2026Q1,2026
2026-02-03 00:02:46.093452,Mosue,East,Sales_Person_3,18,,,,,2026-02,2026Q1,2026
2026-02-03 00:02:46.093452,Monitor,Central,Sales_Person_7,16,15000.0,240000.0,144000.0,96000.0,2026-02,2026Q1,2026
2026-02-03 00:02:46.093452,Monitor,North,Sales_Person_4,1,15000.0,15000.0,9000.0,6000.0,2026-02,2026Q1,2026
2026-02-04 00:02:46.093452,Monitor,West,Sales_Person_8,7,15000.0,105000.0,63000.0,42000.0,2026-02,2026Q1,2026
2026-02-04 00:02:46.093452,Mosue,East,Sales_Person_2,11,,,,,2026-02,2026Q1,2026
2026-02-04 00:02:46.093452,Keyboard,Central,Sales_Person_2,16,2000.0,32000.0,19200.0,12800.0,2026-02,2026Q1,2026
2026-02-04 00:02:46.093452,Mosue,West,Sales_Person_2,5,,,,,2026-02,2026Q1,2026
2026-02-04 00:02:46.093452,Headphone,East,Sales_Person_6,15,,,,,2026-02,2026Q1,2026
2026-02-04 00:02:46.093452,Mosue,Central,Sales_Person_10,17,,,,,2026-02,2026Q1,2026
2026-02-04 00:02:46.093452,Laptop,Central,Sales_Person_5,18,50000.0,900000.0,540000.0,360000.0,2026-02,2026Q1,2026
2026-02-04 00:02:46.093452,Monitor,East,Sales_Person_4,4,15000.0,60000.0,36000.0,24000.0,2026-02,2026Q1,2026
2026-02-04 00:02:46.093452,Laptop,Central,Sales_Person_1,19,50000.0,950000.0,570000.0,380000.0,2026-02,2026Q1,2026
2026-02-04 00:02:46.093452,Laptop,North,Sales_Person_9,19,50000.0,950000.0,570000.0,380000.0,2026-02,2026Q1,2026
2026-02-04 00:02:46.093452,Desktop,East,Sales_Person_7,5,40000.0,200000.0,120000.0,80000.0,2026-02,2026Q1,2026
2026-02-05 00:02:46.093452,Desktop,Central,Sales_Person_10,10,40000.0,400000.0,240000.0,160000.0,2026-02,2026Q1,2026
2026-02-05 00:02:46.093452,Laptop,South,Sales_Person_10,17,50000.0,850000.0,510000.0,340000.0,2026-02,2026Q1,2026
2026-02-05 00:02:46.093452,Laptop,West,Sales_Person_8,8,50000.0,400000.0,240000.0,160000.0,2026-02,2026Q1,2026
2026-02-05 00:02:46.093452,Monitor,North,Sales_Person_8,19,15000.0,285000.0,171000.0,114000.0,2026-02,2026Q1,2026
2026-02-05 00:02:46.093452,Laptop,Central,Sales_Person_10,1,50000.0,50000.0,30000.0,20000.0,2026-02,2026Q1,2026
2026-02-05 00:02:46.093452,Desktop,South,Sales_Person_6,5,40000.0,200000.0,120000.0,80000.0,2026-02,2026Q1,2026
2026-02-06 00:02:46.093452,Headphone,West,Sales_Person_1,12,,,,,2026-02,2026Q1,2026
2026-02-06 00:02:46.093452,Keyboard,South,Sales_Person_4,5,2000.0,10000.0,6000.0,4000.0,2026-02,2026Q1,2026
2026-02-07 00:02:46.093452,Monitor,North,Sales_Person_5,6,15000.0,90000.0,54000.0,36000.0,2026-02,2026Q1,2026
2026-02-07 00:02:46.093452,Keyboard,North,Sales_Person_9,5,2000.0,10000.0,6000.0,4000.0,2026-02,2026Q1,2026
2026-02-07 00:02:46.093452,Keyboard,East,Sales_Person_6,8,2000.0,16000.0,9600.0,6400.0,2026-02,2026Q1,2026
2026-02-07 00:02:46.093452,Desktop,Central,Sales_Person_2,13,40000.0,520000.0,312000.0,208000.0,2026-02,2026Q1,2026
2026-02-07 00:02:46.093452,Desktop,Central,Sales_Person_9,3,40000.0,120000.0,72000.0,48000.0,2026-02,2026Q1,2026
2026-02-08 00:02:46.093452,Mosue,South,Sales_Person_1,15,,,,,2026-02,2026Q1,2026
2026-02-08 00:02:46.093452,Headphone,Central,Sales_Person_5,14,,,,,2026-02,2026Q1,2026
2026-02-08 00:02:46.093452,Keyboard,West,Sales_Person_10,5,2000.0,10000.0,6000.0,4000.0,2026-02,2026Q1,2026
2026-02-08 00:02:46.093452,Monitor,East,Sales_Person_10,17,15000.0,255000.0,153000.0,102000.0,2026-02,2026Q1,2026
2026-02-08 00:02:46.093452,Mosue,South,Sales_Person_9,15,,,,,2026-02,2026Q1,2026
2026-02-09 00:02:46.093452,Keyboard,East,Sales_Person_5,1,2000.0,2000.0,1200.0,800.0,2026-02,2026Q1,2026
2026-02-09 00:02:46.093452,Desktop,Central,Sales_Person_1,15,40000.0,600000.0,360000.0,240000.0,2026-02,2026Q1,2026
2026-02-09 00:02:46.093452,Laptop,North,Sales_Person_9,7,50000.0,350000.0,210000.0,140000.0,2026-02,2026Q1,2026
2026-02-09 00:02:46.093452,Monitor,South,Sales_Person_5,11,15000.0,165000.0,99000.0,66000.0,2026-02,2026Q1,2026
2026-02-09 00:02:46.093452,Laptop,North,Sales_Person_10,17,50000.0,850000.0,510000.0,340000.0,2026-02,2026Q1,2026
2026-02-10 00:02:46.093452,Headphone,East,Sales_Person_10,9,,,,,2026-02,2026Q1,2026
2026-02-10 00:02:46.093452,Mosue,East,Sales_Person_6,2,,,,,2026-02,2026Q1,2026
2026-02-10 00:02:46.093452,Laptop,South,Sales_Person_7,1,50000.0,50000.0,30000.0,20000.0,2026-02,2026Q1,2026
2026-02-10 00:02:46.093452,Desktop,South,Sales_Person_3,2,40000.0,80000.0,48000.0,32000.0,2026-02,2026Q1,2026
2026-02-10 00:02:46.093452,Headphone,East,Sales_Person_9,14,,,,,2026-02,2026Q1,2026
2026-02-10 00:02:46.093452,Laptop,East,Sales_Person_6,14,50000.0,700000.0,420000.0,280000.0,2026-02,2026Q1,2026
2026-02-11 00:02:46.093452,Desktop,South,Sales_Person_2,4,40000.0,160000.0,96000.0,64000.0,2026-02,2026Q1,2026
2026-02-11 00:02:46.093452,Laptop,South,Sales_Person_7,10,50000.0,500000.0,300000.0,200000.0,2026-02,2026Q1,2026
2026-02-11 00:02:46.093452,Monitor,South,Sales_Person_7,4,15000.0,60000.0,36000.0,24000.0,2026-02,2026Q1,2026
2026-02-11 00:02:46.093452,Monitor,West,Sales_Person_2,16,15000.0,240000.0,144000.0,96000.0,2026-02,2026Q1,2026
2026-02-11 00:02:46.093452,Laptop,South,Sales_Person_7,1,50000.0,50000.0,30000.0,20000.0,2026-02,2026Q1,2026
2026-02-11 00:02:46.093452,Monitor,West,Sales_Person_6,1,15000.0,15000.0,9000.0,6000.0,2026-02,2026Q1,2026
2026-02-12 00:02:46.093452,Desktop,Central,Sales_Person_10,2,40000.0,80000.0,48000.0,32000.0,2026-02,2026Q1,2026
2026-02-12 00:02:46.093452,Keyboard,East,Sales_Person_5,10,2000.0,20000.0,12000.0,8000.0,2026-02,2026Q1,2026
2026-02-12 00:02:46.093452,Mosue,West,Sales_Person_9,9,,,,,2026-02,2026Q1,2026
2026-02-12 00:02:46.093452,Desktop,North,Sales_Person_9,12,40000.0,480000.0,288000.0,192000.0,2026-02,2026Q1,2026
2026-02-12 00:02:46.093452,Laptop,East,Sales_Person_6,17,50000.0,850000.0,510000.0,340000.0,2026-02,2026Q1,2026
2026-02-13 00:02:46.093452,Headphone,Central,Sales_Person_9,12,,,,,2026-02,2026Q1,2026
2026-02-13 00:02:46.093452,Headphone,Central,Sales_Person_4,19,,,,,2026-02,2026Q1,2026
2026-02-14 00:02:46.093452,Laptop,South,Sales_Person_6,9,50000.0,450000.0,270000.0,180000.0,2026-02,2026Q1,2026
2026-02-14 00:02:46.093452,Mosue,North,Sales_Person_2,9,,,,,2026-02,2026Q1,2026
2026-02-14 00:02:46.093452,Monitor,West,Sales_Person_10,1,15000.0,15000.0,9000.0,6000.0,2026-02,2026Q1,2026
2026-02-14 00:02:46.093452,Laptop,North,Sales_Person_1,15,50000.0,750000.0,450000.0,300000.0,2026-02,2026Q1,2026
2026-02-14 00:02:46.093452,Desktop,West,Sales_Person_9,14,40000.0,560000.0,336000.0,224000.0,2026-02,2026Q1,2026
2026-02-14 00:02:46.093452,Keyboard,West,Sales_Person_4,9,2000.0,18000.0,10800.0,7200.0,2026-02,2026Q1,2026
2026-02-14 00:02:46.093452,Monitor,Central,Sales_Person_7,8,15000.0,120000.0,72000.0,48000.0,2026-02,2026Q1,2026
2026-02-15 00:02:46.093452,Mosue,Central,Sales_Person_2,11,,,,,2026-02,2026Q1,2026
2026-02-15 00:02:46.093452,Keyboard,West,Sales_Person_9,19,2000.0,38000.0,22800.0,15200.0,2026-02,2026Q1,2026
2026-02-15 00:02:46.093452,Mosue,East,Sales_Person_3,16,,,,,2026-02,2026Q1,2026
2026-02-15 00:02:46.093452,Mosue,West,Sales_Person_9,10,,,,,2026-02,2026Q1,2026
2026-02-15 00:02:46.093452,Mosue,West,Sales_Person_3,12,,,,,2026-02,2026Q1,2026
2026-02-15 00:02:46.093452,Mosue,Central,Sales_Person_7,4,,,,,2026-02,2026Q1,2026
2026-02-15 00:02:46.093452,Desktop,Central,Sales_Person_6,8,40000.0,320000.0,192000.0,128000.0,2026-02,2026Q1,2026
2026-02-15 00:02:46.093452,Monitor,North,Sales_Person_1,10,15000.0,150000.0,90000.0,60000.0,2026-02,2026Q1,2026
2026-02-15 00:02:46.093452,Laptop,West,Sales_Person_9,2,50000.0,100000.0,60000.0,40000.0,2026-02,2026Q1,2026
2026-02-15 00:02:46.093452,Headphone,Central,Sales_Person_5,8,,,,,2026-02,2026Q1,2026
2026-02-16 00:02:46.093452,Desktop,Central,Sales_Person_2,6,40000.0,240000.0,144000.0,96000.0,2026-02,2026Q1,2026
2026-02-16 00:02:46.093452,Monitor,South,Sales_Person_2,8,15000.0,120000.0,72000.0,48000.0,2026-02,2026Q1,2026
2026-02-16 00:02:46.093452,Headphone,North,Sales_Person_7,12,,,,,2026-02,2026Q1,2026
2026-02-16 00:02:46.093452,Mosue,Central,Sales_Person_3,10,,,,,2026-02,2026Q1,2026
2026-02-16 00:02:46.093452,Monitor,East,Sales_Person_6,2,15000.0,30000.0,18000.0,12000.0,2026-02,2026Q1,2026
2026-02-16 00:02:46.093452,Laptop,South,Sales_Person_5,7,50000.0,350000.0,210000.0,140000.0,2026-02,2026Q1,2026
2026-02-17 00:02:46.093452,Laptop,West,Sales_Person_3,6,50000.0,300000.0,180000.0,120000.0,2026-02,2026Q1,2026
2026-02-17 00:02:46.093452,Laptop,South,Sales_Person_9,19,50000.0,950000.0,570000.0,380000.0,2026-02,2026Q1,2026
2026-02-18 00:02:46.093452,Desktop,West,Sales_Person_6,10,40000.0,400000.0,240000.0,160000.0,2026-02,2026Q1,2026
2026-02-18 00:02:46.093452,Headphone,East,Sales_Person_6,11,,,,,2026-02,2026Q1,2026
2026-02-18 00:02:46.093452,Headphone,East,Sales_Person_4,9,,,,,2026-02,2026Q1,2026
2026-02-18 00:02:46.093452,Laptop,East,Sales_Person_1,11,50000.0,550000.0,330000.0,220000.0,2026-02,2026Q1,2026
2026-02-18 00:02:46.093452,Monitor,East,Sales_Person_10,1,15000.0,15000.0,9000.0,6000.0,2026-02,2026Q1,2026
2026-02-19 00:02:46.093452,Desktop,Central,Sales_Person_3,13,40000.0,520000.0,312000.0,208000.0,2026-02,2026Q1,2026
2026-02-19 00:02:46.093452,Laptop,South,Sales_Person_1,10,50000.0,500000.0,300000.0,200000.0,2026-02,2026Q1,2026
2026-02-19 00:02:46.093452,Monitor,South,Sales_Person_10,10,15000.0,150000.0,90000.0,60000.0,2026-02,2026Q1,2026
2026-02-19 00:02:46.093452,Desktop,North,Sales_Person_4,4,40000.0,160000.0,96000.0,64000.0,2026-02,2026Q1,2026
2026-02-19 00:02:46.093452,Keyboard,North,Sales_Person_7,7,2000.0,14000.0,8400.0,5600.0,2026-02,2026Q1,2026
2026-02-19 00:02:46.093452,Keyboard,South,Sales_Person_5,8,2000.0,16000.0,9600.0,6400.0,2026-02,2026Q1,2026
2026-02-20 00:02:46.093452,Desktop,East,Sales_Person_7,19,40000.0,760000.0,456000.0,304000.0,2026-02,2026Q1,2026
2026-02-20 00:02:46.093452,Monitor,East,Sales_Person_6,3,15000.0,45000.0,27000.0,18000.0,2026-02,2026Q1,2026
2026-02-20 00:02:46.093452,Laptop,East,Sales_Person_5,13,50000.0,650000.0,390000.0,260000.0,2026-02,2026Q1,2026
2026-02-20 00:02:46.093452,Mosue,South,Sales_Person_6,15,,,,,2026-02,2026Q1,2026
2026-02-20 00:02:46.093452,Mosue,North,Sales_Person_9,3,,,,,2026-02,2026Q1,2026
2026-02-20 00:02:46.093452,Mosue,North,Sales_Person_3,16,,,,,2026-02,2026Q1,2026
2026-02-20 00:02:46.093452,Desktop,West,Sales_Person_7,17,40000.0,680000.0,408000.0,272000.0,2026-02,2026Q1,2026
2026-02-20 00:02:46.093452,Headphone,West,Sales_Person_6,10,,,,,2026-02,2026Q1,2026
2026-02-20 00:02:46.093452,Desktop,South,Sales_Person_2,15,40000.0,600000.0,360000.0,240000.0,2026-02,2026Q1,2026
2026-02-20 00:02:46.093452,Desktop,South,Sales_Person_9,1,40000.0,40000.0,24000.0,16000.0,2026-02,2026Q1,2026
2026-02-21 00:02:46.093452,Keyboard,Central,Sales_Person_3,3,2000.0,6000.0,3600.0,2400.0,2026-02,2026Q1,2026
2026-02-21 00:02:46.093452,Mosue,Central,Sales_Person_9,13,,,,,2026-02,2026Q1,2026
2026-02-21 00:02:46.093452,Desktop,West,Sales_Person_3,6,40000.0,240000.0,144000.0,96000.0,2026-02,2026Q1,2026
2026-02-21 00:02:46.093452,Headphone,Central,Sales_Person_6,7,,,,,2026-02,2026Q1,2026
2026-02-21 00:02:46.093452,Desktop,South,Sales_Person_9,6,40000.0,240000.0,144000.0,96000.0,2026-02,2026Q1,2026
